{
  "semantic_metrics": {
    "Total_Precision": {
      "mean": 0.8852061438965239,
      "std": 0.0,
      "median": 0.8852061438965239
    },
    "Total_Recall": {
      "mean": 0.7166230366492147,
      "std": 0.0,
      "median": 0.7166230366492147
    },
    "Total_F1": {
      "mean": 0.7920433996383363,
      "std": 0.0,
      "median": 0.7920433996383363
    },
    "P@1": {
      "mean": 0.98,
      "std": 0.13999999999999999,
      "median": 1.0
    },
    "R@1": {
      "mean": 0.03205986590038314,
      "std": 0.004826936087544811,
      "median": 0.03333333333333333
    },
    "F1@1": {
      "mean": 0.06208434576176512,
      "std": 0.009316983366416452,
      "median": 0.06451612903225806
    },
    "P@5": {
      "mean": 0.8360000000000001,
      "std": 0.202741214359587,
      "median": 0.9
    },
    "R@5": {
      "mean": 0.13067911877394633,
      "std": 0.03745321098852864,
      "median": 0.12916666666666665
    },
    "F1@5": {
      "mean": 0.22521369664093605,
      "std": 0.06320138765519513,
      "median": 0.2223938223938224
    },
    "P@10": {
      "mean": 0.8611428571428573,
      "std": 0.16225553039220925,
      "median": 0.9
    },
    "R@10": {
      "mean": 0.26070146871008937,
      "std": 0.07529089290426051,
      "median": 0.28125
    },
    "F1@10": {
      "mean": 0.3956611625295784,
      "std": 0.10822741934113815,
      "median": 0.4285714285714286
    },
    "P@20": {
      "mean": 0.8526516290726814,
      "std": 0.14089283645514364,
      "median": 0.8785714285714286
    },
    "R@20": {
      "mean": 0.49330268199233723,
      "std": 0.15576852746322048,
      "median": 0.5625
    },
    "F1@20": {
      "mean": 0.6078616946259368,
      "std": 0.17657334641038935,
      "median": 0.68
    },
    "P@50": {
      "mean": 0.8651448886866308,
      "std": 0.1464521191722733,
      "median": 0.9141414141414141
    },
    "R@50": {
      "mean": 0.7066497445721587,
      "std": 0.28514688587616105,
      "median": 0.7
    },
    "F1@50": {
      "mean": 0.7439223317204974,
      "std": 0.2530118747764295,
      "median": 0.7636363636363636
    }
  },
  "deepjoin_metrics": {
    "Total_Precision": {
      "mean": 0.8703870387038704,
      "std": 0.0,
      "median": 0.8703870387038704
    },
    "Total_Recall": {
      "mean": 0.6328534031413613,
      "std": 0.0,
      "median": 0.6328534031413613
    },
    "Total_F1": {
      "mean": 0.7328533535430086,
      "std": 0.0,
      "median": 0.7328533535430086
    },
    "P@1": {
      "mean": 0.9,
      "std": 0.3,
      "median": 1.0
    },
    "R@1": {
      "mean": 0.029319125159642398,
      "std": 0.009870243386091975,
      "median": 0.03125
    },
    "F1@1": {
      "mean": 0.0567848065912582,
      "std": 0.019104377442485082,
      "median": 0.06060606060606061
    },
    "P@5": {
      "mean": 0.872,
      "std": 0.2425201022595859,
      "median": 1.0
    },
    "R@5": {
      "mean": 0.1421333014048531,
      "std": 0.037810218237550486,
      "median": 0.15625
    },
    "F1@5": {
      "mean": 0.24435805132863955,
      "std": 0.06532483634491447,
      "median": 0.2702702702702703
    },
    "P@10": {
      "mean": 0.8939999999999999,
      "std": 0.22218010712032704,
      "median": 1.0
    },
    "R@10": {
      "mean": 0.28585871647509575,
      "std": 0.07486708143500422,
      "median": 0.3125
    },
    "F1@10": {
      "mean": 0.4322857194962458,
      "std": 0.1116338209982516,
      "median": 0.47619047619047616
    },
    "P@20": {
      "mean": 0.867093567251462,
      "std": 0.20867368083121066,
      "median": 0.95
    },
    "R@20": {
      "mean": 0.5330927522349936,
      "std": 0.16141469185166807,
      "median": 0.59375
    },
    "F1@20": {
      "mean": 0.653727614795284,
      "std": 0.18560296272268298,
      "median": 0.7217021276595745
    },
    "P@50": {
      "mean": 0.8313612477400261,
      "std": 0.19679707341156694,
      "median": 0.875
    },
    "R@50": {
      "mean": 0.629249840357599,
      "std": 0.22029654518864,
      "median": 0.7
    },
    "F1@50": {
      "mean": 0.7032515519250265,
      "std": 0.21360992587379427,
      "median": 0.7735042735042734
    }
  },
  "comparison": {
    "Total_Precision": {
      "semantic": 0.8852061438965239,
      "deepjoin": 0.8703870387038704,
      "improvement": 0.014819105192653503
    },
    "Total_Recall": {
      "semantic": 0.7166230366492147,
      "deepjoin": 0.6328534031413613,
      "improvement": 0.08376963350785338
    },
    "Total_F1": {
      "semantic": 0.7920433996383363,
      "deepjoin": 0.7328533535430086,
      "improvement": 0.05919004609532763
    },
    "P@1": {
      "semantic": 0.98,
      "deepjoin": 0.9,
      "improvement": 0.07999999999999996
    },
    "R@1": {
      "semantic": 0.03205986590038314,
      "deepjoin": 0.029319125159642398,
      "improvement": 0.002740740740740745
    },
    "F1@1": {
      "semantic": 0.06208434576176512,
      "deepjoin": 0.0567848065912582,
      "improvement": 0.00529953917050692
    },
    "P@5": {
      "semantic": 0.8360000000000001,
      "deepjoin": 0.872,
      "improvement": -0.03599999999999992
    },
    "R@5": {
      "semantic": 0.13067911877394633,
      "deepjoin": 0.1421333014048531,
      "improvement": -0.011454182630906778
    },
    "F1@5": {
      "semantic": 0.22521369664093605,
      "deepjoin": 0.24435805132863955,
      "improvement": -0.019144354687703508
    },
    "P@10": {
      "semantic": 0.8611428571428573,
      "deepjoin": 0.8939999999999999,
      "improvement": -0.032857142857142585
    },
    "R@10": {
      "semantic": 0.26070146871008937,
      "deepjoin": 0.28585871647509575,
      "improvement": -0.025157247765006385
    },
    "F1@10": {
      "semantic": 0.3956611625295784,
      "deepjoin": 0.4322857194962458,
      "improvement": -0.03662455696666739
    },
    "P@20": {
      "semantic": 0.8526516290726814,
      "deepjoin": 0.867093567251462,
      "improvement": -0.014441938178780589
    },
    "R@20": {
      "semantic": 0.49330268199233723,
      "deepjoin": 0.5330927522349936,
      "improvement": -0.039790070242656406
    },
    "F1@20": {
      "semantic": 0.6078616946259368,
      "deepjoin": 0.653727614795284,
      "improvement": -0.04586592016934721
    },
    "P@50": {
      "semantic": 0.8651448886866308,
      "deepjoin": 0.8313612477400261,
      "improvement": 0.03378364094660469
    },
    "R@50": {
      "semantic": 0.7066497445721587,
      "deepjoin": 0.629249840357599,
      "improvement": 0.07739990421455967
    },
    "F1@50": {
      "semantic": 0.7439223317204974,
      "deepjoin": 0.7032515519250265,
      "improvement": 0.040670779795470846
    }
  }
}