{
  "semantic_metrics": {
    "Total_Precision": {
      "mean": 0.8155619596541787,
      "std": 0.0,
      "median": 0.8155619596541787
    },
    "Total_Recall": {
      "mean": 0.7408376963350786,
      "std": 0.0,
      "median": 0.7408376963350786
    },
    "Total_F1": {
      "mean": 0.7764060356652949,
      "std": 0.0,
      "median": 0.7764060356652949
    },
    "P@1": {
      "mean": 0.94,
      "std": 0.2374868417407584,
      "median": 1.0
    },
    "R@1": {
      "mean": 0.030578384418901663,
      "std": 0.007824770627587125,
      "median": 0.03333333333333333
    },
    "F1@1": {
      "mean": 0.05922720290462226,
      "std": 0.015143611562574048,
      "median": 0.06451612903225806
    },
    "P@5": {
      "mean": 0.8173333333333334,
      "std": 0.20989309448171733,
      "median": 0.8
    },
    "R@5": {
      "mean": 0.12868837803320562,
      "std": 0.03791817342412831,
      "median": 0.12916666666666665
    },
    "F1@5": {
      "mean": 0.22170958045578537,
      "std": 0.06427422390119124,
      "median": 0.2223938223938224
    },
    "P@10": {
      "mean": 0.8418095238095238,
      "std": 0.1662178719403571,
      "median": 0.9
    },
    "R@10": {
      "mean": 0.2573449872286079,
      "std": 0.07417485301123636,
      "median": 0.28125
    },
    "F1@10": {
      "mean": 0.39041544970577235,
      "std": 0.10730400511853232,
      "median": 0.4285714285714286
    },
    "P@20": {
      "mean": 0.8048182957393483,
      "std": 0.13536388198357197,
      "median": 0.8
    },
    "R@20": {
      "mean": 0.47296008939974454,
      "std": 0.15108555715299124,
      "median": 0.53125
    },
    "F1@20": {
      "mean": 0.5809522155426583,
      "std": 0.16933938722721664,
      "median": 0.64
    },
    "P@50": {
      "mean": 0.8031832103324222,
      "std": 0.13529098081477117,
      "median": 0.8378378378378378
    },
    "R@50": {
      "mean": 0.7314134738186462,
      "std": 0.28793551061890343,
      "median": 0.7833333333333334
    },
    "F1@50": {
      "mean": 0.7300693290544814,
      "std": 0.23849675766853687,
      "median": 0.7899159663865545
    }
  },
  "deepjoin_metrics": {
    "Total_Precision": {
      "mean": 0.8703870387038704,
      "std": 0.0,
      "median": 0.8703870387038704
    },
    "Total_Recall": {
      "mean": 0.6328534031413613,
      "std": 0.0,
      "median": 0.6328534031413613
    },
    "Total_F1": {
      "mean": 0.7328533535430086,
      "std": 0.0,
      "median": 0.7328533535430086
    },
    "P@1": {
      "mean": 0.9,
      "std": 0.3,
      "median": 1.0
    },
    "R@1": {
      "mean": 0.029319125159642398,
      "std": 0.009870243386091975,
      "median": 0.03125
    },
    "F1@1": {
      "mean": 0.0567848065912582,
      "std": 0.019104377442485082,
      "median": 0.06060606060606061
    },
    "P@5": {
      "mean": 0.872,
      "std": 0.2425201022595859,
      "median": 1.0
    },
    "R@5": {
      "mean": 0.1421333014048531,
      "std": 0.037810218237550486,
      "median": 0.15625
    },
    "F1@5": {
      "mean": 0.24435805132863955,
      "std": 0.06532483634491447,
      "median": 0.2702702702702703
    },
    "P@10": {
      "mean": 0.8939999999999999,
      "std": 0.22218010712032704,
      "median": 1.0
    },
    "R@10": {
      "mean": 0.28585871647509575,
      "std": 0.07486708143500422,
      "median": 0.3125
    },
    "F1@10": {
      "mean": 0.4322857194962458,
      "std": 0.1116338209982516,
      "median": 0.47619047619047616
    },
    "P@20": {
      "mean": 0.867093567251462,
      "std": 0.20867368083121066,
      "median": 0.95
    },
    "R@20": {
      "mean": 0.5330927522349936,
      "std": 0.16141469185166807,
      "median": 0.59375
    },
    "F1@20": {
      "mean": 0.653727614795284,
      "std": 0.18560296272268298,
      "median": 0.7217021276595745
    },
    "P@50": {
      "mean": 0.8313612477400261,
      "std": 0.19679707341156694,
      "median": 0.875
    },
    "R@50": {
      "mean": 0.629249840357599,
      "std": 0.22029654518864,
      "median": 0.7
    },
    "F1@50": {
      "mean": 0.7032515519250265,
      "std": 0.21360992587379427,
      "median": 0.7735042735042734
    }
  },
  "comparison": {
    "Total_Precision": {
      "semantic": 0.8155619596541787,
      "deepjoin": 0.8703870387038704,
      "improvement": -0.054825079049691694
    },
    "Total_Recall": {
      "semantic": 0.7408376963350786,
      "deepjoin": 0.6328534031413613,
      "improvement": 0.10798429319371727
    },
    "Total_F1": {
      "semantic": 0.7764060356652949,
      "deepjoin": 0.7328533535430086,
      "improvement": 0.043552682122286246
    },
    "P@1": {
      "semantic": 0.94,
      "deepjoin": 0.9,
      "improvement": 0.039999999999999925
    },
    "R@1": {
      "semantic": 0.030578384418901663,
      "deepjoin": 0.029319125159642398,
      "improvement": 0.0012592592592592655
    },
    "F1@1": {
      "semantic": 0.05922720290462226,
      "deepjoin": 0.0567848065912582,
      "improvement": 0.0024423963133640564
    },
    "P@5": {
      "semantic": 0.8173333333333334,
      "deepjoin": 0.872,
      "improvement": -0.05466666666666664
    },
    "R@5": {
      "semantic": 0.12868837803320562,
      "deepjoin": 0.1421333014048531,
      "improvement": -0.013444923371647488
    },
    "F1@5": {
      "semantic": 0.22170958045578537,
      "deepjoin": 0.24435805132863955,
      "improvement": -0.02264847087285418
    },
    "P@10": {
      "semantic": 0.8418095238095238,
      "deepjoin": 0.8939999999999999,
      "improvement": -0.05219047619047612
    },
    "R@10": {
      "semantic": 0.2573449872286079,
      "deepjoin": 0.28585871647509575,
      "improvement": -0.028513729246487873
    },
    "F1@10": {
      "semantic": 0.39041544970577235,
      "deepjoin": 0.4322857194962458,
      "improvement": -0.041870269790473424
    },
    "P@20": {
      "semantic": 0.8048182957393483,
      "deepjoin": 0.867093567251462,
      "improvement": -0.06227527151211376
    },
    "R@20": {
      "semantic": 0.47296008939974454,
      "deepjoin": 0.5330927522349936,
      "improvement": -0.060132662835249096
    },
    "F1@20": {
      "semantic": 0.5809522155426583,
      "deepjoin": 0.653727614795284,
      "improvement": -0.07277539925262566
    },
    "P@50": {
      "semantic": 0.8031832103324222,
      "deepjoin": 0.8313612477400261,
      "improvement": -0.02817803740760383
    },
    "R@50": {
      "semantic": 0.7314134738186462,
      "deepjoin": 0.629249840357599,
      "improvement": 0.10216363346104718
    },
    "F1@50": {
      "semantic": 0.7300693290544814,
      "deepjoin": 0.7032515519250265,
      "improvement": 0.02681777712945488
    }
  }
}