{
  "Average_Precision": {
    "mean": 0.1111111111111111,
    "std": 0.0,
    "median": 0.1111111111111111
  },
  "Average_Recall": {
    "mean": 1.0,
    "std": 0.0,
    "median": 1.0
  },
  "Average_F1": {
    "mean": 0.19999999999999996,
    "std": 2.7755575615628914e-17,
    "median": 0.19999999999999998
  },
  "Avg_Pred_Count": {
    "mean": 9.0,
    "std": 0.0,
    "median": 9.0
  },
  "P@1": {
    "mean": 0.68,
    "std": 0.46647615158762407,
    "median": 1.0
  },
  "R@1": {
    "mean": 0.68,
    "std": 0.46647615158762407,
    "median": 1.0
  },
  "F1@1": {
    "mean": 0.68,
    "std": 0.46647615158762407,
    "median": 1.0
  },
  "Hits@1": {
    "mean": 0.68,
    "std": 0.46647615158762407,
    "median": 1.0
  },
  "P@3": {
    "mean": 0.29333333333333333,
    "std": 0.10832051206181283,
    "median": 0.3333333333333333
  },
  "R@3": {
    "mean": 0.88,
    "std": 0.3249615361854384,
    "median": 1.0
  },
  "F1@3": {
    "mean": 0.44,
    "std": 0.1624807680927192,
    "median": 0.5
  },
  "Hits@3": {
    "mean": 0.88,
    "std": 0.3249615361854384,
    "median": 1.0
  },
  "P@5": {
    "mean": 0.19199999999999995,
    "std": 0.03919183588453085,
    "median": 0.2
  },
  "R@5": {
    "mean": 0.96,
    "std": 0.19595917942265428,
    "median": 1.0
  },
  "F1@5": {
    "mean": 0.32000000000000006,
    "std": 0.06531972647421809,
    "median": 0.33333333333333337
  },
  "Hits@5": {
    "mean": 0.96,
    "std": 0.19595917942265428,
    "median": 1.0
  },
  "P@10": {
    "mean": 0.1111111111111111,
    "std": 0.0,
    "median": 0.1111111111111111
  },
  "R@10": {
    "mean": 1.0,
    "std": 0.0,
    "median": 1.0
  },
  "F1@10": {
    "mean": 0.19999999999999996,
    "std": 2.7755575615628914e-17,
    "median": 0.19999999999999998
  },
  "Hits@10": {
    "mean": 1.0,
    "std": 0.0,
    "median": 1.0
  },
  "P@GT_Size": {
    "mean": 0.68,
    "std": 0.46647615158762407,
    "median": 1.0
  },
  "R@GT_Size": {
    "mean": 0.68,
    "std": 0.46647615158762407,
    "median": 1.0
  },
  "F1@GT_Size": {
    "mean": 0.68,
    "std": 0.46647615158762407,
    "median": 1.0
  },
  "Avg_GT_Size": {
    "mean": 1.0,
    "std": 0.0,
    "median": 1.0
  }
}