benchmark,query_table,query_column,candidate_table,candidate_column,query_unique_values,candidate_unique_values,joinability,analysis,retrieval_methods,gemini_2_5_pro_confidence,gpt_5_5_confidence,gemini_3_5_flash_confidence,mean_confidence,median_confidence,min_confidence,experts_ge_0_7,all_experts_ge_0_7,majority_experts_ge_0_7,gemini_2_5_pro_reason,gpt_5_5_reason,gemini_3_5_flash_reason,human-reviewed
autofj-wdc,Tournament_left.csv,title,target_017343.csv,title,"[""2002 FIFA World Cup"", ""1930 FIFA World Cup"", ""1934 FIFA World Cup"", ""1938 FIFA World Cup"", ""1950 FIFA World Cup"", ""1954 FIFA World Cup"", ""1958 FIFA World Cup"", ""1962 FIFA World Cup"", ""1966 FIFA World Cup"", ""2002 US Open (tennis)"", ""Ryder Cup"", ""1998 FIFA World Cup"", ""1994 FIFA World Cup"", ""Masters Tournament"", ""1970 FIFA World Cup"", ""1978 FIFA World Cup"", ""1974 FIFA World Cup"", ""1982 FIFA World Cup"", ""1990 FIFA World Cup"", ""2006 FIFA World Cup"", ""1986 FIFA World Cup"", ""2010 FIFA World Cup"", ""The Open Championship"", ""U.S. Open (golf)"", ""PGA Championship"", ""LPGA Championship"", ""BMW Championship (PGA Tour)"", ""2003 FIFA Women's World Cup"", ""1995 FIFA Women's World Cup"", ""1991 FIFA Women's World Cup"", ""1999 FIFA Women's World Cup"", ""UEFA Euro 2004"", ""Farmers Insurance Open"", ""UEFA Euro 2000"", ""UEFA Euro 1996"", ""UEFA Euro 1992"", ""UEFA Euro 1988"", ""UEFA Euro 1984"", ""UEFA Euro 1980"", ""UEFA Euro 1976"", ""UEFA Euro 1972"", ""UEFA Euro 1968"", ""2014 FIFA World Cup"", ""UEFA Euro 2008"", ""2007 FIFA Women's World Cup"", ""Football at the 2004 Summer Olympics"", ""Youdan Cup"", ""2004 AFC Asian Cup"", ""1937 South American Championship"", ""AT&T Pebble Beach National Pro-Am"", ""1992 AFC Asian Cup"", ""1916 South American Championship"", ""1917 South American Championship"", ""1919 South American Championship"", ""1956 AFC Asian Cup"", ""1960 AFC Asian Cup"", ""1964 AFC Asian Cup"", ""1968 AFC Asian Cup"", ""1988 AFC Asian Cup"", ""1996 AFC Asian Cup"", ""2000 AFC Asian Cup"", ""Hopman Cup"", ""1960 European Nations' Cup"", ""1964 European Nations' Cup""]","[""World Cup"", ""European Cup"", ""Copa America"", ""Asian Nations Cup"", ""Confederations Cup"", ""World Club Championship"", ""European Champions Laegue"", ""EURO Cup"", ""European Super Cup"", ""Copa Libertadores"", ""Copa Sudamericana"", ""South American Recopa"", ""Asian Champions League"", ""English Premier League"", ""English FA Cup"", ""English League Cup"", ""English Community Shield"", ""Scottish First League"", ""Scottish Cup"", ""Scottish League Cup"", ""Brazilian First League"", ""Brazil State Championship"", ""Brazilian Cup"", ""Australian A-League"", ""Welsh League"", ""Welsh Cup"", ""Welsh League Cup"", ""Belgian First League"", ""Belgian Cup"", ""Belgian League Cup"", ""Portuguese First League"", ""Portuguese Cup"", ""Portuguese League Cup"", ""Portuguese Super Cup"", ""French First League"", ""French Cup"", ""French League Cup"", ""French Supercup"", ""Dutch First League"", ""Dutch Cup"", ""Dutch Supercup"", ""Spanish First League"", ""Spanish Cup"", ""Spanish Supercup"", ""Italian First League"", ""Italian Cup"", ""Italian Supercup""]",semantic,"The query column contains specific tournament instances with years, which can be mapped to the generic tournament names in the candidate column.",semsketch,1.0000,0.9400,0.9000,0.9467,0.9400,0.9000,3,True,True,"The query column contains specific tournament instances with years, which can be mapped to the generic tournament names in the candidate column.",Year-specific tournament titles can be normalized to generic tournament names.,Specific tournament editions with years in the query column can be semantically mapped to their corresponding generic tournament names in the candidate column.,
autofj-wdc,Award_left.csv,title,target_027638.csv,title,"[""Academy Award"", ""Academy Award for Best Production Design"", ""Major League Baseball Most Valuable Player Award"", ""Major League Baseball Rookie of the Year Award"", ""Man Booker Prize"", ""Cy Young Award"", ""Fields Medal"", ""FIFA World Cup Trophy"", ""John von Neumann Theory Prize"", ""Nobel Prize"", ""Nevanlinna Prize"", ""Philip K. Dick Award"", ""Prometheus Award"", ""Pulitzer Prize"", ""Turing Award"", ""Grammy Award"", ""Grammy Award for Song of the Year"", ""Nobel Prize in Physics"", ""Nobel Prize in Physiology or Medicine"", ""Pritzker Architecture Prize"", ""Tony Award"", ""Academy Award for Best Picture"", ""Academy Award for Best Foreign Language Film"", ""Academy Award for Best Makeup and Hairstyling"", ""Academy Award for Best Animated Feature"", ""Academy Award for Best Supporting Actress"", ""Academy Award for Best Live Action Short Film"", ""Academy Award for Best Cinematography"", ""Academy Award for Best Animated Short Film"", ""Academy Award for Best Visual Effects"", ""Academy Award for Best Writing (Adapted Screenplay)"", ""Scotiabank Giller Prize"", ""Commonwealth Writers"", ""Academy Award for Best Director"", ""Academy Award for Best Costume Design"", ""Academy Award for Best Documentary Feature"", ""National Book Award"", ""Prix Goncourt"", ""Right Livelihood Award"", ""Academy Award for Best Film Editing"", ""Juno Award"", ""Academy Award for Best Original Score"", ""Peabody Award"", ""National Medal of Science"", ""Mercury Prize"", ""Golden Globe Award"", ""Academy Juvenile Award"", ""Enrico Fermi Award"", ""2002 Grammy Awards"", ""British Academy Film Awards"", ""Emmy Award"", ""Abel Prize"", ""GMA Dove Award"", ""National Gardens Scheme"", ""1971 Grammy Awards"", ""Academy Award for Best Sound Editing"", ""Academy Award for Best Documentary (Short Subject)"", ""1978 Grammy Awards"", ""1977 Grammy Awards"", ""1976 Grammy Awards"", ""2003 Grammy Awards"", ""Grammy Award for Best Comedy Album"", ""Golden Globe Award for Best Director"", ""1980 Grammy Awards""]","[""Emmy Nominations 2015 Dream .."", ""Tony Awards 2015"", ""Critics Choice TV Awards 2015"", ""Game of Thones #5.08 'Hardho.."", ""Billboard Music Awards 2015"", ""Tony Awards Nominations 2015"", ""Oscars 2014"", ""Indie Spirit Awards 2014"", ""Costume Designers Guild Awar.."", ""MPSE Golden Reel Awards 2014"", ""American Society of Cinemato.."", ""Make-Up & Hair Stylists Awar.."", ""CAS Awards 2014"", ""Writers Guild Awards 2014"", ""Grammy Awards 2014"", ""BAFTA Film Awards 2014"", ""Directors Guild Awards 2014"", ""VES Awards 2014"", ""Art Directors Guild Awards 2.."", ""ACE Eddie Awards 2014"", ""SAG Awards (TV) 2014"", ""SAG Awards (Film) 2014"", ""Producers Guild Awards 2014"", ""Critics Choice Awards 2014"", ""Oscars 2014 Nominations"", ""Directors Guild Awards Nomin.."", ""Golden Globes (TV) 2014"", ""Golden Globes (Film) 2014"", ""Producers Guild Awards Nomin.."", ""Critics Choice Awards Nomina.."", ""Golden Globes (TV) Nominatio.."", ""Golden Globes (Film) Nominat.."", ""SAG Awards (TV) Nominations .."", ""SAG Awards (Film) Nomination.."", ""Los Angeles Film Critics Awa.."", ""Grammy Nominations 2014"", ""Emmy Awards 2014"", ""TCA Awards 2014"", ""Emmy Awards Nominations 2014"", ""Emmy Nominations 2014 Dream .."", ""Tony Awards 2014"", ""Oscars 2013"", ""Independent Spirit Awards 2013"", ""CAS Awards 2013"", ""CDG Awards 2013"", ""MPSE Golden Reel Awards 2013"", ""BAFTA Film Awards 2013"", ""VES Awards 2013"", ""ADG Awards 2013"", ""WGA Awards 2013"", ""ASC Awards 2013"", ""Grammy Awards 2013"", ""DGA Awards 2013"", ""PGA Awards 2013"", ""SAG Awards (TV) 2013"", ""SAG Awards (Film) 2013"", ""Critics Choice Awards 2013"", ""Oscars 2013 Nominations"", ""Golden Globes (TV) 2013"", ""Golden Globes (Film) 2013"", ""Grammy Nominations 2013"", ""Emmy Awards 2013"", ""Emmys 2013 Dream Ballot"", ""TCA Awards 2013""]",semantic,The query column lists general award names that can be semantically mapped to the specific award events with years in the candidate column.,semsketch,1.0000,0.8000,0.9000,0.9000,0.9000,0.8000,3,True,True,The query column lists general award names that can be semantically mapped to the specific award events with years in the candidate column.,"Award families map to dated award events, despite some noisy titles.","Both columns contain award names, where the candidate column lists specific annual award events that can be semantically mapped to the canonical award titles in the query column.",
autofj-wdc,Award_left.csv,title,target_056966.csv,title,"[""Academy Award"", ""Academy Award for Best Production Design"", ""Major League Baseball Most Valuable Player Award"", ""Major League Baseball Rookie of the Year Award"", ""Man Booker Prize"", ""Cy Young Award"", ""Fields Medal"", ""FIFA World Cup Trophy"", ""John von Neumann Theory Prize"", ""Nobel Prize"", ""Nevanlinna Prize"", ""Philip K. Dick Award"", ""Prometheus Award"", ""Pulitzer Prize"", ""Turing Award"", ""Grammy Award"", ""Grammy Award for Song of the Year"", ""Nobel Prize in Physics"", ""Nobel Prize in Physiology or Medicine"", ""Pritzker Architecture Prize"", ""Tony Award"", ""Academy Award for Best Picture"", ""Academy Award for Best Foreign Language Film"", ""Academy Award for Best Makeup and Hairstyling"", ""Academy Award for Best Animated Feature"", ""Academy Award for Best Supporting Actress"", ""Academy Award for Best Live Action Short Film"", ""Academy Award for Best Cinematography"", ""Academy Award for Best Animated Short Film"", ""Academy Award for Best Visual Effects"", ""Academy Award for Best Writing (Adapted Screenplay)"", ""Scotiabank Giller Prize"", ""Commonwealth Writers"", ""Academy Award for Best Director"", ""Academy Award for Best Costume Design"", ""Academy Award for Best Documentary Feature"", ""National Book Award"", ""Prix Goncourt"", ""Right Livelihood Award"", ""Academy Award for Best Film Editing"", ""Juno Award"", ""Academy Award for Best Original Score"", ""Peabody Award"", ""National Medal of Science"", ""Mercury Prize"", ""Golden Globe Award"", ""Academy Juvenile Award"", ""Enrico Fermi Award"", ""2002 Grammy Awards"", ""British Academy Film Awards"", ""Emmy Award"", ""Abel Prize"", ""GMA Dove Award"", ""National Gardens Scheme"", ""1971 Grammy Awards"", ""Academy Award for Best Sound Editing"", ""Academy Award for Best Documentary (Short Subject)"", ""1978 Grammy Awards"", ""1977 Grammy Awards"", ""1976 Grammy Awards"", ""2003 Grammy Awards"", ""Grammy Award for Best Comedy Album"", ""Golden Globe Award for Best Director"", ""1980 Grammy Awards""]","[""Emmy Nominations 2015 Dream .."", ""Critics Choice TV Awards 2015"", ""Survivor #30.09 'Livin' On t.."", ""Survivor #30.06 'Odd Woman O.."", ""Oscars 2014"", ""Indie Spirit Awards 2014"", ""Oscars 2014 Dream Ballot"", ""SAG Awards (Film) 2014"", ""SAG Awards (TV) 2014"", ""Critics Choice Awards 2014"", ""Oscars 2014 Nominations"", ""Directors Guild Awards Nomin.."", ""Golden Globes (TV) 2014"", ""Golden Globes (Film) 2014"", ""Producers Guild Awards Nomin.."", ""Critics Choice Awards Nomina.."", ""Golden Globes (Film) Nominat.."", ""Golden Globes (TV) Nominatio.."", ""SAG Awards (TV) Nominations .."", ""SAG Awards (Film) Nomination.."", ""Los Angeles Film Critics Awa.."", ""Emmy Awards 2014"", ""Emmys Dream Ballot 2014"", ""TCA Awards 2014"", ""Emmy Awards Nominations 2014"", ""Emmy Nominations 2014 Dream .."", ""Critics Choice TV Awards 2014"", ""Tony Awards 2014"", ""Tony Awards Nominations 2014"", ""Oscars 2013"", ""Razzie Awards 2013"", ""Independent Spirit Awards 2013"", ""Oscars 2013 Dream Ballot"", ""CDG Awards 2013"", ""CAS Awards 2013"", ""MPSE Golden Reel Awards 2013"", ""BAFTA Film Awards 2013"", ""VES Awards 2013"", ""ADG Awards 2013"", ""ACE Eddie Awards 2013"", ""ASC Awards 2013"", ""WGA Awards 2013"", ""DGA Awards 2013"", ""PGA Awards 2013"", ""SAG Awards (TV) 2013"", ""SAG Awards (Film) 2013"", ""Critics Choice Awards 2013"", ""Oscars 2013 Nominations"", ""Razzie Awards Nominations 2013"", ""Golden Globes (TV) 2013"", ""Golden Globes (Film) 2013"", ""National Board of Review Awa.."", ""New York Film Critics Awards.."", ""Grammy Nominations 2013"", ""Emmy Awards 2013"", ""Emmys 2013 Dream Ballot"", ""TCA Awards 2013"", ""Emmy Awards Nominations 2013"", ""Tony Awards 2013"", ""Tony Award Nominations 2013"", ""MTV Movie Awards 2013"", ""Oscars 2012"", ""Razzie Awards 2012"", ""Independent Spirit Awards 2012""]",semantic,The query column lists general award names that can be semantically mapped to the specific award events with years in the candidate column.,semsketch,1.0000,0.7600,0.9000,0.8867,0.9000,0.7600,3,True,True,The query column lists general award names that can be semantically mapped to the specific award events with years in the candidate column.,"Award families map to dated award events, but several candidate titles are noisy.","The columns can be semantically joined by mapping general award names to specific award event instances, accounting for synonyms like Academy Awards/Oscars and removing year suffixes.",
autofj-wdc,SoccerTournament_left.csv,title,target_017343.csv,title,"[""2002 FIFA World Cup"", ""1930 FIFA World Cup"", ""1934 FIFA World Cup"", ""1938 FIFA World Cup"", ""1950 FIFA World Cup"", ""1954 FIFA World Cup"", ""1958 FIFA World Cup"", ""1962 FIFA World Cup"", ""1966 FIFA World Cup"", ""1998 FIFA World Cup"", ""1994 FIFA World Cup"", ""1970 FIFA World Cup"", ""1978 FIFA World Cup"", ""1974 FIFA World Cup"", ""1982 FIFA World Cup"", ""1990 FIFA World Cup"", ""2006 FIFA World Cup"", ""1986 FIFA World Cup"", ""2010 FIFA World Cup"", ""2003 FIFA Women's World Cup"", ""1995 FIFA Women's World Cup"", ""1991 FIFA Women's World Cup"", ""1999 FIFA Women's World Cup"", ""UEFA Euro 2004"", ""UEFA Euro 2000"", ""UEFA Euro 1996"", ""UEFA Euro 1992"", ""UEFA Euro 1988"", ""UEFA Euro 1984"", ""UEFA Euro 1980"", ""UEFA Euro 1976"", ""UEFA Euro 1972"", ""UEFA Euro 1968"", ""2014 FIFA World Cup"", ""UEFA Euro 2008"", ""2007 FIFA Women's World Cup"", ""Football at the 2004 Summer Olympics"", ""Youdan Cup"", ""2004 AFC Asian Cup"", ""1937 South American Championship"", ""1992 AFC Asian Cup"", ""1916 South American Championship"", ""1917 South American Championship"", ""1919 South American Championship"", ""1956 AFC Asian Cup"", ""1960 AFC Asian Cup"", ""1964 AFC Asian Cup"", ""1968 AFC Asian Cup"", ""1988 AFC Asian Cup"", ""1996 AFC Asian Cup"", ""2000 AFC Asian Cup"", ""1960 European Nations' Cup"", ""1964 European Nations' Cup"", ""2003 AMF Futsal Men's World Cup"", ""2004 FIFA Futsal World Championship"", ""1920 South American Championship"", ""1993 CONCACAF Gold Cup"", ""1991 CONCACAF Gold Cup"", ""1996 CONCACAF Gold Cup"", ""1998 CONCACAF Gold Cup"", ""2000 CONCACAF Gold Cup"", ""2002 CONCACAF Gold Cup"", ""2003 CONCACAF Gold Cup"", ""1921 South American Championship""]","[""World Cup"", ""European Cup"", ""Copa America"", ""Asian Nations Cup"", ""Confederations Cup"", ""World Club Championship"", ""European Champions Laegue"", ""EURO Cup"", ""European Super Cup"", ""Copa Libertadores"", ""Copa Sudamericana"", ""South American Recopa"", ""Asian Champions League"", ""English Premier League"", ""English FA Cup"", ""English League Cup"", ""English Community Shield"", ""Scottish First League"", ""Scottish Cup"", ""Scottish League Cup"", ""Brazilian First League"", ""Brazil State Championship"", ""Brazilian Cup"", ""Australian A-League"", ""Welsh League"", ""Welsh Cup"", ""Welsh League Cup"", ""Belgian First League"", ""Belgian Cup"", ""Belgian League Cup"", ""Portuguese First League"", ""Portuguese Cup"", ""Portuguese League Cup"", ""Portuguese Super Cup"", ""French First League"", ""French Cup"", ""French League Cup"", ""French Supercup"", ""Dutch First League"", ""Dutch Cup"", ""Dutch Supercup"", ""Spanish First League"", ""Spanish Cup"", ""Spanish Supercup"", ""Italian First League"", ""Italian Cup"", ""Italian Supercup""]",semantic,The query column contains specific instances of soccer tournaments which can be mapped to the generic tournament names in the candidate column.,semsketch,1.0000,0.9500,0.9500,0.9667,0.9500,0.9500,3,True,True,The query column contains specific instances of soccer tournaments which can be mapped to the generic tournament names in the candidate column.,Soccer tournament instances map systematically to generic competition names.,The specific soccer tournament editions in the query column can be semantically mapped to their corresponding generic tournament categories in the candidate column.,
autofj-wdc,GivenName_left.csv,title,target_083276.csv,title,"[""Adrian"", ""Alexander"", ""Anastasius"", ""Alexius"", ""Alexandra"", ""Cyril"", ""Judah"", ""Luke"", ""Michael"", ""Ferdinand"", ""Howard"", ""Charles"", ""Julia (given name)"", ""Theodoric"", ""Arnulf"", ""Chloe"", ""Fatima (given name)"", ""Catherine"", ""Cormac"", ""Shannon (given name)"", ""Fanny (given name)"", ""Kanae"", ""Lyfing (given name)"", ""Fritz"", ""Bernard"", ""Axel (name)"", ""Jonathan (name)"", ""Constance (name)"", ""Dominic"", ""Edward"", ""Blake"", ""Yoshihito"", ""Stephen"", ""Keiko (given name)"", ""Maria (given name)"", ""Eleanor"", ""Indira"", ""Rajagopalachari"", ""Andrea"", ""Erin"", ""Abe (given name)"", ""Amy"", ""Tony"", ""Anastasia"", ""Lovisa"", ""Ali (name)"", ""Demetrius"", ""Abdullah (name)"", ""Cristian"", ""Nathan (given name)"", ""Nathaniel"", ""Kenzo"", ""Hubert"", ""Brent"", ""Nanao"", ""Aivaras"", ""Abdi"", ""Raymond"", ""Rupert (name)"", ""Haimirich"", ""Bulat"", ""Terry"", ""Bradley"", ""Theophilus""]","[""Douglas Arnold"", ""Gerard Awanou"", ""Hasan Babaei"", ""Nusret Balci"", ""Lorena Barba"", ""Jonathan Bentz"", ""Susanne Brenner"", ""Richard Brower"", ""Cris Cecka"", ""Aycil Cesmelioglu"", ""Bernardo Cockburn"", ""Jonathan Cohen"", ""Jintao Cui"", ""Jack Dongarra"", ""Anne Elster"", ""Allan Engsig-Karup"", ""Liwu Fan"", ""Oscar Fernandez"", ""Geoffrey Fox"", ""Martin Gander"", ""Gaurav Gaurav"", ""Mike Giles"", ""Dominik Göddeke"", ""Jay Gopalakrishnan"", ""Leopold Grinberg"", ""Shiyuan Gu"", ""Michael Heroux"", ""Yulia Hristova"", ""Elizabeth Jessup"", ""Dinesh Kaushik"", ""David Keyes"", ""Andreas Klöckner"", ""Matthew Knepley"", ""Hugo Leclerc"", ""Miriam Leeser"", ""Gilad Lerman"", ""Hengguang Li"", ""David Lilja"", ""Zhi (George) Lin"", ""Mitchell Luskin"", ""Kara Maki"", ""Yu (David) Mao"", ""David Mayhew"", ""Lois McInnes"", ""Irina Mitrea"", ""Dimitrios Mitsotakis"", ""Dan Negrut"", ""Sylvain Nintcheu Fata"", ""Alexandra Ortan"", ""Miguel Pauletti"", ""Weifeng Qiu"", ""Vincent Quenneville-Bélair"", ""Varun Ramesh"", ""Fernando Reitich"", ""Hakizumwami Runesha"", ""Yousef Saad"", ""Nayda Santiago"", ""Fadil Santosa"", ""Olaf Schenk"", ""Bertil Schmidt"", ""Anthony Scudiero"", ""Panagiotis Stinis"", ""Mark Stock"", ""Michael Stopa""]",semantic,"The query column contains given names, while the candidate column contains full names from which the given name can be extracted.",deepjoin,1.0000,0.8800,0.9000,0.9267,0.9000,0.8800,3,True,True,"The query column contains given names, while the candidate column contains full names from which the given name can be extracted.",Given names can be extracted from first-name-last-name values.,The query column contains given names which can be semantically extracted from the full names in the candidate column.,
autofj-wdc,GivenName_left.csv,title,target_022294.csv,title,"[""Adrian"", ""Alexander"", ""Anastasius"", ""Alexius"", ""Alexandra"", ""Cyril"", ""Judah"", ""Luke"", ""Michael"", ""Ferdinand"", ""Howard"", ""Charles"", ""Julia (given name)"", ""Theodoric"", ""Arnulf"", ""Chloe"", ""Fatima (given name)"", ""Catherine"", ""Cormac"", ""Shannon (given name)"", ""Fanny (given name)"", ""Kanae"", ""Lyfing (given name)"", ""Fritz"", ""Bernard"", ""Axel (name)"", ""Jonathan (name)"", ""Constance (name)"", ""Dominic"", ""Edward"", ""Blake"", ""Yoshihito"", ""Stephen"", ""Keiko (given name)"", ""Maria (given name)"", ""Eleanor"", ""Indira"", ""Rajagopalachari"", ""Andrea"", ""Erin"", ""Abe (given name)"", ""Amy"", ""Tony"", ""Anastasia"", ""Lovisa"", ""Ali (name)"", ""Demetrius"", ""Abdullah (name)"", ""Cristian"", ""Nathan (given name)"", ""Nathaniel"", ""Kenzo"", ""Hubert"", ""Brent"", ""Nanao"", ""Aivaras"", ""Abdi"", ""Raymond"", ""Rupert (name)"", ""Haimirich"", ""Bulat"", ""Terry"", ""Bradley"", ""Theophilus""]","[""Abed, Rezwana"", ""Abhold, Kristyn"", ""Aouad, Marion"", ""Atal, Juan Pablo"", ""Audin, Shaus"", ""Auerbach, Eric"", ""Avis, Eric"", ""Bachas, Pierre"", ""Balbuzanov, Ivan"", ""Ballesteros, Maria (Connie)"", ""Bartelme, Dominick"", ""Batyi, Tamas"", ""Beckford, Tom"", ""Benzarti, Youssef"", ""Berger, David"", ""Bilyl, Mykyta"", ""Brot-Goldberg, Zarek"", ""Brunet, Gillian"", ""Cao, Siwei"", ""Carloni, Dorian"", ""Carpena, Fenella"", ""Caresso, Leeor"", ""Cheng, Lei"", ""Christopher, Ben"", ""Coelho, Maria"", ""Cohen- Setton, Jeremie"", ""Corsetto, Lisa"", ""Cox, Natalie"", ""Dembo, Aluma"", ""Fenizia, Alessandra"", ""Fowell, Simon"", ""Filipek, Amy"", ""Fujino, Joshua"", ""Galle, Simon"", ""Ghansah, Frederick"", ""Gonzalez, Felipe"", ""Gopal, Bhargav"", ""Gorski, Adam"", ""Green, Sara"", ""Gross, Daniel"", ""Haanwinckel, Daniel"", ""Hlatshwayo, Sandile"", ""Horvath, Hedvig"", ""Iarmosh, Ievgeniia"", ""Johnson, Erik"", ""Jacobs, Madeline"", ""Kang, Jeff"", ""Karing, Anne"", ""Kamdar, Rupal"", ""Komaromi, Andras"", ""Koustas, Dmitri"", ""Krishnan, Kaushik"", ""Kulkarni, Nirupama"", ""Kung, Hing Chak (Edward)"", ""Kwok, Jennifer"", ""Lafortune, Julien"", ""Lambert, Chris"", ""Lapid, Patrick"", ""Lee, Byoungchan"", ""Li, Nicholas"", ""Li, Weijia"", ""Lindner, Attila"", ""Ling, Jeanette"", ""Malamut, Christina""]",semantic,"The query column contains given names, while the candidate column contains full names from which the given name can be extracted.",deepjoin,1.0000,0.8800,0.1000,0.6600,0.8800,0.1000,2,False,True,"The query column contains given names, while the candidate column contains full names from which the given name can be extracted.",Given names can be parsed from comma-formatted full names.,"The query column contains given name concepts (e.g., Wikipedia articles) while the candidate column contains full names of specific individuals, representing different semantic categories.",1.00
autofj-wdc,GivenName_left.csv,title,target_046173.csv,title,"[""Adrian"", ""Alexander"", ""Anastasius"", ""Alexius"", ""Alexandra"", ""Cyril"", ""Judah"", ""Luke"", ""Michael"", ""Ferdinand"", ""Howard"", ""Charles"", ""Julia (given name)"", ""Theodoric"", ""Arnulf"", ""Chloe"", ""Fatima (given name)"", ""Catherine"", ""Cormac"", ""Shannon (given name)"", ""Fanny (given name)"", ""Kanae"", ""Lyfing (given name)"", ""Fritz"", ""Bernard"", ""Axel (name)"", ""Jonathan (name)"", ""Constance (name)"", ""Dominic"", ""Edward"", ""Blake"", ""Yoshihito"", ""Stephen"", ""Keiko (given name)"", ""Maria (given name)"", ""Eleanor"", ""Indira"", ""Rajagopalachari"", ""Andrea"", ""Erin"", ""Abe (given name)"", ""Amy"", ""Tony"", ""Anastasia"", ""Lovisa"", ""Ali (name)"", ""Demetrius"", ""Abdullah (name)"", ""Cristian"", ""Nathan (given name)"", ""Nathaniel"", ""Kenzo"", ""Hubert"", ""Brent"", ""Nanao"", ""Aivaras"", ""Abdi"", ""Raymond"", ""Rupert (name)"", ""Haimirich"", ""Bulat"", ""Terry"", ""Bradley"", ""Theophilus""]","[""Althoff, Rose Alice"", ""Anderson, Ingrid"", ""Antony, Clara (Cabrini)"", ""Antony, Eunice"", ""Ardolf, Miriam"", ""Backes, JoAnne (Marvin)"", ""Bailiff, Stella"", ""Bailke, Marcella"", ""Ballmann, Bernadine"", ""Ballmann, Davidica"", ""Bauer, Nancy"", ""Beck, Ulric"", ""Becker, Johanna"", ""Berg, Carol (Carlos)"", ""Berger, Mary Jane"", ""Bergerson, Gregor"", ""Bergman, Adelgundis"", ""Berning, Nivelle"", ""Beste, Pacifica"", ""Beutz, Mary Minette"", ""Bickler, Generose"", ""Bieniek, Giovanni (Magdalen)"", ""Bieniek, Vianney"", ""Biermaier, Ann Marie (Georgine)"", ""Bischof, Margo (Kenric)"", ""Bitzan, Ethelinda"", ""Blatz, Imogene"", ""Blatz, Mildred Ann"", ""Boedigheimer, Ruth"", ""Boehm, Clement"", ""Borgerding, Dominica"", ""Braegelman, Denise"", ""Brang, Marie (Alphonsetta)"", ""Braun, Mary Mark"", ""Brausen, Louista"", ""Brey, Loaran"", ""Bromenshenkel, Edwina"", ""Brophy, Annette"", ""Budig, Rita (Anthony)"", ""Buettner, Aline"", ""Burfield, Corda"", ""Burns, Anne"", ""Burns, Mirella"", ""Calhoun, Marmion"", ""Calhoun, Mary Clare"", ""Callahan, Modesta"", ""Carey, Thomas"", ""Casper, Kathryn (Blanche)"", ""Coard, Miriam"", ""Coll, Amelianne"", ""Corcoran, Emmet"", ""Cotone, Ellen"", ""Culhane, Cathan"", ""Cushing, Ethel"", ""Dahmus, Dunstan"", ""Dick, Melisa"", ""Dick, Trish"", ""Dingmann, Angella"", ""Dolan, Anne Louise"", ""Domeier, Renee"", ""Donohue, Patrice"", ""Donovan, Grace (Mary Mark)"", ""Doubek, Zita"", ""Doyle, Esther""]",semantic,"The query column contains given names, while the candidate column contains full names from which the given name can be extracted.",deepjoin,1.0000,0.8300,1.0000,0.9433,1.0000,0.8300,3,True,True,"The query column contains given names, while the candidate column contains full names from which the given name can be extracted.","Given names can be parsed from person names, though conventions vary.","The candidate column contains full names in 'Last, First' format, from which given names can be extracted to join with the given names in the query column.",
autofj-wdc,GivenName_left.csv,title,target_072596.csv,title,"[""Adrian"", ""Alexander"", ""Anastasius"", ""Alexius"", ""Alexandra"", ""Cyril"", ""Judah"", ""Luke"", ""Michael"", ""Ferdinand"", ""Howard"", ""Charles"", ""Julia (given name)"", ""Theodoric"", ""Arnulf"", ""Chloe"", ""Fatima (given name)"", ""Catherine"", ""Cormac"", ""Shannon (given name)"", ""Fanny (given name)"", ""Kanae"", ""Lyfing (given name)"", ""Fritz"", ""Bernard"", ""Axel (name)"", ""Jonathan (name)"", ""Constance (name)"", ""Dominic"", ""Edward"", ""Blake"", ""Yoshihito"", ""Stephen"", ""Keiko (given name)"", ""Maria (given name)"", ""Eleanor"", ""Indira"", ""Rajagopalachari"", ""Andrea"", ""Erin"", ""Abe (given name)"", ""Amy"", ""Tony"", ""Anastasia"", ""Lovisa"", ""Ali (name)"", ""Demetrius"", ""Abdullah (name)"", ""Cristian"", ""Nathan (given name)"", ""Nathaniel"", ""Kenzo"", ""Hubert"", ""Brent"", ""Nanao"", ""Aivaras"", ""Abdi"", ""Raymond"", ""Rupert (name)"", ""Haimirich"", ""Bulat"", ""Terry"", ""Bradley"", ""Theophilus""]","[""John Ball"", ""Lubomir Banas"", ""Andrea Bertozzi"", ""Mahdi Boukrouche"", ""Farid Bozorgnia"", ""Dorin Bucur"", ""Roman Cherniha"", ""Michel Chipot"", ""Michael Dallaston"", ""Donatella Danielli"", ""Klaus Deckelnick"", ""Yihong Du"", ""Beixiang Fang"", ""Paul Feehan (provisional)"", ""Mikhail Feldman"", ""Marco Fontelos"", ""Marty Glicksman"", ""Jiim Glimm"", ""Ray Goldstein"", ""Joachim Gwinner"", ""Claudia Hecht"", ""Christian Heinemann"", ""John Hunter"", ""Oliver Jensen"", ""Christian Kahle"", ""Aram Karakhanyan"", ""Andrew Lam"", ""Ki-Ahm Lee"", ""Bo Li"", ""Erik Lindgren"", ""John Lowengrub"", ""Apala Majumdar"", ""Peter Markowich"", ""Milena Danuta Matusik"", ""Sarah Mitchell"", ""Giannoula Mitrou"", ""Vitaly Moroz"", ""Matteo Novaga"", ""Reuben O'Dea"", ""John Ockendon"", ""Jim Oliver"", ""Laetitia Aline Paoli"", ""Fernando Quirós Gracián"", ""Tom Ranner"", ""James Sethian"", ""Steve Shkoller"", ""Gieri Simonett"", ""Peter Stewart"", ""Pablo Raul Stinga"", ""Vanessa Styles"", ""Domingo Tarzia"", ""Rodica Toader"", ""Juan Luis Vázquez"", ""Shekar Venkataraman"", ""Barbara Wagner"", ""Wei Xiang"", ""Karen Yeressian Negarchi""]",semantic,"The query column contains given names, while the candidate column contains full names from which the given name can be extracted.",deepjoin,1.0000,0.8700,1.0000,0.9567,1.0000,0.8700,3,True,True,"The query column contains given names, while the candidate column contains full names from which the given name can be extracted.",Full names expose a stable given-name component for mapping.,The candidate column contains full names from which given names can be extracted to semantically join with the query column of given names.,
autofj-wdc,GivenName_left.csv,title,target_021921.csv,title,"[""Adrian"", ""Alexander"", ""Anastasius"", ""Alexius"", ""Alexandra"", ""Cyril"", ""Judah"", ""Luke"", ""Michael"", ""Ferdinand"", ""Howard"", ""Charles"", ""Julia (given name)"", ""Theodoric"", ""Arnulf"", ""Chloe"", ""Fatima (given name)"", ""Catherine"", ""Cormac"", ""Shannon (given name)"", ""Fanny (given name)"", ""Kanae"", ""Lyfing (given name)"", ""Fritz"", ""Bernard"", ""Axel (name)"", ""Jonathan (name)"", ""Constance (name)"", ""Dominic"", ""Edward"", ""Blake"", ""Yoshihito"", ""Stephen"", ""Keiko (given name)"", ""Maria (given name)"", ""Eleanor"", ""Indira"", ""Rajagopalachari"", ""Andrea"", ""Erin"", ""Abe (given name)"", ""Amy"", ""Tony"", ""Anastasia"", ""Lovisa"", ""Ali (name)"", ""Demetrius"", ""Abdullah (name)"", ""Cristian"", ""Nathan (given name)"", ""Nathaniel"", ""Kenzo"", ""Hubert"", ""Brent"", ""Nanao"", ""Aivaras"", ""Abdi"", ""Raymond"", ""Rupert (name)"", ""Haimirich"", ""Bulat"", ""Terry"", ""Bradley"", ""Theophilus""]","[""CASEKUS, John"", ""STACK, John"", ""HOMOVICH, John"", ""GHANTOUS, Alex A."", ""GAJDEL, Frak (or) Frank"", ""GAJEL, Frak (or) Frank"", ""LIPPOLIS, Thomas"", ""HOWARTH, Joseph"", ""SOCHO, Andrew"", ""ROSHA, Michael"", ""AROTIN, Paul"", ""SUDAK, Joseph"", ""MAYER, Albert"", ""BARESZ, Mike"", ""HAHN, Paul Jr."", ""WASZY, Paul"", ""SAGI, John"", ""HUDAK, John"", ""BOSCHITS, Joseph"", ""BOZICH, Joseph"", ""SLUKA, Frank"", ""DALEY, Donald J."", ""NEMETH, Michael J."", ""GRAFFA, Jacob"", ""GEYER, William F."", ""WASHKUSH, Charles"", ""LIPTAK, Mike"", ""SEMINSKY, Steve"", ""LIS, Joseph"", ""VARMECKY, Steve"", ""DORICK, George"", ""BARBELY, Peter"", ""MARRA, Bruno"", ""PANTANO, Anthony"", ""FRANCHOCK, George"", ""PAVLIK, John (or J. M.)"", ""POVLACK, John (or J. M.)"", ""HUDAK, Michael"", ""LUKAS, George"", ""SUKAC, George"", ""GLOSSER, David"", ""DANKO, John"", ""GRUS, Michael"", ""GUSE, Mike"", ""FURMAN, John"", ""SWINKOVACS, Martin"", ""BATULIS, Joseph"", ""DUBULIS, Charles"", ""BLANCH, T. Russell"", ""SUMITUSKEY, Mike"", ""SUNITUSKEY, Mike"", ""JURKO, Charles"", ""ROKITA, Frank"", ""SHUTE, George"", ""GAWET, Alex"", ""GOMET, Andy"", ""UFIER, Andrew"", ""McGINNIS, William G."", ""WAINWRIGHT, Joseph J."", ""COLBERT, Robert"", ""McCONNELL, Albert F."", ""EDMISTON, David E."", ""DILLON, John F."", ""BAKO, Frank""]",semantic,"The query column contains given names, while the candidate column contains full names from which the given name can be extracted.",deepjoin,1.0000,0.8600,1.0000,0.9533,1.0000,0.8600,3,True,True,"The query column contains given names, while the candidate column contains full names from which the given name can be extracted.","Uppercase last-name, first-name values expose parseable given names.","The candidate column contains full names in 'Last, First' format, from which given names can be reliably extracted to join with the query column's given names.",
autofj-wdc,Drug_left.csv,title,target_043112.csv,title,"[""Aspirin"", ""Ampicillin"", ""Amphetamine"", ""Amoxicillin"", ""BCG vaccine"", ""Chloramphenicol"", ""Ciprofloxacin"", ""Caffeine"", ""Carbamazepine"", ""Cocaine"", ""Dimethyltryptamine"", ""Dehydroepiandrosterone"", ""MDMA"", ""Erythromycin"", ""Epinephrine"", ""Flunitrazepam"", ""Gamma-Hydroxybutyric acid"", ""Heroin"", ""Hydrocodone"", ""Ketamine"", ""Ketoprofen"", ""Lysergic acid diethylamide"", ""Morphine"", ""Modafinil"", ""Methadone"", ""Oxycodone"", ""Penicillin"", ""Phencyclidine"", ""Quinine"", ""Sulfur"", ""Scopolamine"", ""Sodium thiopental"", ""Tetracycline"", ""Testosterone"", ""Theobromine"", ""Vitamin C"", ""Sildenafil"", ""Paclitaxel"", ""Nicotine"", ""Botulinum toxin"", ""Darbepoetin alfa"", ""Laudanum"", ""Mescaline"", ""Clozapine"", ""Phenytoin"", ""Thalidomide"", ""Valproic acid"", ""Tetrahydrocannabinol"", ""Theophylline"", ""Alpha-Methyltryptamine"", ""Progesterone"", ""Pseudoephedrine"", ""MMR vaccine"", ""Ribavirin"", ""Paracetamol"", ""Adenosine"", ""Inosine"", ""Trimethoprim"", ""Paroxetine"", ""Fentanyl"", ""Triprolidine"", ""Trifluoperazine"", ""Halothane"", ""Naloxone""]","[""Blank Form"", ""Blank Spanish"", ""chloral hydrate"", ""guanfacine"", ""phenobarbital"", ""prochlorperazine"", ""thioridazine"", ""Abilify, Abilify Discmelt"", ""Adderall Adderall XR"", ""Ambien, Ambien CR"", ""Anafranil"", ""Aricept"", ""Artane"", ""Ascendin"", ""Atarax"", ""Ativan"", ""Aventyl, Pamelor"", ""Benadryl"", ""BuSpar"", ""Catapres"", ""Celexa"", ""Clozaril"", ""Cogentin"", ""Concerta, Metadate CD, Metadate ER, Methylin, Methylin ER, Ritalin, Ritalin LA, Ritalin-SR"", ""Corgard"", ""Cylert"", ""Cymbalta"", ""Dalmane"", ""Daytrana"", ""Depakene, Depakote"", ""Depo-Provera"", ""Desyrel"", ""Dexedrine"", ""Effexor, Effexor XR"", ""Elavil"", ""Eskalith, Eskalith-CR, Lithobid"", ""Exelon"", ""Fanapt"", ""Focalin, Focalin XR"", ""Gabitril"", ""Geodon"", ""Halcion"", ""Haldol"", ""Inderal"", ""Invega"", ""Invega Sustenna"", ""Klonopin"", ""Lamictal"", ""Latuda"", ""Lexapro"", ""Librium"", ""Loxitane"", ""Ludiomil"", ""Lunesta"", ""Luvox, Luvox CR"", ""Metadate CD, Metadate ER, Methylin, Methylin ER, Concerta, Ritalin, Ritalin LA, Ritalin-SR"", ""Minipress"", ""Moban"", ""Namenda"", ""Nardil"", ""Navane"", ""Neurontin"", ""Norpramin"", ""Orap""]",semantic,"The query column contains generic drug names while the candidate column contains corresponding brand names, requiring a semantic mapping to join.",deepjoin,1.0000,0.7800,1.0000,0.9267,1.0000,0.7800,3,True,True,"The query column contains generic drug names while the candidate column contains corresponding brand names, requiring a semantic mapping to join.",Drug names and aliases form a stable but somewhat sparse mapping.,"The columns contain generic drug names and brand drug names, which can be semantically joined using standard pharmaceutical mappings.",
autofj-wdc,Drug_left.csv,title,target_046997.csv,title,"[""Aspirin"", ""Ampicillin"", ""Amphetamine"", ""Amoxicillin"", ""BCG vaccine"", ""Chloramphenicol"", ""Ciprofloxacin"", ""Caffeine"", ""Carbamazepine"", ""Cocaine"", ""Dimethyltryptamine"", ""Dehydroepiandrosterone"", ""MDMA"", ""Erythromycin"", ""Epinephrine"", ""Flunitrazepam"", ""Gamma-Hydroxybutyric acid"", ""Heroin"", ""Hydrocodone"", ""Ketamine"", ""Ketoprofen"", ""Lysergic acid diethylamide"", ""Morphine"", ""Modafinil"", ""Methadone"", ""Oxycodone"", ""Penicillin"", ""Phencyclidine"", ""Quinine"", ""Sulfur"", ""Scopolamine"", ""Sodium thiopental"", ""Tetracycline"", ""Testosterone"", ""Theobromine"", ""Vitamin C"", ""Sildenafil"", ""Paclitaxel"", ""Nicotine"", ""Botulinum toxin"", ""Darbepoetin alfa"", ""Laudanum"", ""Mescaline"", ""Clozapine"", ""Phenytoin"", ""Thalidomide"", ""Valproic acid"", ""Tetrahydrocannabinol"", ""Theophylline"", ""Alpha-Methyltryptamine"", ""Progesterone"", ""Pseudoephedrine"", ""MMR vaccine"", ""Ribavirin"", ""Paracetamol"", ""Adenosine"", ""Inosine"", ""Trimethoprim"", ""Paroxetine"", ""Fentanyl"", ""Triprolidine"", ""Trifluoperazine"", ""Halothane"", ""Naloxone""]","[""Prozac"", ""Sarafem"", ""Norvasc"", ""Toprol XL"", ""Zoloft"", ""Zocor"", ""Zithromax"", ""Ambien"", ""Lexapro"", ""Prevacid"", ""Nexium"", ""Singulair"", ""Meridia"", ""Celebrex"", ""Fosamax"", ""Effexor XR"", ""Premarin"", ""Allegra"", ""Plavix"", ""Protonix"", ""Zyrtec"", ""Advair Diskus"", ""Neurontin"", ""Flonase"", ""Viagra"", ""Levaquin"", ""Pravachol"", ""Lotrel"", ""Diovan"", ""Exosurf"", ""Altace"", ""Imitrex"", ""Wellbutrin XL"", ""Zyban"", ""Ortho Evra"", ""Diovan HCT"", ""Accupril"", ""Paxil CR"", ""Actonel"", ""Actos"", ""TNKase"", ""Cozaar"", ""Zetia"", ""Vytorin"", ""Avandia"", ""Aciphex"", ""Adderall XR"", ""Concerta"", ""Flomax"", ""Risperdal"", ""Requip"", ""Tricor"", ""Seroquel"", ""Nasonex"", ""Clarinex"", ""Xalatan"", ""Diflucan"", ""Prinivil; Zestril"", ""Amaryl"", ""Lantus"", ""Hyzarr"", ""Combivent"", ""Valtrex"", ""Crestor""]",semantic,"The query column contains generic drug names while the candidate column contains corresponding brand names, requiring a semantic mapping to join.",deepjoin,1.0000,0.7400,1.0000,0.9133,1.0000,0.7400,3,True,True,"The query column contains generic drug names while the candidate column contains corresponding brand names, requiring a semantic mapping to join.","Brand names can map to generic drugs, but visible evidence is indirect.","The columns contain generic and brand drug names respectively, which can be semantically joined using a drug database mapping.",
autofj-wdc,Drug_left.csv,title,target_024296.csv,title,"[""Aspirin"", ""Ampicillin"", ""Amphetamine"", ""Amoxicillin"", ""BCG vaccine"", ""Chloramphenicol"", ""Ciprofloxacin"", ""Caffeine"", ""Carbamazepine"", ""Cocaine"", ""Dimethyltryptamine"", ""Dehydroepiandrosterone"", ""MDMA"", ""Erythromycin"", ""Epinephrine"", ""Flunitrazepam"", ""Gamma-Hydroxybutyric acid"", ""Heroin"", ""Hydrocodone"", ""Ketamine"", ""Ketoprofen"", ""Lysergic acid diethylamide"", ""Morphine"", ""Modafinil"", ""Methadone"", ""Oxycodone"", ""Penicillin"", ""Phencyclidine"", ""Quinine"", ""Sulfur"", ""Scopolamine"", ""Sodium thiopental"", ""Tetracycline"", ""Testosterone"", ""Theobromine"", ""Vitamin C"", ""Sildenafil"", ""Paclitaxel"", ""Nicotine"", ""Botulinum toxin"", ""Darbepoetin alfa"", ""Laudanum"", ""Mescaline"", ""Clozapine"", ""Phenytoin"", ""Thalidomide"", ""Valproic acid"", ""Tetrahydrocannabinol"", ""Theophylline"", ""Alpha-Methyltryptamine"", ""Progesterone"", ""Pseudoephedrine"", ""MMR vaccine"", ""Ribavirin"", ""Paracetamol"", ""Adenosine"", ""Inosine"", ""Trimethoprim"", ""Paroxetine"", ""Fentanyl"", ""Triprolidine"", ""Trifluoperazine"", ""Halothane"", ""Naloxone""]","[""NEXIUM"", ""LIPITOR"", ""PLAVIX"", ""ADVAIR DISKUS"", ""OXYCONTIN"", ""ABILIFY"", ""SEROQUEL"", ""CRESTOR"", ""CYMBALTA"", ""ACTOS"", ""LEXAPRO"", ""ZYPREXA"", ""SPIRIVA"", ""LANTUS"", ""ARICEPT"", ""LYRICA"", ""DIOVAN"", ""EFFEXOR XR"", ""CONCERTA"", ""LEVAQUIN"", ""CELEBREX"", ""DIOVAN HCT"", ""JANUVIA"", ""SUBOXONE"", ""NOVOLOG"", ""VIAGRA"", ""ATRIPLA"", ""TRICOR"", ""PROVIGIL"", ""ZETIA"", ""GEODON"", ""VYTORIN"", ""AMBIEN CR"", ""LUNESTA"", ""LIDODERM"", ""LANTUS SOLOSTAR"", ""VYVANSE"", ""ACIPHEX"", ""NASONEX"", ""LOVENOX"", ""ADDERALL XR"", ""PROAIR HFA"", ""TRUVADA"", ""NIASPAN"", ""HUMALOG"", ""CIALIS"", ""NAMENDA"", ""SYMBICORT"", ""FLOVENT HFA"", ""SEROQUEL XR"", ""COMBIVENT"", ""LOVAZA"", ""SOLODYN"", ""DETROL LA"", ""ANDROGEL"", ""BENICAR"", ""LEVEMIR"", ""ENBREL"", ""VALTREX"", ""BENICAR HCT"", ""GLEEVEC"", ""HUMIRA PEN"", ""SYNTHROID"", ""XALATAN""]",semantic,"The query column contains generic drug names while the candidate column contains corresponding brand names, requiring a semantic mapping to join.",deepjoin,1.0000,0.7400,1.0000,0.9133,1.0000,0.7400,3,True,True,"The query column contains generic drug names while the candidate column contains corresponding brand names, requiring a semantic mapping to join.","Brand names can map to generic drugs, but visible evidence is indirect.","The columns contain generic and brand drug names, which can be semantically mapped to each other.",
autofj-wdc,Country_left.csv,title,target_071590.csv,title,"[""Algeria"", ""Andorra"", ""Aruba"", ""Angola"", ""Albania"", ""Afghanistan"", ""Azerbaijan"", ""Antigua and Barbuda"", ""Anguilla"", ""Akkadian Empire"", ""Almoravid dynasty"", ""Ammon"", ""Assyria"", ""Antigonid dynasty"", ""Austria-Hungary"", ""Durrani Empire"", ""Archbishopric of Riga"", ""Belgium"", ""Brazil"", ""Bulgaria"", ""Bassas da India"", ""Bangladesh"", ""Barbados"", ""The Bahamas"", ""Belarus"", ""Benin"", ""Belize"", ""Bermuda"", ""Bolivia"", ""Bosnia and Herzegovina"", ""Botswana"", ""Brunei"", ""British Virgin Islands"", ""Burkina Faso"", ""Bishopric of Brandenburg"", ""British Empire"", ""Colombia"", ""Czechoslovakia"", ""Czech Republic"", ""Comoros"", ""China"", ""Cameroon"", ""Cayman Islands"", ""Central African Republic"", ""Chad"", ""Chile"", ""Cocos (Keeling) Islands"", ""Christmas Island"", ""Costa Rica"", ""Croatia"", ""Cyprus"", ""Central Powers"", ""Confederate States of America"", ""Cook Islands"", ""Commonwealth of England"", ""Dominican Republic"", ""Dejima"", ""Dahomey"", ""European Union"", ""Ecuador"", ""El Salvador"", ""Equatorial Guinea"", ""Europa Island"", ""European Free Trade Association""]","[""Afghanistan"", ""Albania"", ""Algeria"", ""American Samoa"", ""Andorra"", ""Angola"", ""Anguilla"", ""Antigua and Barbuda"", ""Argentina"", ""Armenia"", ""Aruba"", ""Australia"", ""Austria"", ""Azerbaijan"", ""Bahamas, The"", ""Bahrain"", ""Bangladesh"", ""Barbados"", ""Belarus"", ""Belgium"", ""Belize"", ""Benin"", ""Bermuda"", ""Bhutan"", ""Bolivia"", ""Bosnia and Herzegovina"", ""Botswana"", ""Brazil"", ""British Virgin Islands"", ""Brunei"", ""Bulgaria"", ""Burkina Faso"", ""Burma"", ""Burundi"", ""Cambodia"", ""Cameroon"", ""Canada"", ""Cape Verde"", ""Cayman Islands"", ""Central African Republic"", ""Chad"", ""Chile"", ""China"", ""Christmas Island"", ""Cocos (Keeling) Islands"", ""Colombia"", ""Comoros"", ""Congo, Democratic Republic of the"", ""Congo, Republic of the"", ""Cook Islands"", ""Costa Rica"", ""Cote d'Ivoire"", ""Croatia"", ""Cuba"", ""Curacao"", ""Cyprus"", ""Czech Republic"", ""Denmark"", ""Djibouti"", ""Dominica"", ""Dominican Republic"", ""Ecuador"", ""Egypt"", ""El Salvador""]",equijoin,"Both columns contain country names with very high value overlap, requiring only minor normalization.",deepjoin,1.0000,0.9700,1.0000,0.9900,1.0000,0.9700,3,True,True,"Both columns contain country names with very high value overlap, requiring only minor normalization.",Country names have large direct overlap after light normalization.,Both columns contain country names with a very high degree of exact string overlap.,
autofj-wdc,Country_left.csv,title,target_004488.csv,title,"[""Algeria"", ""Andorra"", ""Aruba"", ""Angola"", ""Albania"", ""Afghanistan"", ""Azerbaijan"", ""Antigua and Barbuda"", ""Anguilla"", ""Akkadian Empire"", ""Almoravid dynasty"", ""Ammon"", ""Assyria"", ""Antigonid dynasty"", ""Austria-Hungary"", ""Durrani Empire"", ""Archbishopric of Riga"", ""Belgium"", ""Brazil"", ""Bulgaria"", ""Bassas da India"", ""Bangladesh"", ""Barbados"", ""The Bahamas"", ""Belarus"", ""Benin"", ""Belize"", ""Bermuda"", ""Bolivia"", ""Bosnia and Herzegovina"", ""Botswana"", ""Brunei"", ""British Virgin Islands"", ""Burkina Faso"", ""Bishopric of Brandenburg"", ""British Empire"", ""Colombia"", ""Czechoslovakia"", ""Czech Republic"", ""Comoros"", ""China"", ""Cameroon"", ""Cayman Islands"", ""Central African Republic"", ""Chad"", ""Chile"", ""Cocos (Keeling) Islands"", ""Christmas Island"", ""Costa Rica"", ""Croatia"", ""Cyprus"", ""Central Powers"", ""Confederate States of America"", ""Cook Islands"", ""Commonwealth of England"", ""Dominican Republic"", ""Dejima"", ""Dahomey"", ""European Union"", ""Ecuador"", ""El Salvador"", ""Equatorial Guinea"", ""Europa Island"", ""European Free Trade Association""]","[""Afghanistan"", ""Akrotiri"", ""Albania"", ""Algeria"", ""American Samoa"", ""Andorra"", ""Angola"", ""Anguilla"", ""Antigua and Barbuda"", ""Argentina"", ""Armenia"", ""Aruba"", ""Australia"", ""Austria"", ""Azerbaijan"", ""Bahrain"", ""Bangladesh"", ""Barbados"", ""Belarus"", ""Belgium"", ""Belize"", ""Benin"", ""Bermuda"", ""Bhutan"", ""Bolivia"", ""Bosnia and Herzegovina"", ""Botswana"", ""Brazil"", ""British Virgin Islands"", ""Brunei"", ""Bulgaria"", ""Burkina Faso"", ""Burma"", ""Burundi"", ""Cambodia"", ""Cameroon"", ""Canada"", ""Cape Verde"", ""Cayman Islands"", ""Central African Republic"", ""Chad"", ""Chile"", ""China"", ""Christmas Island"", ""Cocos (Keeling) Islands"", ""Colombia"", ""Comoros"", ""Congo, Republic of the"", ""Cook Islands"", ""Costa Rica"", ""Cote d'Ivoire"", ""Croatia"", ""Cuba"", ""Cyprus"", ""Czech Republic"", ""Democratic Republic of the Congo"", ""Denmark"", ""Dhekelia"", ""Djibouti"", ""Dominica"", ""Dominican Republic"", ""East Timor"", ""Ecuador"", ""Egypt""]",equijoin,Both columns contain country names with very high value overlap.,deepjoin,1.0000,0.9600,1.0000,0.9867,1.0000,0.9600,3,True,True,Both columns contain country names with very high value overlap.,Country names have large direct overlap after light normalization.,Both columns contain country names with a very high degree of exact string overlap.,
autofj-wdc,Country_left.csv,title,target_015619.csv,title,"[""Algeria"", ""Andorra"", ""Aruba"", ""Angola"", ""Albania"", ""Afghanistan"", ""Azerbaijan"", ""Antigua and Barbuda"", ""Anguilla"", ""Akkadian Empire"", ""Almoravid dynasty"", ""Ammon"", ""Assyria"", ""Antigonid dynasty"", ""Austria-Hungary"", ""Durrani Empire"", ""Archbishopric of Riga"", ""Belgium"", ""Brazil"", ""Bulgaria"", ""Bassas da India"", ""Bangladesh"", ""Barbados"", ""The Bahamas"", ""Belarus"", ""Benin"", ""Belize"", ""Bermuda"", ""Bolivia"", ""Bosnia and Herzegovina"", ""Botswana"", ""Brunei"", ""British Virgin Islands"", ""Burkina Faso"", ""Bishopric of Brandenburg"", ""British Empire"", ""Colombia"", ""Czechoslovakia"", ""Czech Republic"", ""Comoros"", ""China"", ""Cameroon"", ""Cayman Islands"", ""Central African Republic"", ""Chad"", ""Chile"", ""Cocos (Keeling) Islands"", ""Christmas Island"", ""Costa Rica"", ""Croatia"", ""Cyprus"", ""Central Powers"", ""Confederate States of America"", ""Cook Islands"", ""Commonwealth of England"", ""Dominican Republic"", ""Dejima"", ""Dahomey"", ""European Union"", ""Ecuador"", ""El Salvador"", ""Equatorial Guinea"", ""Europa Island"", ""European Free Trade Association""]","[""Japan"", ""United States of America"", ""India"", ""China"", ""United Kingdom"", ""Korea, Republic of"", ""Egypt"", ""Canada"", ""Germany"", ""France"", ""Poland"", ""Brazil"", ""Russian Federation"", ""Italy"", ""Iran, Islamic Republic of"", ""Mexico"", ""Australia"", ""Indonesia"", ""Turkey"", ""Asia/Pacific Region"", ""Taiwan"", ""Spain"", ""Thailand"", ""Philippines"", ""Romania"", ""Vietnam"", ""Greece"", ""South Africa"", ""Portugal"", ""Nigeria"", ""Peru"", ""Serbia"", ""Saudi Arabia"", ""Pakistan"", ""Malaysia"", ""Netherlands"", ""Bangladesh"", ""Sweden"", ""Hong Kong"", ""Venezuela"", ""Czech Republic"", ""Chile"", ""Belgium"", ""Colombia"", ""Singapore"", ""Croatia"", ""Austria"", ""Switzerland"", ""Ukraine"", ""Algeria"", ""United Arab Emirates"", ""New Zealand"", ""Israel"", ""Argentina"", ""Lebanon"", ""Bosnia and Herzegovina"", ""Slovakia"", ""Finland"", ""Bulgaria"", ""Yemen"", ""Hungary"", ""Denmark"", ""Ireland"", ""Tajikistan""]",equijoin,"Both columns contain country names with significant overlap, though some candidate values are more formal.",snoopy,1.0000,0.8200,1.0000,0.9400,1.0000,0.8200,3,True,True,"Both columns contain country names with significant overlap, though some candidate values are more formal.","Both columns list countries, but sampled direct overlap is more limited.",Both columns contain country names and can be joined directly via equijoin on matching values like Brazil and Bangladesh.,
autofj-wdc,TelevisionStation_left.csv,title,target_045564.csv,title,"[""BBC Red Button"", ""BBC News (TV channel)"", ""Channel 4"", ""MTV"", ""BBC World News"", ""ITV (TV network)"", ""CNN"", ""WABC-TV"", ""Game Show Network"", ""ESPN"", ""C-SPAN"", ""Discovery Channel"", ""Disney Channel"", ""Fox Sports Networks"", ""USA Network"", ""TNT (TV channel)"", ""The Weather Channel"", ""Showtime (TV channel)"", ""Toon Disney"", ""WAPA-TV"", ""NHK World"", ""Nickelodeon"", ""MSNBC"", ""BBC Two"", ""Nine Network"", ""S4C"", ""Cinemax"", ""WPXN-TV"", ""WPIX"", ""WTTW"", ""WGN-TV"", ""Yle Fem"", ""BBC One"", ""ITV (TV channel)"", ""MTV2"", ""VH1"", ""Sky News"", ""Lifetime (TV network)"", ""CNBC"", ""CNBC Europe"", ""CNBC Asia"", ""TLC (TV channel)"", ""Comedy Central"", ""Euronews"", ""WKAQ-TV"", ""Black Entertainment Television"", ""TechTV"", ""HSTN"", ""Spike (TV channel)"", ""ZDF"", ""Syfy (UK and Ireland)"", ""Syfy"", ""WSTE-DT"", ""WLII-DT"", ""BBC America"", ""Georgia Public Broadcasting"", ""Anime Network"", ""Zee TV"", ""Pro TV"", ""Antena 1 (Romania)"", ""The Nashville Network"", ""Al Arabiya"", ""Adult Swim"", ""MTV3""]","[""KTBC (FOX)"", ""KVUE (ABC)"", ""KXAN (NBC)"", ""KEYE (CBS)"", ""City of Austin"", ""Campus CATV Lineup/Misc Services 01"", ""HSN"", ""KLRU (PBS)"", ""Local Weather Radar"", ""Misc Services 02"", ""KNVA (CW)"", ""Misc Services 03"", ""TSTV"", ""School of Nursing Bulletin Board"", ""QVC"", ""Austin Community College"", ""KAKW (Univision)"", ""C-SPAN"", ""Misc Services 04 (digital)"", ""Travis County"", ""KBVO (Telefutura)"", ""Lifetime"", ""Oxygen"", ""ESPN"", ""LONGHORN"", ""ESPN2"", ""Fox Sports Net SW"", ""FS1"", ""National Geographic Channel"", ""Disney"", ""Nickelodeon"", ""Hallmark Channel"", ""ABC Family"", ""Animal Planet"", ""Cartoon Network"", ""Discovery Channel"", ""TLC"", ""MSNBC"", ""CNN"", ""CNN Headline News"", ""CNBC"", ""Fox News Channel"", ""The Weather Channel"", ""A&E"", ""USA"", ""TNT"", ""TBS"", ""FX"", ""EWTN"", ""AMC"", ""Bravo"", ""History Channel"", ""Travel Channel"", ""Discovery Health"", ""Food Network"", ""HGTV"", ""BET"", ""E!"", ""Sci-Fi Channel"", ""TruTV"", ""Spike TV"", ""Comedy Central"", ""TV Land"", ""Galavision""]",equijoin,Both columns contain TV channel names with significant direct overlap.,semsketch,1.0000,0.7800,1.0000,0.9267,1.0000,0.7800,3,True,True,Both columns contain TV channel names with significant direct overlap.,TV channel names show multiple direct matches after light normalization.,Both columns contain TV channel names with several exact matches and easily normalizable equivalents.,
autofj-wdc,TelevisionStation_left.csv,title,target_030122.csv,title,"[""BBC Red Button"", ""BBC News (TV channel)"", ""Channel 4"", ""MTV"", ""BBC World News"", ""ITV (TV network)"", ""CNN"", ""WABC-TV"", ""Game Show Network"", ""ESPN"", ""C-SPAN"", ""Discovery Channel"", ""Disney Channel"", ""Fox Sports Networks"", ""USA Network"", ""TNT (TV channel)"", ""The Weather Channel"", ""Showtime (TV channel)"", ""Toon Disney"", ""WAPA-TV"", ""NHK World"", ""Nickelodeon"", ""MSNBC"", ""BBC Two"", ""Nine Network"", ""S4C"", ""Cinemax"", ""WPXN-TV"", ""WPIX"", ""WTTW"", ""WGN-TV"", ""Yle Fem"", ""BBC One"", ""ITV (TV channel)"", ""MTV2"", ""VH1"", ""Sky News"", ""Lifetime (TV network)"", ""CNBC"", ""CNBC Europe"", ""CNBC Asia"", ""TLC (TV channel)"", ""Comedy Central"", ""Euronews"", ""WKAQ-TV"", ""Black Entertainment Television"", ""TechTV"", ""HSTN"", ""Spike (TV channel)"", ""ZDF"", ""Syfy (UK and Ireland)"", ""Syfy"", ""WSTE-DT"", ""WLII-DT"", ""BBC America"", ""Georgia Public Broadcasting"", ""Anime Network"", ""Zee TV"", ""Pro TV"", ""Antena 1 (Romania)"", ""The Nashville Network"", ""Al Arabiya"", ""Adult Swim"", ""MTV3""]","[""TV Guide Channel"", ""CBS"", ""PAX"", ""TV One"", ""ABC"", ""Lincoln University Video Studio"", ""Lincoln University Movie Channel"", ""Lincoln University local backfeed"", ""NBC"", ""UNI"", ""PBS"", ""ABC Family"", ""Nickelodeon"", ""Cartoon Channel"", ""Comedy Central"", ""WB"", ""BET"", ""MTV"", ""MTV2"", ""MTVU"", ""VH1"", ""VH1 Classic"", ""ESPN"", ""ESPN2"", ""ESPN News"", ""ESPN Classic"", ""ESPN U"", ""FOX"", ""NFL Network"", ""College Sports TV"", ""Spike"", ""Outdoor Channel"", ""A&E"", ""AMC"", ""Sci Fi"", ""FX"", ""TBS"", ""TBN"", ""TNT"", ""USA"", ""HBO1"", ""HBO2"", ""HBO3"", ""HBO4"", ""HBO5"", ""Fit TV"", ""SoapNet"", ""Women's Entertainment"", ""Lifetime"", ""E!"", ""Fine Living Channel"", ""DIY Channel"", ""Bloomberg"", ""CNBC"", ""Link TV"", ""UPN"", ""CNN"", ""CNN Headline News"", ""CSPAN"", ""CSPAN2"", ""MSNBC"", ""Fox News"", ""Weather Channel"", ""Church Channel""]",equijoin,Both columns contain TV channel names with significant direct overlap.,semsketch,1.0000,0.7800,1.0000,0.9267,1.0000,0.7800,3,True,True,Both columns contain TV channel names with significant direct overlap.,TV channel lists share direct network names after light normalization.,Both columns contain TV channel names with multiple exact matches and easily normalizable matches.,
autofj-wdc,Wrestler_left.csv,title,target_018670.csv,title,"[""Sean Waltman"", ""Pedro Morales"", ""Bruiser Brody"", ""Shirley Crabtree"", ""Lita (wrestler)"", ""Rey Mysterio"", ""Sgt. Slaughter"", ""Tony Halme"", ""Miss Elizabeth"", ""Freddie Blassie"", ""Chavo Guerrero, Sr."", ""Lex Luger"", ""Zach Gowen"", ""Linda Miles"", ""Tommy Dreamer"", ""Bret Hart"", ""Eric Bischoff"", ""Dawn Marie Psaltis"", ""Lance Storm"", ""Yoshihiro Tajiri"", ""Lisa Marie Varon"", ""Shawn Michaels"", ""Rob Van Dam"", ""Eddie Guerrero"", ""Chavo Guerrero, Jr."", ""James Maritato"", ""Sean Morley"", ""Stacy Keibler"", ""Torrie Wilson"", ""Raven (wrestler)"", ""John Layfield"", ""Rhyno"", ""Kane (wrestler)"", ""Daniel Hollie"", ""Sable (wrestler)"", ""Matt Bloom"", ""Ric Flair"", ""Bruno Sammartino"", ""Ted DiBiase"", ""The Undertaker"", ""Kurt Angle"", ""Road Warrior Hawk"", ""Stu Hart"", ""Matt Hardy"", ""Mike Lockwood"", ""Iron Sheik"", ""Frank Gotch"", ""Georg Hackenschmidt"", ""Chiyonofuji Mitsugu"", ""Roddy Piper"", ""Jerry Tuite"", ""Chris Jericho"", ""Jerry Lawler"", ""Rodney Begnaud"", ""Christian (wrestler)"", ""Scott Garland (wrestler)"", ""Shelton Benjamin"", ""Charlie Haas"", ""Scott Hall"", ""Kevin Nash"", ""Curt Hennig"", ""Nikolai Volkoff"", ""Man Mountain Dean"", ""Paul Heyman""]","[""The Rock"", ""The Undertaker"", ""Kurt Angle"", ""n.W.o (Kevin Nash, Scott Hall & X-Pac)"", ""Chris Benoit"", ""Kane"", ""\""Hollywood\"" Hulk Hogan"", ""Rob Van Dam"", ""Billy and Chuck"", ""Booker T"", ""Edge"", ""The Big Show"", ""Rikishi"", ""Bubba Ray Dudley"", ""D-Von Dudley"", ""Brock Lesnar"", ""Mark Henry"", ""William Regal"", ""Maven"", ""Lita"", ""Billy Kidman"", ""Bradshaw"", ""Tajiri"", ""Steven Richards"", ""Chris Jericho"", ""Matt Hardy"", ""Ivory"", ""Raven"", ""Albert"", ""Jeff Hardy"", ""The Hurricane"", ""Mr.Perfect"", ""Al Snow"", ""Spike Dudley"", ""Lance Storm"", ""D-Lo Brown"", ""Diamond Dallas Page"", ""Shawn Stasiak"", ""Torrie Wilson"", ""Terri"", ""Scotty 2 Hotty"", ""Jacqueline"", ""Stacy Keibler"", ""Goldust"", ""Christian"", ""Trish Stratus"", ""Test"", ""Justin Credible"", ""Faarooq"", ""Big Bossman"", ""Tazz"", ""Tommy Dreamer"", ""Hardcore Holly"", ""Crash Holly"", ""Val Venis"", ""Mighty Molly"", ""Perry Saturn""]",equijoin,The columns share a significant number of identical professional wrestler names.,semsketch,1.0000,0.8000,1.0000,0.9333,1.0000,0.8000,3,True,True,The columns share a significant number of identical professional wrestler names.,Professional wrestler names have several direct matches after cleanup.,Both columns contain professional wrestler names with several exact matches and easily normalizable matches.,
autofj-wdc,TelevisionStation_left.csv,title,target_074647.csv,title,"[""BBC Red Button"", ""BBC News (TV channel)"", ""Channel 4"", ""MTV"", ""BBC World News"", ""ITV (TV network)"", ""CNN"", ""WABC-TV"", ""Game Show Network"", ""ESPN"", ""C-SPAN"", ""Discovery Channel"", ""Disney Channel"", ""Fox Sports Networks"", ""USA Network"", ""TNT (TV channel)"", ""The Weather Channel"", ""Showtime (TV channel)"", ""Toon Disney"", ""WAPA-TV"", ""NHK World"", ""Nickelodeon"", ""MSNBC"", ""BBC Two"", ""Nine Network"", ""S4C"", ""Cinemax"", ""WPXN-TV"", ""WPIX"", ""WTTW"", ""WGN-TV"", ""Yle Fem"", ""BBC One"", ""ITV (TV channel)"", ""MTV2"", ""VH1"", ""Sky News"", ""Lifetime (TV network)"", ""CNBC"", ""CNBC Europe"", ""CNBC Asia"", ""TLC (TV channel)"", ""Comedy Central"", ""Euronews"", ""WKAQ-TV"", ""Black Entertainment Television"", ""TechTV"", ""HSTN"", ""Spike (TV channel)"", ""ZDF"", ""Syfy (UK and Ireland)"", ""Syfy"", ""WSTE-DT"", ""WLII-DT"", ""BBC America"", ""Georgia Public Broadcasting"", ""Anime Network"", ""Zee TV"", ""Pro TV"", ""Antena 1 (Romania)"", ""The Nashville Network"", ""Al Arabiya"", ""Adult Swim"", ""MTV3""]","[""TV2, Time, Weather, Sports"", ""KYW-3 CBS Philadelphia"", ""WPHL-17 My17 Philadelphia"", ""WTXF-29 Fox Philadelphia"", ""WPVI-6 ABC Philadelphia"", ""ME TV KJWP Wilmington"", ""WFMZ-69 Allentown"", ""WWOR-9 My9 New York"", ""WCAU-10 NBC Philadelphia"", ""WPIX-11 CW New York"", ""WLVT-39, PBS Allentown"", ""WNYW-5 Fox NY"", ""QVC"", ""TVGN, Channel Guide"", ""Univision, WUVP-65"", ""WNBC-4 NBC New York"", ""EWTN"", ""ION, WPPX-61"", ""LV Accu Weather"", ""WHYY-12, PBS Philadelphia"", ""Advertising"", ""ESPN"", ""ESPN 2"", ""ESPNews"", ""Comcast Network, CSS"", ""Comcast SportsNet, CSN"", ""NFL Network"", ""MLB Network"", ""Golf Channel"", ""Big Ten Network, BTN"", ""TBS"", ""TNT"", ""USA"", ""FX"", ""CNBC"", ""MSNBC"", ""Fox News"", ""CNN"", ""HLN Headline News"", ""Discovery Channel"", ""Animal Planet"", ""Lifetime"", ""A & E"", ""MTV"", ""VH-1"", ""WGTW-48 Philadelphia"", ""Public Access (PEG)/TV Guide"", ""WBPH-60 Bethlehem"", ""WPSG-57 CW Philadelphia"", ""Weather Channel"", ""Disney Channel"", ""Disney XD"", ""Cartoon Network"", ""Nickelodeon, Nick at Nite"", ""TV Land"", ""ABC Family"", ""Food Network"", ""HGTV"", ""Learning Channel, TLC"", ""History Channel"", ""Travel Channel"", ""CMT"", ""American Movie Classics, AMC"", ""Turner Classic Movies, TCM""]",equijoin,Both columns contain TV channel names with very high overlap.,semsketch,1.0000,0.7300,1.0000,0.9100,1.0000,0.7300,3,True,True,Both columns contain TV channel names with very high overlap.,"TV channel lists share some direct cable names, but overlap is moderate.",Both columns contain TV channel names with multiple exact matches and others that match after light normalization.,
autofj-wdc,TelevisionStation_left.csv,title,target_029169.csv,title,"[""BBC Red Button"", ""BBC News (TV channel)"", ""Channel 4"", ""MTV"", ""BBC World News"", ""ITV (TV network)"", ""CNN"", ""WABC-TV"", ""Game Show Network"", ""ESPN"", ""C-SPAN"", ""Discovery Channel"", ""Disney Channel"", ""Fox Sports Networks"", ""USA Network"", ""TNT (TV channel)"", ""The Weather Channel"", ""Showtime (TV channel)"", ""Toon Disney"", ""WAPA-TV"", ""NHK World"", ""Nickelodeon"", ""MSNBC"", ""BBC Two"", ""Nine Network"", ""S4C"", ""Cinemax"", ""WPXN-TV"", ""WPIX"", ""WTTW"", ""WGN-TV"", ""Yle Fem"", ""BBC One"", ""ITV (TV channel)"", ""MTV2"", ""VH1"", ""Sky News"", ""Lifetime (TV network)"", ""CNBC"", ""CNBC Europe"", ""CNBC Asia"", ""TLC (TV channel)"", ""Comedy Central"", ""Euronews"", ""WKAQ-TV"", ""Black Entertainment Television"", ""TechTV"", ""HSTN"", ""Spike (TV channel)"", ""ZDF"", ""Syfy (UK and Ireland)"", ""Syfy"", ""WSTE-DT"", ""WLII-DT"", ""BBC America"", ""Georgia Public Broadcasting"", ""Anime Network"", ""Zee TV"", ""Pro TV"", ""Antena 1 (Romania)"", ""The Nashville Network"", ""Al Arabiya"", ""Adult Swim"", ""MTV3""]","[""A&E NETWORK"", ""ABC FAMILY"", ""ADULT SWIM"", ""AMC"", ""ANIMAL PLANET"", ""BBC-AMERICA"", ""BIOGRAPHY CHANNEL"", ""BLACK ENTERTAINMENT TV"", ""BRAVO"", ""CABLE NEWS NETWORK"", ""CENTRIC"", ""CHILLER"", ""CMT"", ""CNBC"", ""CNN / HLN"", ""COMEDY CENTRAL"", ""CURRENT TV"", ""DISCOVERY CHANNEL"", ""DISCOVERY HD THEATER"", ""DISCOVERY HEALTH"", ""DISNEY CHANNEL"", ""DISNEY XD (formerly TOON DISNEY)"", ""DIY NETWORK"", ""E! ENTERTAINMENT TV"", ""ENCORE"", ""ENCORE PRIMARY"", ""ESPN"", ""ESPN CLASSIC"", ""ESPN2"", ""ESPNEWS"", ""ESPNU"", ""COOKING CHANNEL (formerly FINE LIVING)"", ""FITTV"", ""FOOD NETWORK"", ""FOX BUSINESS NETWORK"", ""FOX NEWS CHANNEL"", ""FOX REALITY"", ""FOX SOCCER CHANNEL"", ""FUSE"", ""FX"", ""G4"", ""GALAVISION"", ""GOLF CHANNEL"", ""GMC"", ""GREAT AMERICAN COUNTRY"", ""GSN"", ""HALLMARK CHANNEL"", ""HALLMARK MOVIE CHANNEL"", ""HBO - THE WORKS"", ""HBO PRIME"", ""HEADLINE NEWS"", ""HISTORY"", ""HISTORY INTERNATIONAL"", ""HOME AND GARDEN TV"", ""INDEPENDENT FILM CHANNEL"", ""INVESTIGATION DISCOVERY (formerly DISCOVERY TIMES)"", ""LIFETIME MOVIE NETWORK"", ""LIFETIME TELEVISION"", ""LOGO"", ""MAXPRIME"", ""MILITARY CHANNEL"", ""MLB NETWORK"", ""MSNBC"", ""MTV: MUSIC TELEVISION""]",equijoin,Both columns contain TV channel names with high overlap after case normalization.,deepjoin,1.0000,0.7200,1.0000,0.9067,1.0000,0.7200,3,True,True,Both columns contain TV channel names with high overlap after case normalization.,TV channel names overlap after case and acronym normalization.,Both columns contain TV channel names that can be joined via case-insensitive equijoin.,
autofj-wdc,Country_left.csv,title,target_006402.csv,title,"[""Algeria"", ""Andorra"", ""Aruba"", ""Angola"", ""Albania"", ""Afghanistan"", ""Azerbaijan"", ""Antigua and Barbuda"", ""Anguilla"", ""Akkadian Empire"", ""Almoravid dynasty"", ""Ammon"", ""Assyria"", ""Antigonid dynasty"", ""Austria-Hungary"", ""Durrani Empire"", ""Archbishopric of Riga"", ""Belgium"", ""Brazil"", ""Bulgaria"", ""Bassas da India"", ""Bangladesh"", ""Barbados"", ""The Bahamas"", ""Belarus"", ""Benin"", ""Belize"", ""Bermuda"", ""Bolivia"", ""Bosnia and Herzegovina"", ""Botswana"", ""Brunei"", ""British Virgin Islands"", ""Burkina Faso"", ""Bishopric of Brandenburg"", ""British Empire"", ""Colombia"", ""Czechoslovakia"", ""Czech Republic"", ""Comoros"", ""China"", ""Cameroon"", ""Cayman Islands"", ""Central African Republic"", ""Chad"", ""Chile"", ""Cocos (Keeling) Islands"", ""Christmas Island"", ""Costa Rica"", ""Croatia"", ""Cyprus"", ""Central Powers"", ""Confederate States of America"", ""Cook Islands"", ""Commonwealth of England"", ""Dominican Republic"", ""Dejima"", ""Dahomey"", ""European Union"", ""Ecuador"", ""El Salvador"", ""Equatorial Guinea"", ""Europa Island"", ""European Free Trade Association""]","[""Republic of Abkhazia"", ""Islamic Republic of Afghanistan"", ""Aland Islands (Finland)"", ""Republic of Albania"", ""People's Democratic Republic of Algeria"", ""Territory of American Samoa (USA)"", ""Principality of Andorra"", ""Republic of Angola"", ""Anguilla (UK)"", ""Antigua and Barbuda"", ""Argentine Republic"", ""Republic of Armenia"", ""Aruba (Netherlands)"", ""Territory of Ashmore and Cartier Islands (Australia)"", ""Commonwealth of Australia"", ""Republic of Austria"", ""Republic of Azerbaijan"", ""Commonwealth of the Bahamas"", ""Kingdom of Bahrain"", ""People's Republic of Bangladesh"", ""Barbados"", ""Baykonur Cosmodrome"", ""Republic of Belarus"", ""Kingdom of Belgium"", ""Belize"", ""Republic of Benin"", ""The Bermudas (UK)"", ""Kingdom of Bhutan"", ""Plurinational State of Bolivia"", ""Bosnia and Herzegovina"", ""Republic of Botswana"", ""Federative Republic of Brazil"", ""British Indian Ocean Territory (UK)"", ""British Virgin Islands (UK)"", ""State of Brunei Darussalam"", ""Republic of Bulgaria"", ""Burkina Faso"", ""Republic of Burundi"", ""Kingdom of Cambodia"", ""Republic of Cameroon"", ""Canada"", ""Republic of Cabo Verde"", ""Cayman Islands (UK)"", ""Central African Republic"", ""Republic of Chad"", ""Republic of Chile"", ""People's Republic of China"", ""Clipperton Island (France)"", ""Republic of Colombia"", ""Federal Islamic Republic of the Comoros"", ""Republic of the Congo"", ""Democratic Republic of the Congo"", ""Cook Islands (New Zealand)"", ""Coral Sea Islands Territory"", ""Republic of Costa Rica"", ""Republic of Croatia"", ""Republic of Cuba"", ""Curaçao (Netherlands)"", ""Republic of Cyprus"", ""Northern Cyprus"", ""Czech Republic"", ""Kingdom of Denmark"", ""Republic of Djibouti"", ""Commonwealth of Dominica""]",equijoin,The columns contain country names in different formats (short vs. formal) that can be normalized for a join.,snoopy,1.0000,0.7000,0.9500,0.8833,0.9500,0.7000,3,True,True,The columns contain country names in different formats (short vs. formal) that can be normalized for a join.,"Country entities align, but formal names weaken pure equality evidence.",Both columns contain country names with several exact matches and others that can be aligned via standard normalization.,
autofj-wdc,TelevisionStation_left.csv,title,target_073080.csv,title,"[""BBC Red Button"", ""BBC News (TV channel)"", ""Channel 4"", ""MTV"", ""BBC World News"", ""ITV (TV network)"", ""CNN"", ""WABC-TV"", ""Game Show Network"", ""ESPN"", ""C-SPAN"", ""Discovery Channel"", ""Disney Channel"", ""Fox Sports Networks"", ""USA Network"", ""TNT (TV channel)"", ""The Weather Channel"", ""Showtime (TV channel)"", ""Toon Disney"", ""WAPA-TV"", ""NHK World"", ""Nickelodeon"", ""MSNBC"", ""BBC Two"", ""Nine Network"", ""S4C"", ""Cinemax"", ""WPXN-TV"", ""WPIX"", ""WTTW"", ""WGN-TV"", ""Yle Fem"", ""BBC One"", ""ITV (TV channel)"", ""MTV2"", ""VH1"", ""Sky News"", ""Lifetime (TV network)"", ""CNBC"", ""CNBC Europe"", ""CNBC Asia"", ""TLC (TV channel)"", ""Comedy Central"", ""Euronews"", ""WKAQ-TV"", ""Black Entertainment Television"", ""TechTV"", ""HSTN"", ""Spike (TV channel)"", ""ZDF"", ""Syfy (UK and Ireland)"", ""Syfy"", ""WSTE-DT"", ""WLII-DT"", ""BBC America"", ""Georgia Public Broadcasting"", ""Anime Network"", ""Zee TV"", ""Pro TV"", ""Antena 1 (Romania)"", ""The Nashville Network"", ""Al Arabiya"", ""Adult Swim"", ""MTV3""]","[""Canal 2 TVEO"", ""VH1"", ""TN"", ""América 24"", ""C5N"", ""Fox Sports 3"", ""Crónica TV"", ""Canal 26"", ""CN23"", ""Canal 6 Bariloche"", ""Mundo FOX"", ""Canal 7 TV Pública"", ""Guia de programación"", ""FM Bariloche"", ""Encuentro"", ""Telefé"", ""América 2"", ""Canal 9 Bs As"", ""Deportv"", ""Fox Sports"", ""Fox Sports 2"", ""ESPN"", ""ESPN +"", ""TyC Sports"", ""Golden"", ""PAKA PAKA"", ""Disney Channel"", ""Discovery Kids"", ""Nickelodeon"", ""Disney XD"", ""Cartoon Network"", ""TELESUR"", ""CNN Español"", ""Canal Fox"", ""Universal"", ""Warner"", ""Sony"", ""Cinecanal"", ""Cinemax"", ""Space"", ""TNT"", ""AMC"", ""Studio Universal"", ""Film Zone"", ""Nat. Geographics"", ""FOX 1"", ""FOX Movies"", ""FOX Classic"", ""HBO"", ""HBO 2"", ""HBO PLUS"", ""Venus"", ""Playboy"", ""Discovery Channel"", ""Animal Planet"", ""History"", ""Fox Life"", ""El Gourmet"", ""Casa Club"", ""Canal de las Estrellas"", ""FX"", ""A&E"", ""E! Entertainment"", ""AXN""]",equijoin,"Both columns contain TV channel names with significant direct overlap including VH1, ESPN, and CNN.",deepjoin;snoopy,1.0000,0.6800,1.0000,0.8933,1.0000,0.6800,2,False,True,"Both columns contain TV channel names with significant direct overlap including VH1, ESPN, and CNN.",TV-channel domain overlap is real but exact evidence is sparse.,"Both columns contain TV channel names with exact matches like VH1, ESPN, Disney Channel, Nickelodeon, and Cinemax.",1.00
autofj-wdc,Drug_left.csv,title,target_060199.csv,title,"[""Aspirin"", ""Ampicillin"", ""Amphetamine"", ""Amoxicillin"", ""BCG vaccine"", ""Chloramphenicol"", ""Ciprofloxacin"", ""Caffeine"", ""Carbamazepine"", ""Cocaine"", ""Dimethyltryptamine"", ""Dehydroepiandrosterone"", ""MDMA"", ""Erythromycin"", ""Epinephrine"", ""Flunitrazepam"", ""Gamma-Hydroxybutyric acid"", ""Heroin"", ""Hydrocodone"", ""Ketamine"", ""Ketoprofen"", ""Lysergic acid diethylamide"", ""Morphine"", ""Modafinil"", ""Methadone"", ""Oxycodone"", ""Penicillin"", ""Phencyclidine"", ""Quinine"", ""Sulfur"", ""Scopolamine"", ""Sodium thiopental"", ""Tetracycline"", ""Testosterone"", ""Theobromine"", ""Vitamin C"", ""Sildenafil"", ""Paclitaxel"", ""Nicotine"", ""Botulinum toxin"", ""Darbepoetin alfa"", ""Laudanum"", ""Mescaline"", ""Clozapine"", ""Phenytoin"", ""Thalidomide"", ""Valproic acid"", ""Tetrahydrocannabinol"", ""Theophylline"", ""Alpha-Methyltryptamine"", ""Progesterone"", ""Pseudoephedrine"", ""MMR vaccine"", ""Ribavirin"", ""Paracetamol"", ""Adenosine"", ""Inosine"", ""Trimethoprim"", ""Paroxetine"", ""Fentanyl"", ""Triprolidine"", ""Trifluoperazine"", ""Halothane"", ""Naloxone""]","[""Codeine"", ""Dihydroetorphine"", ""Ethylmorphine"", ""Etorphine hydrochloride"", ""Granulated opium"", ""Hydrocodone"", ""Hydromorphone"", ""Metopon"", ""Morphine"", ""Opium extracts"", ""Opium fluid"", ""Oripavine"", ""Oxycodone"", ""Oxymorphone"", ""Powdered opium"", ""Raw opium"", ""Thebaine"", ""Tincture of opium"", ""Opium poppy and poppy straw"", ""Coca, leaves and any salt, compound, derivative or preparation of coca leaves"", ""Cocaine, and its salts, isomers, derivatives and salts of isomers and derivatives"", ""Ecgonine, and its salts, isomers, derivatives and salts of isomers and derivatives"", ""Concentrate of poppy straw (the crude extract of poppy straw in either liquid, solid or powder form which contains the phenanthrene alkaloids of the opium poppy)"", ""Alfentanil"", ""Alphaprodine"", ""Anileridine"", ""Bezitramide"", ""Bulk dextropropoxyphene (non-dosage forms)"", ""Carfentanil"", ""Dihydrocodeine"", ""Diphenoxylate"", ""Fentanyl"", ""Isomethadone"", ""Levo-alphacetylmethadol"", ""Levomethorphan"", ""Levorphanol"", ""Metazocine"", ""Methadone"", ""Methadone intermediate: 4-cyano-2-dimethylamino-4,4-diphenyl butane"", ""Moramide intermediate: 2-methyl-3-morpholino-1,1-diphenylpropane-carboxylic acid"", ""Pethidine (meperidine)"", ""Pethidine intermediate A: 4-cyano-1-methyl-4-phenylpiperidine"", ""Pethidine intermediate B, ethyl-4-phenylpiperidine-4-carboxylate"", ""Pethidine intermediate C, 1-methyl-4-phenylpiperidine-4-carboxylic acid"", ""Phenazocine"", ""Piminodine"", ""Racemethorphan"", ""Racemorphan"", ""Remifentanil"", ""Sufentanil"", ""Tapentadol"", ""Amphetamine, its salts, optical isomers, and salts of its optical isomers (Adderall)"", ""Methamphetamine, its salts, isomers, and salts of its isomers"", ""Phenmetrazine and its salts"", ""Methylphenidate (Ritalin, Concerta, etc.)"", ""Lisdexamfetamine (Vyvanse), its salts, isomers, and salts of its isomers"", ""Amobarbital"", ""Glutethimide"", ""Pentobarbital"", ""Phencyclidine"", ""Secobarbital"", ""Nabilone"", ""Phenylacetone"", ""1-phenylcyclohexylamine""]",equijoin,Both columns contain names of controlled substances with significant direct overlap.,snoopy,1.0000,0.6600,1.0000,0.8867,1.0000,0.6600,2,False,True,Both columns contain names of controlled substances with significant direct overlap.,"Drug columns share some exact controlled-substance names, but coverage is limited.","Both columns contain drug names with several exact matches such as Hydrocodone, Morphine, Oxycodone, and Methadone.",1.00
autofj-wdc,SoccerLeague_left.csv,title,target_022105.csv,title,"[""Premier League"", ""Serie A"", ""Schleswig-Holstein"", ""La Liga"", ""Mitropa Cup"", ""AF2"", ""Arena Football League"", ""Scottish Football League"", ""Women's United Soccer Association"", ""Major League Soccer"", ""Scottish Premier League"", ""Highland Football League"", ""USL First Division"", ""Welsh Premier League"", ""Victorian Football League"", ""Football Conference"", ""English Premiership (rugby union)"", ""Athenian League"", ""National Indoor Football League"", ""Combined Counties Football League"", ""Isthmian League"", ""Northern Premier League"", ""Northern Football League"", ""West Australian Football League"", ""South Australian National Football League"", ""USL Second Division"", ""United Soccer Leagues"", ""W-League"", ""Northern Counties East Football League"", ""North Caledonian Football League"", ""East of Scotland Football League"", ""Scottish Amateur Football Association"", ""J. League Division 1"", ""Serie B"", ""Football League Fourth Division"", ""National Soccer League"", ""Isle of Man Football League"", ""Gibraltar Football League"", ""United States Adult Soccer Association"", ""Scottish Football League Second Division"", ""Scottish Football League First Division"", ""Scottish Football League Third Division"", ""Football League Second Division"", ""Southern Football League"", ""Cymru Alliance"", ""North West Counties Football League"", ""World Indoor Soccer League"", ""Football Alliance"", ""Northern Premier League Premier Division"", ""Welsh Football League Division One"", ""Welsh Football League Division Two"", ""Welsh Football League Division Three"", ""Iran Pro League"", ""Tippeligaen"", ""Campeonato Pernambucano"", ""Welsh Football League"", ""Western Football League"", ""Midland Football Alliance"", ""Kent Football League"", ""Hellenic Football League"", ""Essex Senior Football League"", ""Spartan South Midlands Football League"", ""Conference North"", ""Conference South""]","[""1. Division"", ""Liga I"", ""Serie C grp. B"", ""Division Intermedia"", ""First Division Grp. A"", ""National League"", ""Championnat National"", ""Primera Division - Torneo de Adecuacion"", ""Premier League"", ""Championnat National de Ligue 1"", ""Primera B Metropolitana"", ""Primera Division"", ""Virsliga"", ""China League"", ""Serie A - Clausura"", ""Segunda Division"", ""EURO qualification grp. G"", ""Primera B Nacional"", ""Girabola"", ""Veikkausliiga"", ""Ligue 1"", ""Super League"", ""Super Liga"", ""Mocambola"", ""K. League Classic"", ""1. Divisjon"", ""V-league 2"", ""FKF Premier League"", ""Allsvenskan Soedra U21"", ""J. League 2nd stage"", ""2. Division Soedra Goetaland"", ""Allsvenskan"", ""Oberliga Bayern South"", ""K. League Challenge"", ""NASL Fall Season"", ""Primera C"", ""J. League 2"", ""First Division Grp. B"", ""Primera A Clausura"", ""Serie B"", ""Superettan"", ""National Super League Zone B"", ""EURO qualification grp. H"", ""2. Divisjon avd. 3"", ""2. Divisjon avd. 4"", ""Primera División - Apertura"", ""Serie C grp. A"", ""Urvalsdeild"", ""Tippeligaen"", ""J. League 1st stage"", ""V-league"", ""Professional Football League"", ""Major League Soccer"", ""Division Profesional - Clausura"", ""Regionalliga Bayern"", ""Primera B"", ""Ekstraklasa"", ""National Football League"", ""Kolmonen Helsinki and Uusimaa III"", ""2. Division Soedra Svealand"", ""2. Division Vaestra Goetaland"", ""1. Division North"", ""Serie A"", ""USL""]",equijoin,Both columns contain names of soccer leagues with multiple exact value matches.,semsketch,1.0000,0.6600,1.0000,0.8867,1.0000,0.6600,2,False,True,Both columns contain names of soccer leagues with multiple exact value matches.,Soccer league names share a few exact titles but coverage is partial.,Both columns contain soccer league names with exact matches like 'Premier League' and 'Serie B'.,1.00
autofj-wdc,SportsLeague_left.csv,title,target_022105.csv,title,"[""American Football League"", ""Devon"", ""Premier League"", ""Italian Football League"", ""Serie A"", ""National Football League"", ""National Hockey League"", ""National Basketball Association"", ""Rugby World Cup"", ""Six Nations Championship"", ""Schleswig-Holstein"", ""World Series of Poker"", ""XFL"", ""La Liga"", ""Major League Baseball"", ""Mitropa Cup"", ""Canadian Football League"", ""Women's National Basketball Association"", ""AF2"", ""Arena Football League"", ""Scottish Football League"", ""Atlantic League of Professional Baseball"", ""National League"", ""American League"", ""Western Baseball League"", ""World Football League"", ""United States Football League"", ""Canadian Baseball League"", ""Central Baseball League"", ""Frontier League"", ""Southeastern League"", ""Pacific Coast League"", ""Eastern League (baseball)"", ""Southern League (baseball)"", ""Texas League"", ""California League"", ""Carolina League"", ""Florida State League"", ""Midwest League"", ""South Atlantic League"", ""Appalachian League"", ""Northwest League"", ""Pioneer League (baseball)"", ""Arizona League"", ""Gulf Coast League"", ""Arizona Fall League"", ""Women's United Soccer Association"", ""Major League Soccer"", ""American Basketball Association"", ""Cumbria"", ""All-America Football Conference"", ""Baloncesto Superior Nacional"", ""National Lacrosse League"", ""Nippon Professional Baseball"", ""NFL Europe"", ""The Rugby Championship"", ""America's Cup"", ""LPGA"", ""Caribbean Series"", ""IRB Sevens World Series"", ""Hong Kong Sevens"", ""American Hockey League"", ""X Games"", ""Professional Golfers' Association of America""]","[""1. Division"", ""Liga I"", ""Serie C grp. B"", ""Division Intermedia"", ""First Division Grp. A"", ""National League"", ""Championnat National"", ""Primera Division - Torneo de Adecuacion"", ""Premier League"", ""Championnat National de Ligue 1"", ""Primera B Metropolitana"", ""Primera Division"", ""Virsliga"", ""China League"", ""Serie A - Clausura"", ""Segunda Division"", ""EURO qualification grp. G"", ""Primera B Nacional"", ""Girabola"", ""Veikkausliiga"", ""Ligue 1"", ""Super League"", ""Super Liga"", ""Mocambola"", ""K. League Classic"", ""1. Divisjon"", ""V-league 2"", ""FKF Premier League"", ""Allsvenskan Soedra U21"", ""J. League 2nd stage"", ""2. Division Soedra Goetaland"", ""Allsvenskan"", ""Oberliga Bayern South"", ""K. League Challenge"", ""NASL Fall Season"", ""Primera C"", ""J. League 2"", ""First Division Grp. B"", ""Primera A Clausura"", ""Serie B"", ""Superettan"", ""National Super League Zone B"", ""EURO qualification grp. H"", ""2. Divisjon avd. 3"", ""2. Divisjon avd. 4"", ""Primera División - Apertura"", ""Serie C grp. A"", ""Urvalsdeild"", ""Tippeligaen"", ""J. League 1st stage"", ""V-league"", ""Professional Football League"", ""Major League Soccer"", ""Division Profesional - Clausura"", ""Regionalliga Bayern"", ""Primera B"", ""Ekstraklasa"", ""National Football League"", ""Kolmonen Helsinki and Uusimaa III"", ""2. Division Soedra Svealand"", ""2. Division Vaestra Goetaland"", ""1. Division North"", ""Serie A"", ""USL""]",equijoin,"Both columns list sports league names with several direct matches like ""Premier League"" and ""Serie A"".",semsketch,1.0000,0.6400,1.0000,0.8800,1.0000,0.6400,2,False,True,"Both columns list sports league names with several direct matches like ""Premier League"" and ""Serie A"".","Sports league overlap exists, but the candidate is mostly soccer-specific.",Both columns contain sports league names with exact matches such as 'Premier League' and 'National League'.,1.00
autofj-wdc,Stadium_left.csv,title,target_032328.csv,title,"[""Craven Cottage"", ""Cardiff Arms Park"", ""Melbourne Cricket Ground"", ""Shea Stadium"", ""Yankee Stadium (1923)"", ""Wrigley Field"", ""King Baudouin Stadium"", ""Madison Square Garden"", ""Sun Devil Stadium"", ""Busch Memorial Stadium"", ""Dodger Stadium"", ""Wembley Stadium (1923)"", ""Hillsborough Stadium"", ""Lambeau Field"", ""Rogers Centre"", ""Candlestick Park"", ""Easter Road"", ""Anfield"", ""CenturyLink Field"", ""Roberto Clemente Coliseum"", ""Riverside Park, Dawson Springs"", ""Bell Centre"", ""Scandinavium"", ""Ullevi"", ""Camp Nou"", ""San Siro"", ""Target Center"", ""Hubert H. Humphrey Metrodome"", ""Metropolitan Stadium"", ""Xcel Energy Center"", ""Chase Field"", ""Lincoln Financial Field"", ""US Airways Center"", ""Molineux Stadium"", ""Nippon Budokan"", ""Rose Garden (arena)"", ""Veterans Stadium"", ""Reliant Astrodome"", ""Minute Maid Park"", ""Nickerson Field"", ""Arsenal Stadium"", ""Camp Randall Stadium"", ""Toyota Center"", ""Reliant Stadium"", ""Lakewood Church Central Campus"", ""Alexandra Palace"", ""Stadium of Light"", ""Giants Stadium"", ""Croke Park"", ""American Airlines Arena"", ""Pepsi Center"", ""Rangers Ballpark in Arlington"", ""Arlington Stadium"", ""Comerica Park"", ""Tiger Stadium (Detroit)"", ""Progressive Field"", ""Oriole Park at Camden Yards"", ""Don Valley Stadium"", ""Stadium Australia"", ""Citizens Bank Park"", ""M&T Bank Stadium"", ""Khasbag"", ""Safeco Field"", ""Lockhart Stadium""]","[""i wireless Center"", ""Van Andel Arena"", ""Joe Louis Arena"", ""Schottenstein Center"", ""Madison Square Garden"", ""Bell Centre"", ""Air Canada Centre"", ""Wells Fargo Center"", ""Consol Energy Center"", ""XL Center"", ""DCU Center"", ""Verizon Center"", ""Philips Arena"", ""Amway Center"", ""BB&T Center"", ""Rexall Place"", ""Scotiabank Saddledome"", ""SaskTel Centre"", ""Fargodome"", ""CenturyLink Center Omaha"", ""Target Center"", ""BMO Harris Bradley Center"", ""KFC Yum! Center"", ""Scottrade Center"", ""Allstate Arena"", ""American Airlines Center"", ""Toyota Center"", ""Sprint Center"", ""BOK Center"", ""INTRUST Bank Arena"", ""Pepsi Center"", ""EnergySolutions Arena"", ""Idaho Center"", ""Staples Center"", ""MGM Grand Garden Arena"", ""SAP Center"", ""Encore Theater"", ""Moda Center"", ""Tacoma Dome"", ""Spokane Arena"", ""Rogers Arena"", ""Magnetic Hill"", ""Lebreton Flats"", ""Molson Canadian Amphitheatre"", ""Revel Resort and Casino"", ""Hersheypark Stadium"", ""DTE Energy Music Theatre"", ""Blossom Music Center"", ""Riverbend Music Center"", ""Klipsch Music Center"", ""Saratoga Performing Arts Center"", ""Darien Lake Performing Arts Center"", ""PNC Music Pavilion"", ""Farm Bureau Live at Virginia Beach"", ""Ancienne Belgique"", ""Zenith de Paris"", ""Heineken Music Hall"", ""Falkoner Theatre"", ""Ericsson Globe"", ""Hovet"", ""Hartwall Arena"", ""O2 World Hamburg"", ""Lanxess Arena"", ""Festhalle Frankfurt""]",equijoin,"The columns contain numerous matching arena and stadium names, such as ""Madison Square Garden"", ""Bell Centre"", and ""Joe Louis Arena"".",deepjoin,1.0000,0.6800,1.0000,0.8933,1.0000,0.6800,2,False,True,"The columns contain numerous matching arena and stadium names, such as ""Madison Square Garden"", ""Bell Centre"", and ""Joe Louis Arena"".",Venue names have a few exact arena matches within the same domain.,"Both columns contain stadium and arena names with several exact matches, making them suitable for an equijoin.",1.00
autofj-wdc,Stadium_left.csv,title,target_043723.csv,title,"[""Craven Cottage"", ""Cardiff Arms Park"", ""Melbourne Cricket Ground"", ""Shea Stadium"", ""Yankee Stadium (1923)"", ""Wrigley Field"", ""King Baudouin Stadium"", ""Madison Square Garden"", ""Sun Devil Stadium"", ""Busch Memorial Stadium"", ""Dodger Stadium"", ""Wembley Stadium (1923)"", ""Hillsborough Stadium"", ""Lambeau Field"", ""Rogers Centre"", ""Candlestick Park"", ""Easter Road"", ""Anfield"", ""CenturyLink Field"", ""Roberto Clemente Coliseum"", ""Riverside Park, Dawson Springs"", ""Bell Centre"", ""Scandinavium"", ""Ullevi"", ""Camp Nou"", ""San Siro"", ""Target Center"", ""Hubert H. Humphrey Metrodome"", ""Metropolitan Stadium"", ""Xcel Energy Center"", ""Chase Field"", ""Lincoln Financial Field"", ""US Airways Center"", ""Molineux Stadium"", ""Nippon Budokan"", ""Rose Garden (arena)"", ""Veterans Stadium"", ""Reliant Astrodome"", ""Minute Maid Park"", ""Nickerson Field"", ""Arsenal Stadium"", ""Camp Randall Stadium"", ""Toyota Center"", ""Reliant Stadium"", ""Lakewood Church Central Campus"", ""Alexandra Palace"", ""Stadium of Light"", ""Giants Stadium"", ""Croke Park"", ""American Airlines Arena"", ""Pepsi Center"", ""Rangers Ballpark in Arlington"", ""Arlington Stadium"", ""Comerica Park"", ""Tiger Stadium (Detroit)"", ""Progressive Field"", ""Oriole Park at Camden Yards"", ""Don Valley Stadium"", ""Stadium Australia"", ""Citizens Bank Park"", ""M&T Bank Stadium"", ""Khasbag"", ""Safeco Field"", ""Lockhart Stadium""]","[""i wireless Center"", ""Van Andel Arena"", ""Joe Louis Arena"", ""Schottenstein Center"", ""Madison Square Garden"", ""Bell Centre"", ""Air Canada Centre"", ""Wells Fargo Center"", ""Consol Energy Center"", ""XL Center"", ""DCU Center"", ""Verizon Center"", ""Philips Arena"", ""Amway Center"", ""BB&T Center"", ""Rexall Place"", ""Scotiabank Saddledome"", ""SaskTel Centre"", ""Fargodome"", ""CenturyLink Center Omaha"", ""Target Center"", ""BMO Harris Bradley Center"", ""KFC Yum! Center"", ""Scottrade Center"", ""Allstate Arena"", ""American Airlines Center"", ""Toyota Center"", ""Sprint Center"", ""BOK Center"", ""INTRUST Bank Arena"", ""Pepsi Center"", ""EnergySolutions Arena"", ""Idaho Center"", ""Staples Center"", ""MGM Grand Garden Arena"", ""SAP Center"", ""Encore Theater"", ""Moda Center"", ""Tacoma Dome"", ""Spokane Arena"", ""Rogers Arena"", ""Magnetic Hill"", ""Lebreton Flats"", ""Molson Canadian Amphitheatre"", ""Revel Resort and Casino"", ""Hersheypark Stadium"", ""DTE Energy Music Theatre"", ""Blossom Music Center"", ""Riverbend Music Center"", ""Klipsch Music Center"", ""Saratoga Performing Arts Center"", ""Darien Lake Performing Arts Center"", ""PNC Music Pavilion"", ""Farm Bureau Live at Virginia Beach"", ""Ancienne Belgique"", ""Zenith de Paris"", ""Heineken Music Hall"", ""Falkoner Theatre"", ""Ericsson Globe"", ""Hovet"", ""Hartwall Arena"", ""O2 World Hamburg"", ""Lanxess Arena"", ""Festhalle Frankfurt""]",equijoin,"The columns contain numerous matching arena and stadium names, such as ""Madison Square Garden"", ""Bell Centre"", and ""Joe Louis Arena"".",deepjoin,1.0000,0.6800,1.0000,0.8933,1.0000,0.6800,2,False,True,"The columns contain numerous matching arena and stadium names, such as ""Madison Square Garden"", ""Bell Centre"", and ""Joe Louis Arena"".",Venue names have a few exact arena matches within the same domain.,Both columns contain stadium and arena names with several exact matches such as 'Madison Square Garden' and 'Bell Centre'.,1.00
autofj-wdc,GovernmentAgency_left.csv,title,target_006804.csv,title,"[""Canadian Radio-television and Telecommunications Commission"", ""Cheka"", ""Centers for Disease Control and Prevention"", ""California Department of Transportation"", ""DARPA"", ""European Environment Agency"", ""Federal Bureau of Investigation"", ""Federal Aviation Administration"", ""Food and Drug Administration"", ""Government Communications Headquarters"", ""Gestapo"", ""Kennedy Space Center"", ""Jet Propulsion Laboratory"", ""National Transportation Safety Board"", ""National Institute of Standards and Technology"", ""National Security Agency"", ""Office of Strategic Services"", ""Schutzstaffel"", ""Strategic Defense Initiative"", ""Stasi"", ""United States Department of State"", ""Joint Intelligence Committee (United Kingdom)"", ""Australian Security Intelligence Organisation"", ""Australian Secret Intelligence Service"", ""Defence Signals Directorate"", ""National Oceanic and Atmospheric Administration"", ""United States Forest Service"", ""United States National Security Council"", ""Executive Office of the President of the United States"", ""Office of Management and Budget"", ""United States Department of Labor"", ""State Council of the People's Republic of China"", ""Sicherheitsdienst"", ""National Institutes of Health"", ""Ames Research Center"", ""Office of National Assessments"", ""United States Postal Service"", ""United States Post Office Department"", ""United States Atomic Energy Commission"", ""Defense Information Systems Agency"", ""United States Department of Justice"", ""Ministry of Internal Affairs (Russia)"", ""United States Department of the Treasury"", ""Bureau of Land Management"", ""Sturmabteilung"", ""U.S. Securities and Exchange Commission"", ""Interstate Commerce Commission"", ""Farm Credit Administration"", ""Works Progress Administration"", ""Federal Housing Administration"", ""Office of Price Administration"", ""Federal Communications Commission"", ""Federal Energy Regulatory Commission"", ""United States Census Bureau"", ""United States Department of Transportation"", ""United States Department of Homeland Security"", ""United States Department of Health and Human Services"", ""United States Environmental Protection Agency"", ""Meteorological Service of Canada"", ""Foreign and Commonwealth Office"", ""Ballistic Missile Defense Organization"", ""United States Department of Energy"", ""Her Majesty's Civil Service"", ""United States Department of Commerce""]","[""Department of State"", ""Defense Intelligence Agency"", ""Defense Office of the Inspector General"", ""Broadcasting Board of Governors"", ""Smithsonian Institution"", ""Corporation for National and Community Service"", ""Environmental Protection Agency"", ""National Transportation Safety Board"", ""Defense Logistics Agency"", ""Department of the Navy"", ""National Aeronautics and Space Administration"", ""Defense Army and Air Force Exchange"", ""Department of Energy"", ""Department of the Air Force"", ""Defense Contract Management Agency"", ""Department of the Interior"", ""Defense Commissary Agency"", ""Defense National Guard Bureau"", ""Department of Labor"", ""Department of Veterans Affairs"", ""Department of the Army"", ""Department of Justice"", ""Department of the Treasury"", ""General Services Administration"", ""U.S. Postal Service"", ""Department of Health and Human Services"", ""Department of Agriculture"", ""Defense Finance and Accounting Service"", ""Equal Employment Opportunity Commission"", ""Nuclear Regulatory Commission"", ""Social Security Administration"", ""Department of Transportation"", ""Department of Commerce"", ""Department of Homeland Security"", ""Defense Contract Audit Agency"", ""Department of Housing and Urban Development"", ""Federal Deposit Insurance Corporation"", ""Defense National Geospatial-Intelligence"", ""Agency for International Development"", ""Armed Forces Retirement Home"", ""Central Intelligence Agency"", ""Commodity Futures Trading Commission"", ""Consumer Product Safety Commission"", ""Court Services and Offender Supervision Agency for the District of Columbia"", ""Defense Dependent Education Activity"", ""Defense Human Resource Activity"", ""Defense Information Systems Agency"", ""Defense National Security Agency"", ""Defense Nuclear Facilities Safety Board"", ""Defense Office of the Secretary"", ""Defense Security Service"", ""Defense Threat Reduction Agency"", ""Defense Uniformed Services University"", ""Department of Education"", ""EOP - National Drug Control Policy"", ""EOP - Office of Administration"", ""EOP - Office of Management and Budget"", ""EOP - Office of the U.S. Trade Representative"", ""Export-Import Bank of the US"", ""Farm Credit Administration"", ""Federal Communications Commission"", ""Federal Election Commission"", ""Federal Energy Regulatory Commission"", ""Federal Housing Finance Board""]",equijoin,"Both columns contain names of government agencies with significant value overlap, such as ""National Transportation Safety Board"" and ""Department of Labor"".",semsketch,1.0000,0.7000,1.0000,0.9000,1.0000,0.7000,3,True,True,"Both columns contain names of government agencies with significant value overlap, such as ""National Transportation Safety Board"" and ""Department of Labor"".",Government agency names have several exact matches with partial coverage.,Both columns contain names of government agencies with direct exact matches and highly alignable values.,
autofj-wdc,GivenName_left.csv,title,target_061434.csv,title,"[""Adrian"", ""Alexander"", ""Anastasius"", ""Alexius"", ""Alexandra"", ""Cyril"", ""Judah"", ""Luke"", ""Michael"", ""Ferdinand"", ""Howard"", ""Charles"", ""Julia (given name)"", ""Theodoric"", ""Arnulf"", ""Chloe"", ""Fatima (given name)"", ""Catherine"", ""Cormac"", ""Shannon (given name)"", ""Fanny (given name)"", ""Kanae"", ""Lyfing (given name)"", ""Fritz"", ""Bernard"", ""Axel (name)"", ""Jonathan (name)"", ""Constance (name)"", ""Dominic"", ""Edward"", ""Blake"", ""Yoshihito"", ""Stephen"", ""Keiko (given name)"", ""Maria (given name)"", ""Eleanor"", ""Indira"", ""Rajagopalachari"", ""Andrea"", ""Erin"", ""Abe (given name)"", ""Amy"", ""Tony"", ""Anastasia"", ""Lovisa"", ""Ali (name)"", ""Demetrius"", ""Abdullah (name)"", ""Cristian"", ""Nathan (given name)"", ""Nathaniel"", ""Kenzo"", ""Hubert"", ""Brent"", ""Nanao"", ""Aivaras"", ""Abdi"", ""Raymond"", ""Rupert (name)"", ""Haimirich"", ""Bulat"", ""Terry"", ""Bradley"", ""Theophilus""]","[""Peter"", ""Reto"", ""Brad"", ""Hamish"", ""Frederic"", ""Simon"", ""Cedric"", ""Daniel"", ""Volodymyr"", ""Samuel"", ""Shane"", ""Filip"", ""Sven"", ""Maik"", ""Greg"", ""Stuart"", ""Paulo"", ""Brent"", ""Andy"", ""Joe"", ""Csaba"", ""Jan"", ""Virgilio"", ""Raymond"", ""Jose"", ""Terenzo"", ""Junichi"", ""Andreas"", ""Axel"", ""Igor"", ""Andrea"", ""William"", ""Courtney"", ""Hiroyuki"", ""Paul"", ""Kris"", ""Dan"", ""Martin"", ""Hunter"", ""Ran"", ""Christian"", ""Dennis"", ""Tony"", ""Sebastian"", ""Hendrik"", ""Hirokatsu"", ""Marko"", ""Yuichi"", ""Richard"", ""Tsukasa"", ""Sander"", ""Seth"", ""Craig"", ""Dirk"", ""Didier"", ""Eligio"", ""Antonio"", ""Alessandro"", ""Bevan"", ""Norbert"", ""Tim"", ""Mark"", ""Marek"", ""Andrew""]",equijoin,"Both columns contain human given names from the same value domain, with several direct matches.",snoopy,1.0000,0.5800,0.9500,0.8433,0.9500,0.5800,2,False,True,"Both columns contain human given names from the same value domain, with several direct matches.","Only a few common given names overlap, so equijoin evidence is weak.",Both columns contain human given names with direct matches like 'Andrea' and others that match after removing parenthetical suffixes.,1.00
autofj-wdc,Stadium_left.csv,title,target_055324.csv,title,"[""Craven Cottage"", ""Cardiff Arms Park"", ""Melbourne Cricket Ground"", ""Shea Stadium"", ""Yankee Stadium (1923)"", ""Wrigley Field"", ""King Baudouin Stadium"", ""Madison Square Garden"", ""Sun Devil Stadium"", ""Busch Memorial Stadium"", ""Dodger Stadium"", ""Wembley Stadium (1923)"", ""Hillsborough Stadium"", ""Lambeau Field"", ""Rogers Centre"", ""Candlestick Park"", ""Easter Road"", ""Anfield"", ""CenturyLink Field"", ""Roberto Clemente Coliseum"", ""Riverside Park, Dawson Springs"", ""Bell Centre"", ""Scandinavium"", ""Ullevi"", ""Camp Nou"", ""San Siro"", ""Target Center"", ""Hubert H. Humphrey Metrodome"", ""Metropolitan Stadium"", ""Xcel Energy Center"", ""Chase Field"", ""Lincoln Financial Field"", ""US Airways Center"", ""Molineux Stadium"", ""Nippon Budokan"", ""Rose Garden (arena)"", ""Veterans Stadium"", ""Reliant Astrodome"", ""Minute Maid Park"", ""Nickerson Field"", ""Arsenal Stadium"", ""Camp Randall Stadium"", ""Toyota Center"", ""Reliant Stadium"", ""Lakewood Church Central Campus"", ""Alexandra Palace"", ""Stadium of Light"", ""Giants Stadium"", ""Croke Park"", ""American Airlines Arena"", ""Pepsi Center"", ""Rangers Ballpark in Arlington"", ""Arlington Stadium"", ""Comerica Park"", ""Tiger Stadium (Detroit)"", ""Progressive Field"", ""Oriole Park at Camden Yards"", ""Don Valley Stadium"", ""Stadium Australia"", ""Citizens Bank Park"", ""M&T Bank Stadium"", ""Khasbag"", ""Safeco Field"", ""Lockhart Stadium""]","[""Club Nokia"", ""Radio City Music Hall"", ""Rexall Place"", ""Scotiabank Saddledome"", ""Rogers Arena"", ""Moda Center"", ""Key Arena"", ""SAP Center"", ""Hollywood Bowl"", ""Irvine Meadows Amphitheatre"", ""Dragao Stadium"", ""Parc des Sports Charles Ehrmann"", ""Stadio Olimpico"", ""Letzigrund"", ""Emirates Stadium"", ""City of Manchester Stadium"", ""American Airlines Center"", ""Toyota Center"", ""Amalie Arena"", ""American Airlines Arena"", ""Philips Arena"", ""Time Warner Cable Arena"", ""Wells Fargo Center"", ""Verizon Center"", ""Air Canada Centre"", ""Bell Centre"", ""TD Garden"", ""The Palace of Auburn Hills"", ""Izod Center"", ""United Center"", ""Xcel Energy Center"", ""Parken Stadium"", ""Stockholm Stadion"", ""Stade de France"", ""Rhein Energie Stadion"", ""Malieveld"", ""Olympic Stadium"", ""Olympiastadion Munchen"", ""Red Bull Arena"", ""Synot Tip Arena"", ""Stadion Narodowy"", ""AWD Arena"", ""Mt. Smart Stadium"", ""Mohegan Sun Arena"", ""Barclays Center""]",equijoin,"Both columns list names of major venues with substantial overlap, including ""Bell Centre"", ""Toyota Center"", and ""United Center"".",deepjoin,1.0000,0.6300,1.0000,0.8767,1.0000,0.6300,2,False,True,"Both columns list names of major venues with substantial overlap, including ""Bell Centre"", ""Toyota Center"", and ""United Center"".",Venue lists share a few exact arena names but coverage is narrow.,Both columns contain names of stadiums and sports venues with exact matches such as 'Bell Centre' and 'Xcel Energy Center'.,1.00
autofj-wdc,GivenName_left.csv,title,target_091614.csv,title,"[""Adrian"", ""Alexander"", ""Anastasius"", ""Alexius"", ""Alexandra"", ""Cyril"", ""Judah"", ""Luke"", ""Michael"", ""Ferdinand"", ""Howard"", ""Charles"", ""Julia (given name)"", ""Theodoric"", ""Arnulf"", ""Chloe"", ""Fatima (given name)"", ""Catherine"", ""Cormac"", ""Shannon (given name)"", ""Fanny (given name)"", ""Kanae"", ""Lyfing (given name)"", ""Fritz"", ""Bernard"", ""Axel (name)"", ""Jonathan (name)"", ""Constance (name)"", ""Dominic"", ""Edward"", ""Blake"", ""Yoshihito"", ""Stephen"", ""Keiko (given name)"", ""Maria (given name)"", ""Eleanor"", ""Indira"", ""Rajagopalachari"", ""Andrea"", ""Erin"", ""Abe (given name)"", ""Amy"", ""Tony"", ""Anastasia"", ""Lovisa"", ""Ali (name)"", ""Demetrius"", ""Abdullah (name)"", ""Cristian"", ""Nathan (given name)"", ""Nathaniel"", ""Kenzo"", ""Hubert"", ""Brent"", ""Nanao"", ""Aivaras"", ""Abdi"", ""Raymond"", ""Rupert (name)"", ""Haimirich"", ""Bulat"", ""Terry"", ""Bradley"", ""Theophilus""]","[""Tim"", ""Bevan"", ""Jan"", ""Reto"", ""Rasmus"", ""Paul"", ""Marek"", ""Igor"", ""Sven"", ""Yulian"", ""Reinaldo"", ""Ivan"", ""Ryosuke"", ""Dmitriy"", ""Danylo"", ""Brent"", ""Dmitry"", ""Brendan"", ""Joe"", ""Kyle"", ""Sylvain"", ""Ruedi"", ""Dirk"", ""Junichi"", ""Graham"", ""Charles"", ""Andrea"", ""Csaba"", ""Barrett"", ""Yuichi"", ""Ju Seok"", ""Marko"", ""James"", ""Stefan"", ""Timothy"", ""Tsukasa"", ""Jarmo"", ""Harunobu"", ""Jung-ho"", ""Si Eun"", ""Chris"", ""Jae Hun"", ""Alexander"", ""Emilio"", ""Andrew"", ""Chang Yon"", ""Callum"", ""Jin Sub""]",equijoin,"Both columns contain human given names from the same value domain, with several direct matches.",snoopy,1.0000,0.5500,1.0000,0.8500,1.0000,0.5500,2,False,True,"Both columns contain human given names from the same value domain, with several direct matches.","Only a few common given names overlap, making equality evidence weak.","Both columns contain human given names and share direct matches like 'Charles' and 'Andrea', which can be further aligned with light normalization.",1.00
autofj-wdc,UnitOfWork_left.csv,title,target_044123.csv,title,"[""Marbury v. Madison"", ""Eldred v. Ashcroft"", ""Edwards v. Aguillard"", ""Brown v. Board of Education"", ""Roe v. Wade"", ""Dred Scott v. Sandford"", ""Bush v. Gore"", ""Plessy v. Ferguson"", ""Chisholm v. Georgia"", ""Civil Rights Cases"", ""Munn v. Illinois"", ""Martin v. Hunter's Lessee"", ""Milliken v. Bradley"", ""Fletcher v. Peck"", ""Dartmouth College v. Woodward"", ""Cohens v. Virginia"", ""Gibbons v. Ogden"", ""McCulloch v. Maryland"", ""Ex parte Milligan"", ""Gideon v. Wainwright"", ""Romer v. Evans"", ""United States v. The Amistad"", ""United States v. Klein"", ""Boy Scouts of America v. Dale"", ""Adair v. United States"", ""Heart of Atlanta Motel v. United States"", ""United States v. E. C. Knight Co."", ""West Virginia State Board of Education v. Barnette"", ""Minersville School District v. Gobitis"", ""Wesberry v. Sanders"", ""Lemon v. Kurtzman"", ""Swann v. Charlotte-Mecklenburg Board of Education"", ""Guinn v. United States"", ""Buchanan v. Warley"", ""Schenck v. United States"", ""Chambers v. Florida"", ""Miranda v. Arizona"", ""Dennis v. United States"", ""National Association for the Advancement of Colored People v. Alabama"", ""Santa Clara County v. Southern Pacific Railroad"", ""Connecticut General Life Insurance Company v. Johnson"", ""Slaughter-House Cases"", ""Wheeling Steel Corp. v. Glander"", ""Regents of the University of California v. Bakke"", ""Muller v. Oregon"", ""Pollock v. Farmers' Loan & Trust Co."", ""Griswold v. Connecticut"", ""Planned Parenthood v. Casey"", ""Brushaber v. Union Pacific Railroad"", ""Miller v. California"", ""R.A.V. v. City of St. Paul"", ""Hunt v. Cromartie"", ""Easley v. Cromartie"", ""Wallace v. Jaffree"", ""Grutter v. Bollinger"", ""Miami Herald Publishing Co. v. Tornillo"", ""New York Times Co. v. United States"", ""Hustler Magazine v. Falwell"", ""United States v. Shabani"", ""Brandenburg v. Ohio"", ""Lawrence v. Texas"", ""Korematsu v. United States"", ""Baker v. Carr"", ""Gratz v. Bollinger""]","[""Abrams v. United States"", ""Adair v. United States"", ""Adkins v. Children's Hospital"", ""Ashwander v. Tennessee Valley Authority"", ""Bailey v. Alabama"", ""Bailey v. Drexel Furniture Co."", ""Baldwin v. G. A. F. Seelig, Inc."", ""Board of Trustees of the University of Illinois v. United States"", ""Buchanan v. Warley"", ""Buck v. Bell"", ""Bunting v. Oregon"", ""Cantwell v. State of Connecticut"", ""Carter v. Carter Coal Company"", ""Coleman v. Miller"", ""Coppage v. Kansas"", ""Coyle v. Smith"", ""De Jonge v. Oregon"", ""Debs v. United States"", ""Erie Railroad Co. v. Tompkins"", ""Euclid v. Ambler Realty Co."", ""Ex parte Grossman"", ""Federal Baseball Club of Baltimore, Inc. v. National League of..."", ""Frohwerk v. United States"", ""Gitlow v. New York"", ""Gompers v. Buck's Stove & Range Company"", ""Graves v. People Of State Of New York"", ""Grovey v. Townsend"", ""Hague v. Committee for Industrial Organization"", ""Hammer v. Dagenhart"", ""Hawke v. Smith"", ""Home Building & Loan Assoc. v. Blaisdell"", ""Houston, East and West Texas Railway Co. v. United States"", ""Humphrey's Executor v. United States"", ""ICC v. Illinois Central Railroad Company"", ""Interstate Commerce Comm. v. Atchison T & SF R Co."", ""J.W. Hampton & Co. v. United States"", ""Jacobson v. Massachusetts"", ""Lochner v. New York"", ""Lone Wolf v. Hitchcock"", ""Massachusetts v. Mellon"", ""McCray v. United States"", ""McGrain v. Daugherty"", ""Meyer v. Nebraska"", ""Miller v. Schoene"", ""Minersville School District v. Gobitis"", ""Missouri v. Holland"", ""Morehead v. New York"", ""Mulford v. Smith"", ""Muller v. Oregon"", ""Muskrat v. United States""]",equijoin,Both columns contain US Supreme Court case titles and share multiple values.,deepjoin,1.0000,0.6900,1.0000,0.8967,1.0000,0.6900,2,False,True,Both columns contain US Supreme Court case titles and share multiple values.,Supreme Court case titles share exact matches but sparsely.,Both columns contain US Supreme Court case titles in the same format and share exact matches.,1.00
autofj-wdc,UnitOfWork_left.csv,title,target_069333.csv,title,"[""Marbury v. Madison"", ""Eldred v. Ashcroft"", ""Edwards v. Aguillard"", ""Brown v. Board of Education"", ""Roe v. Wade"", ""Dred Scott v. Sandford"", ""Bush v. Gore"", ""Plessy v. Ferguson"", ""Chisholm v. Georgia"", ""Civil Rights Cases"", ""Munn v. Illinois"", ""Martin v. Hunter's Lessee"", ""Milliken v. Bradley"", ""Fletcher v. Peck"", ""Dartmouth College v. Woodward"", ""Cohens v. Virginia"", ""Gibbons v. Ogden"", ""McCulloch v. Maryland"", ""Ex parte Milligan"", ""Gideon v. Wainwright"", ""Romer v. Evans"", ""United States v. The Amistad"", ""United States v. Klein"", ""Boy Scouts of America v. Dale"", ""Adair v. United States"", ""Heart of Atlanta Motel v. United States"", ""United States v. E. C. Knight Co."", ""West Virginia State Board of Education v. Barnette"", ""Minersville School District v. Gobitis"", ""Wesberry v. Sanders"", ""Lemon v. Kurtzman"", ""Swann v. Charlotte-Mecklenburg Board of Education"", ""Guinn v. United States"", ""Buchanan v. Warley"", ""Schenck v. United States"", ""Chambers v. Florida"", ""Miranda v. Arizona"", ""Dennis v. United States"", ""National Association for the Advancement of Colored People v. Alabama"", ""Santa Clara County v. Southern Pacific Railroad"", ""Connecticut General Life Insurance Company v. Johnson"", ""Slaughter-House Cases"", ""Wheeling Steel Corp. v. Glander"", ""Regents of the University of California v. Bakke"", ""Muller v. Oregon"", ""Pollock v. Farmers' Loan & Trust Co."", ""Griswold v. Connecticut"", ""Planned Parenthood v. Casey"", ""Brushaber v. Union Pacific Railroad"", ""Miller v. California"", ""R.A.V. v. City of St. Paul"", ""Hunt v. Cromartie"", ""Easley v. Cromartie"", ""Wallace v. Jaffree"", ""Grutter v. Bollinger"", ""Miami Herald Publishing Co. v. Tornillo"", ""New York Times Co. v. United States"", ""Hustler Magazine v. Falwell"", ""United States v. Shabani"", ""Brandenburg v. Ohio"", ""Lawrence v. Texas"", ""Korematsu v. United States"", ""Baker v. Carr"", ""Gratz v. Bollinger""]","[""Abrams v. United States"", ""Adair v. United States"", ""Adkins v. Children's Hospital"", ""Ashwander v. Tennessee Valley Authority"", ""Bailey v. Alabama"", ""Bailey v. Drexel Furniture Co."", ""Baldwin v. G. A. F. Seelig, Inc."", ""Board of Trustees of the University of Illinois v. United States"", ""Buchanan v. Warley"", ""Buck v. Bell"", ""Bunting v. Oregon"", ""Cantwell v. State of Connecticut"", ""Carter v. Carter Coal Company"", ""Coleman v. Miller"", ""Coppage v. Kansas"", ""Coyle v. Smith"", ""De Jonge v. Oregon"", ""Debs v. United States"", ""Erie Railroad Co. v. Tompkins"", ""Euclid v. Ambler Realty Co."", ""Ex parte Grossman"", ""Federal Baseball Club of Baltimore, Inc. v. National League of..."", ""Frohwerk v. United States"", ""Gitlow v. New York"", ""Gompers v. Buck's Stove & Range Company"", ""Graves v. People Of State Of New York"", ""Grovey v. Townsend"", ""Hague v. Committee for Industrial Organization"", ""Hammer v. Dagenhart"", ""Hawke v. Smith"", ""Home Building & Loan Assoc. v. Blaisdell"", ""Houston, East and West Texas Railway Co. v. United States"", ""Humphrey's Executor v. United States"", ""ICC v. Illinois Central Railroad Company"", ""Interstate Commerce Comm. v. Atchison T & SF R Co."", ""J.W. Hampton & Co. v. United States"", ""Jacobson v. Massachusetts"", ""Lochner v. New York"", ""Lone Wolf v. Hitchcock"", ""Massachusetts v. Mellon"", ""McCray v. United States"", ""McGrain v. Daugherty"", ""Meyer v. Nebraska"", ""Miller v. Schoene"", ""Minersville School District v. Gobitis"", ""Missouri v. Holland"", ""Morehead v. New York"", ""Mulford v. Smith"", ""Muller v. Oregon"", ""Muskrat v. United States""]",equijoin,Both columns contain US Supreme Court case titles and share multiple values.,deepjoin,1.0000,0.6900,1.0000,0.8967,1.0000,0.6900,2,False,True,Both columns contain US Supreme Court case titles and share multiple values.,Supreme Court case titles share exact matches but sparsely.,Both columns contain US Supreme Court case titles in the same format and share exact matching values.,1.00
autofj-wdc,Stadium_left.csv,title,target_025166.csv,title,"[""Craven Cottage"", ""Cardiff Arms Park"", ""Melbourne Cricket Ground"", ""Shea Stadium"", ""Yankee Stadium (1923)"", ""Wrigley Field"", ""King Baudouin Stadium"", ""Madison Square Garden"", ""Sun Devil Stadium"", ""Busch Memorial Stadium"", ""Dodger Stadium"", ""Wembley Stadium (1923)"", ""Hillsborough Stadium"", ""Lambeau Field"", ""Rogers Centre"", ""Candlestick Park"", ""Easter Road"", ""Anfield"", ""CenturyLink Field"", ""Roberto Clemente Coliseum"", ""Riverside Park, Dawson Springs"", ""Bell Centre"", ""Scandinavium"", ""Ullevi"", ""Camp Nou"", ""San Siro"", ""Target Center"", ""Hubert H. Humphrey Metrodome"", ""Metropolitan Stadium"", ""Xcel Energy Center"", ""Chase Field"", ""Lincoln Financial Field"", ""US Airways Center"", ""Molineux Stadium"", ""Nippon Budokan"", ""Rose Garden (arena)"", ""Veterans Stadium"", ""Reliant Astrodome"", ""Minute Maid Park"", ""Nickerson Field"", ""Arsenal Stadium"", ""Camp Randall Stadium"", ""Toyota Center"", ""Reliant Stadium"", ""Lakewood Church Central Campus"", ""Alexandra Palace"", ""Stadium of Light"", ""Giants Stadium"", ""Croke Park"", ""American Airlines Arena"", ""Pepsi Center"", ""Rangers Ballpark in Arlington"", ""Arlington Stadium"", ""Comerica Park"", ""Tiger Stadium (Detroit)"", ""Progressive Field"", ""Oriole Park at Camden Yards"", ""Don Valley Stadium"", ""Stadium Australia"", ""Citizens Bank Park"", ""M&T Bank Stadium"", ""Khasbag"", ""Safeco Field"", ""Lockhart Stadium""]","[""O2 Shepherds Bush Empire"", ""O2 ABC Glasgow"", ""The Ritz"", ""The Institute"", ""The Forum"", ""Concorde 2"", ""Norwich Waterfront"", ""Stadtgarten Koln"", ""Paradiso"", ""La Gaite Lyrique"", ""Corso"", ""Le Trianon"", ""Carre"", ""Ampere"", ""Vega (with Neutral Milk Hotel)"", ""BABEL"", ""Kulturkirken Jakob"", ""Berns Salonger"", ""Celebrity Theatre"", ""WaMu Theater"", ""Rogers Arena"", ""Oracle Arena"", ""Staples Center"", ""Valley View Casino Center"", ""Mandalay Bay Events Center"", ""Verizon Theatre at Grand Prairie"", ""Toyota Center"", ""Cedar Park Center"", ""Smoothie King Center"", ""American Airlines Arena"", ""Amalie Arena"", ""Philips Arena"", ""Greensboro Coliseum"", ""Air Canada Centre"", ""Bell Centre"", ""Barclays Center"", ""The Mgm Grand At Foxwoods"", ""Prudential Center"", ""Agganis Arena"", ""Madison Square Garden"", ""Revel Resort and Casino"", ""Verizon Center"", ""Joe Louis Arena"", ""United Center"", ""Vanderbilt University"", ""Tilles Center for the Performing Arts"", ""Save Mart Center"", ""Rabobank Arena"", ""StubHub Center"", ""Liverpool Echo Arena"", ""MGM Grand Garden Arena"", ""Metro Radio Arena"", ""Odyssey Arena"", ""The O2 - Dublin"", ""Manchester Arena"", ""NIA Academy"", ""Capital FM Arena Nottingham"", ""The O2"", ""MetLife Stadium"", ""Randalls Island"", ""Antwerps Sportpaleis"", ""Olympiahalle"", ""Palais Omnisports de Paris-Bercy"", ""Tromoya""]",equijoin,"Both columns list venue names with significant overlap, including ""Madison Square Garden"", ""Toyota Center"", and ""Bell Centre"".",deepjoin,1.0000,0.6200,1.0000,0.8733,1.0000,0.6200,2,False,True,"Both columns list venue names with significant overlap, including ""Madison Square Garden"", ""Toyota Center"", and ""Bell Centre"".",Venue-name overlap is present but sparse and partly cross-domain.,Both columns contain venue and stadium names with exact matches such as 'Madison Square Garden' and 'Bell Centre'.,1.00
autofj-wdc,GovernmentAgency_left.csv,title,target_076976.csv,title,"[""Canadian Radio-television and Telecommunications Commission"", ""Cheka"", ""Centers for Disease Control and Prevention"", ""California Department of Transportation"", ""DARPA"", ""European Environment Agency"", ""Federal Bureau of Investigation"", ""Federal Aviation Administration"", ""Food and Drug Administration"", ""Government Communications Headquarters"", ""Gestapo"", ""Kennedy Space Center"", ""Jet Propulsion Laboratory"", ""National Transportation Safety Board"", ""National Institute of Standards and Technology"", ""National Security Agency"", ""Office of Strategic Services"", ""Schutzstaffel"", ""Strategic Defense Initiative"", ""Stasi"", ""United States Department of State"", ""Joint Intelligence Committee (United Kingdom)"", ""Australian Security Intelligence Organisation"", ""Australian Secret Intelligence Service"", ""Defence Signals Directorate"", ""National Oceanic and Atmospheric Administration"", ""United States Forest Service"", ""United States National Security Council"", ""Executive Office of the President of the United States"", ""Office of Management and Budget"", ""United States Department of Labor"", ""State Council of the People's Republic of China"", ""Sicherheitsdienst"", ""National Institutes of Health"", ""Ames Research Center"", ""Office of National Assessments"", ""United States Postal Service"", ""United States Post Office Department"", ""United States Atomic Energy Commission"", ""Defense Information Systems Agency"", ""United States Department of Justice"", ""Ministry of Internal Affairs (Russia)"", ""United States Department of the Treasury"", ""Bureau of Land Management"", ""Sturmabteilung"", ""U.S. Securities and Exchange Commission"", ""Interstate Commerce Commission"", ""Farm Credit Administration"", ""Works Progress Administration"", ""Federal Housing Administration"", ""Office of Price Administration"", ""Federal Communications Commission"", ""Federal Energy Regulatory Commission"", ""United States Census Bureau"", ""United States Department of Transportation"", ""United States Department of Homeland Security"", ""United States Department of Health and Human Services"", ""United States Environmental Protection Agency"", ""Meteorological Service of Canada"", ""Foreign and Commonwealth Office"", ""Ballistic Missile Defense Organization"", ""United States Department of Energy"", ""Her Majesty's Civil Service"", ""United States Department of Commerce""]","[""Agency for International Development"", ""Armed Forces Retirement Home"", ""Broadcasting Board of Governors"", ""Central Intelligence Agency"", ""Commodity Futures Trading Commission"", ""Consumer Product Safety Commission"", ""Corporation for National and Community Service"", ""Court Services and Offender Supervision Agency for the District of Columbia"", ""Defense Army and Air Force Exchange"", ""Defense Commissary Agency"", ""Defense Contract Audit Agency"", ""Defense Contract Management Agency"", ""Defense Finance and Accounting Service"", ""Defense Human Resources Activity"", ""Defense Information Systems Agency"", ""Defense Intelligence Agency"", ""Defense Logistics Agency"", ""Defense National Geospatial-Intelligence"", ""Defense National Guard Bureau"", ""Defense National Security Agency"", ""Defense Nuclear Facilities Safety Board"", ""Defense Office of the Inspector General"", ""Defense Security Service"", ""Defense Threat Reduction Agency"", ""Defense Uniformed Services University"", ""Defense Office of the Secretary/Wash. Hdqtrs. Services"", ""Department of Agriculture"", ""Department of Commerce"", ""Department of Defense Education Activity"", ""Department of Education"", ""Department of Energy"", ""Department of Health and Human Services"", ""Department of Homeland Security"", ""Department of Housing and Urban Development"", ""Department of Justice"", ""Department of Labor"", ""Department of State"", ""Department of the Air Force"", ""Department of the Army"", ""Department of the Interior"", ""Department of the Navy"", ""Department of the Treasury"", ""Department of Transportation"", ""Department of Veterans Affairs"", ""Environmental Protection Agency"", ""EOP - National Drug Control Policy"", ""EOP - Office of Administration"", ""EOP - Office of Management and Budget"", ""EOP - Office of the U.S. Trade Representative"", ""Equal Employment Opportunity Commission"", ""Export-Import Bank of the US"", ""Farm Credit Administration"", ""Federal Communications Commission"", ""Federal Deposit Insurance Corporation"", ""Federal Election Commission"", ""Federal Energy Regulatory Commission"", ""Federal Housing Finance Board"", ""Federal Labor Relations Authority"", ""Federal Maritime Commission"", ""Federal Mediation and Conciliation Service"", ""Federal Reserve System--Board of Governors"", ""Federal Retirement Thrift Investment Board"", ""Federal Trade Commission"", ""General Services Administration""]",equijoin,"Both columns contain names of government agencies with significant value overlap, such as ""Department of State"" and ""Federal Communications Commission"".",semsketch,1.0000,0.6600,1.0000,0.8867,1.0000,0.6600,2,False,True,"Both columns contain names of government agencies with significant value overlap, such as ""Department of State"" and ""Federal Communications Commission"".",Government-agency lists share exact agency names but overlap is modest.,Both columns contain names of government agencies with exact matches like 'Defense Information Systems Agency' and highly similar names.,1.00
autofj-wdc,GovernmentAgency_left.csv,title,target_012461.csv,title,"[""Canadian Radio-television and Telecommunications Commission"", ""Cheka"", ""Centers for Disease Control and Prevention"", ""California Department of Transportation"", ""DARPA"", ""European Environment Agency"", ""Federal Bureau of Investigation"", ""Federal Aviation Administration"", ""Food and Drug Administration"", ""Government Communications Headquarters"", ""Gestapo"", ""Kennedy Space Center"", ""Jet Propulsion Laboratory"", ""National Transportation Safety Board"", ""National Institute of Standards and Technology"", ""National Security Agency"", ""Office of Strategic Services"", ""Schutzstaffel"", ""Strategic Defense Initiative"", ""Stasi"", ""United States Department of State"", ""Joint Intelligence Committee (United Kingdom)"", ""Australian Security Intelligence Organisation"", ""Australian Secret Intelligence Service"", ""Defence Signals Directorate"", ""National Oceanic and Atmospheric Administration"", ""United States Forest Service"", ""United States National Security Council"", ""Executive Office of the President of the United States"", ""Office of Management and Budget"", ""United States Department of Labor"", ""State Council of the People's Republic of China"", ""Sicherheitsdienst"", ""National Institutes of Health"", ""Ames Research Center"", ""Office of National Assessments"", ""United States Postal Service"", ""United States Post Office Department"", ""United States Atomic Energy Commission"", ""Defense Information Systems Agency"", ""United States Department of Justice"", ""Ministry of Internal Affairs (Russia)"", ""United States Department of the Treasury"", ""Bureau of Land Management"", ""Sturmabteilung"", ""U.S. Securities and Exchange Commission"", ""Interstate Commerce Commission"", ""Farm Credit Administration"", ""Works Progress Administration"", ""Federal Housing Administration"", ""Office of Price Administration"", ""Federal Communications Commission"", ""Federal Energy Regulatory Commission"", ""United States Census Bureau"", ""United States Department of Transportation"", ""United States Department of Homeland Security"", ""United States Department of Health and Human Services"", ""United States Environmental Protection Agency"", ""Meteorological Service of Canada"", ""Foreign and Commonwealth Office"", ""Ballistic Missile Defense Organization"", ""United States Department of Energy"", ""Her Majesty's Civil Service"", ""United States Department of Commerce""]","[""Agency for International Development"", ""Armed Forces Retirement Home"", ""Broadcasting Board of Governors"", ""Central Intelligence Agency"", ""Commodity Futures Trading Commission"", ""Consumer Product Safety Commission"", ""Corporation for National and Community Service"", ""Court Services and Offender Supervision Agency for the District of Columbia"", ""Defense Army and Air Force Exchange"", ""Defense Commissary Agency"", ""Defense Contract Audit Agency"", ""Defense Contract Management Agency"", ""Defense Finance and Accounting Service"", ""Defense Human Resources Activity"", ""Defense Information Systems Agency"", ""Defense Intelligence Agency"", ""Defense Logistics Agency"", ""Defense National Geospatial-Intelligence"", ""Defense National Guard Bureau"", ""Defense National Security Agency"", ""Defense Nuclear Facilities Safety Board"", ""Defense Office of the Inspector General"", ""Defense Security Service"", ""Defense Threat Reduction Agency"", ""Defense Uniformed Services University"", ""Defense Office of the Secretary/Wash. Hqtrs. Services"", ""Department of Agriculture"", ""Department of Commerce"", ""Department of Defense Education Activity"", ""Department of Education"", ""Department of Energy"", ""Department of Health and Human Services"", ""Department of Homeland Security"", ""Department of Housing and Urban Development"", ""Department of Justice"", ""Department of Labor"", ""Department of State"", ""Department of the Air Force"", ""Department of the Army"", ""Department of the Interior"", ""Department of the Navy"", ""Department of the Treasury"", ""Department of Transportation"", ""Department of Veterans Affairs"", ""Environmental Protection Agency"", ""EOP - National Drug Control Policy"", ""EOP - Office of Administration"", ""EOP - Office of Management and Budget"", ""EOP - Office of the U.S. Trade Representative"", ""Equal Employment Opportunity Commission"", ""Export-Import Bank of the US"", ""Farm Credit Administration"", ""Federal Communications Commission"", ""Federal Deposit Insurance Corporation"", ""Federal Election Commission"", ""Federal Energy Regulatory Commission"", ""Federal Housing Finance Board"", ""Federal Labor Relations Authority"", ""Federal Maritime Commission"", ""Federal Mediation and Conciliation Service"", ""Federal Reserve System--Board of Governors"", ""Federal Retirement Thrift Investment Board"", ""Federal Trade Commission"", ""General Services Administration""]",equijoin,"Both columns contain names of government agencies with significant value overlap, such as ""Department of State"" and ""Federal Communications Commission"".",semsketch,1.0000,0.6600,0.9500,0.8700,0.9500,0.6600,2,False,True,"Both columns contain names of government agencies with significant value overlap, such as ""Department of State"" and ""Federal Communications Commission"".",Government-agency lists share exact agency names but overlap is modest.,Both columns contain names of government agencies with exact matches like 'Defense Information Systems Agency' and highly similar names that match after light normalization.,1.00
freyja-wdc,LocalName_world_country.csv,title,target_005422.csv,title,"[""Aruba"", ""Afganistan/Afqanestan"", ""Angola"", ""Anguilla"", ""Shqipëria"", ""Andorra"", ""Nederlandse Antillen"", ""Al-Imarat al-´Arabiya al-Muttahida"", ""Argentina"", ""Hajastan"", ""Amerika Samoa"", ""–"", ""Terres australes françaises"", ""Antigua and Barbuda"", ""Australia"", ""Österreich"", ""Azärbaycan"", ""Burundi/Uburundi"", ""België/Belgique"", ""Bénin"", ""Burkina Faso"", ""Bangladesh"", ""Balgarija"", ""Al-Bahrayn"", ""The Bahamas"", ""Bosna i Hercegovina"", ""Belarus"", ""Belize"", ""Bermuda"", ""Bolivia"", ""Brasil"", ""Barbados"", ""Brunei Darussalam"", ""Druk-Yul"", ""Bouvetøya"", ""Botswana"", ""Centrafrique/Bê-Afrîka"", ""Canada"", ""Cocos (Keeling) Islands"", ""Schweiz/Suisse/Svizzera/Svizra"", ""Chile"", ""Zhongquo"", ""Côte d’Ivoire"", ""Cameroun/Cameroon"", ""République Démocratique du Congo"", ""Congo"", ""The Cook Islands"", ""Colombia"", ""Komori/Comores"", ""Cabo Verde"", ""Costa Rica"", ""Cuba"", ""Christmas Island"", ""Cayman Islands"", ""Kýpros/Kibris"", ""¸esko"", ""Deutschland"", ""Djibouti/Jibuti"", ""Dominica"", ""Danmark"", ""República Dominicana"", ""Al-Jaza’ir/Algérie"", ""Ecuador"", ""Misr""]","[""Afghanistan"", ""Åland Islands"", ""Albania"", ""Algeria"", ""American Samoa"", ""Andorra"", ""Angola"", ""Anguilla"", ""Antarctica"", ""Antigua and Barbuda"", ""Argentina"", ""Armenia"", ""Aruba"", ""Australia"", ""Austria"", ""Azerbaijan"", ""Bahamas"", ""Bahrain"", ""Bangladesh"", ""Barbados"", ""Belarus"", ""Belgium"", ""Belize"", ""Benin"", ""Bermuda"", ""Bhutan"", ""Bolivia"", ""Bosnia and Herzegovina"", ""Botswana"", ""Bouvet Island"", ""Brazil"", ""British Indian Ocean Territory"", ""Brunei Darussalam"", ""Bulgaria"", ""Burkina Faso"", ""Burundi"", ""Cambodia"", ""Cameroon"", ""Canada"", ""Cape Verde"", ""Cayman Islands"", ""Central African Republic"", ""Chad"", ""Chile"", ""China"", ""Christmas Island"", ""Cocos (Keeling) Islands"", ""Colombia"", ""Comoros"", ""Congo"", ""Congo, the Democratic Republic of the"", ""Cook Islands"", ""Costa Rica"", ""Côte D'Ivoire"", ""Croatia"", ""Cuba"", ""Cyprus"", ""Czech Republic"", ""Denmark"", ""Djibouti"", ""Dominica"", ""Dominican Republic"", ""Ecuador"", ""Egypt""]",semantic,Query contains localized country names and candidate contains English country names referring to the same entities.,snoopy,1.0000,0.9500,1.0000,0.9833,1.0000,0.9500,3,True,True,Query contains localized country names and candidate contains English country names referring to the same entities.,Localized country names can be translated or normalized to English country names.,"The columns contain country names in localized and English formats, which can be semantically mapped to the same entities.",
freyja-wdc,LocalName_world_country.csv,title,target_065849.csv,title,"[""Aruba"", ""Afganistan/Afqanestan"", ""Angola"", ""Anguilla"", ""Shqipëria"", ""Andorra"", ""Nederlandse Antillen"", ""Al-Imarat al-´Arabiya al-Muttahida"", ""Argentina"", ""Hajastan"", ""Amerika Samoa"", ""–"", ""Terres australes françaises"", ""Antigua and Barbuda"", ""Australia"", ""Österreich"", ""Azärbaycan"", ""Burundi/Uburundi"", ""België/Belgique"", ""Bénin"", ""Burkina Faso"", ""Bangladesh"", ""Balgarija"", ""Al-Bahrayn"", ""The Bahamas"", ""Bosna i Hercegovina"", ""Belarus"", ""Belize"", ""Bermuda"", ""Bolivia"", ""Brasil"", ""Barbados"", ""Brunei Darussalam"", ""Druk-Yul"", ""Bouvetøya"", ""Botswana"", ""Centrafrique/Bê-Afrîka"", ""Canada"", ""Cocos (Keeling) Islands"", ""Schweiz/Suisse/Svizzera/Svizra"", ""Chile"", ""Zhongquo"", ""Côte d’Ivoire"", ""Cameroun/Cameroon"", ""République Démocratique du Congo"", ""Congo"", ""The Cook Islands"", ""Colombia"", ""Komori/Comores"", ""Cabo Verde"", ""Costa Rica"", ""Cuba"", ""Christmas Island"", ""Cayman Islands"", ""Kýpros/Kibris"", ""¸esko"", ""Deutschland"", ""Djibouti/Jibuti"", ""Dominica"", ""Danmark"", ""República Dominicana"", ""Al-Jaza’ir/Algérie"", ""Ecuador"", ""Misr""]","[""Afghanistan"", ""African Other"", ""Albania"", ""Algeria"", ""American Samoa"", ""Andorra"", ""Angola"", ""Anguilla"", ""Antarctica"", ""Antigua and Barbuda"", ""Argentina"", ""Armenia"", ""Aruba"", ""Australia"", ""Austria"", ""Azerbaijan"", ""Bahamas"", ""Bahrain"", ""Bangladesh"", ""Barbados"", ""Belarus"", ""Belgium"", ""Belize"", ""Benin"", ""Bermuda"", ""Bhutan"", ""Bolivia"", ""Bosnia-Herzegovina"", ""Botswana"", ""Bouvet Island"", ""Brazil"", ""British Indian Ocean Territory"", ""Brunei Darussalam"", ""Bulgaria"", ""Burkina Faso"", ""Burundi"", ""Cambodia"", ""Cameroon"", ""Canada"", ""Cape Verde"", ""Cayman Islands"", ""Central African Republic"", ""Chad"", ""Chile"", ""China"", ""Christmas Island"", ""CIS-Comm. of Indep. States"", ""Cocos (Keeling) Islands"", ""Columbia"", ""Comoros"", ""Congo"", ""Cook Islands"", ""Costa Rica"", ""Cote D'Ivoire"", ""Croatia"", ""Cuba"", ""Cyprus"", ""Czech Republic"", ""Democratic People's Republic of Korea"", ""Denmark and Iceland"", ""Djibouti"", ""Dominica"", ""Dominican Republic"", ""East Timor""]",semantic,Query contains localized country names and candidate contains English country names referring to the same entities.,deepjoin;snoopy,1.0000,0.9400,1.0000,0.9800,1.0000,0.9400,3,True,True,Query contains localized country names and candidate contains English country names referring to the same entities.,Localized country names can be translated or normalized to English country names.,"The columns contain country names in localized (endonym) and English (exonym) formats, which can be semantically mapped to the same country entities.",
freyja-wdc,LocalName_world_country.csv,title,target_043592.csv,title,"[""Aruba"", ""Afganistan/Afqanestan"", ""Angola"", ""Anguilla"", ""Shqipëria"", ""Andorra"", ""Nederlandse Antillen"", ""Al-Imarat al-´Arabiya al-Muttahida"", ""Argentina"", ""Hajastan"", ""Amerika Samoa"", ""–"", ""Terres australes françaises"", ""Antigua and Barbuda"", ""Australia"", ""Österreich"", ""Azärbaycan"", ""Burundi/Uburundi"", ""België/Belgique"", ""Bénin"", ""Burkina Faso"", ""Bangladesh"", ""Balgarija"", ""Al-Bahrayn"", ""The Bahamas"", ""Bosna i Hercegovina"", ""Belarus"", ""Belize"", ""Bermuda"", ""Bolivia"", ""Brasil"", ""Barbados"", ""Brunei Darussalam"", ""Druk-Yul"", ""Bouvetøya"", ""Botswana"", ""Centrafrique/Bê-Afrîka"", ""Canada"", ""Cocos (Keeling) Islands"", ""Schweiz/Suisse/Svizzera/Svizra"", ""Chile"", ""Zhongquo"", ""Côte d’Ivoire"", ""Cameroun/Cameroon"", ""République Démocratique du Congo"", ""Congo"", ""The Cook Islands"", ""Colombia"", ""Komori/Comores"", ""Cabo Verde"", ""Costa Rica"", ""Cuba"", ""Christmas Island"", ""Cayman Islands"", ""Kýpros/Kibris"", ""¸esko"", ""Deutschland"", ""Djibouti/Jibuti"", ""Dominica"", ""Danmark"", ""República Dominicana"", ""Al-Jaza’ir/Algérie"", ""Ecuador"", ""Misr""]","[""African Other"", ""Andorra"", ""United Arab Emirates"", ""Afghanistan"", ""Antigua and Barbuda"", ""Anguilla"", ""Albania"", ""Armenia"", ""Netherlands Antilles"", ""Angola"", ""Antarctica"", ""Argentina"", ""American Samoa"", ""Austria"", ""Australia"", ""Aruba"", ""Azerbaijan"", ""Bosnia-Herzegovina"", ""Barbados"", ""Bangladesh"", ""Belgium"", ""Burkina Faso"", ""Bulgaria"", ""Bahrain"", ""Burundi"", ""Benin"", ""Bermuda"", ""Brunei Darussalam"", ""Bolivia"", ""Brazil"", ""Bahamas"", ""Bhutan"", ""Bouvet Island"", ""Botswana"", ""Belarus"", ""Belize"", ""Canada"", ""Cocos (Keeling) Islands"", ""Central African Republic"", ""Congo"", ""Switzerland"", ""Cote D'Ivoire"", ""Cook Islands"", ""Chile"", ""Cameroon"", ""China"", ""Columbia"", ""Costa Rica"", ""Cuba"", ""Cape Verde"", ""Christmas Island"", ""Cyprus"", ""Czech Republic"", ""Germany"", ""Djibouti"", ""Denmark and Iceland"", ""Dominica"", ""Dominican Republic"", ""Algeria"", ""Ecuador"", ""Estonia"", ""Egypt"", ""Western Sahara"", ""Eritrea""]",semantic,Query contains localized country names and candidate contains English country names referring to the same entities.,deepjoin;snoopy,1.0000,0.9400,1.0000,0.9800,1.0000,0.9400,3,True,True,Query contains localized country names and candidate contains English country names referring to the same entities.,Localized country names can be translated or normalized to English country names.,"The columns contain country names in localized and English formats, which can be semantically mapped to each other.",
freyja-wdc,LocalName_world_country.csv,title,target_020486.csv,title,"[""Aruba"", ""Afganistan/Afqanestan"", ""Angola"", ""Anguilla"", ""Shqipëria"", ""Andorra"", ""Nederlandse Antillen"", ""Al-Imarat al-´Arabiya al-Muttahida"", ""Argentina"", ""Hajastan"", ""Amerika Samoa"", ""–"", ""Terres australes françaises"", ""Antigua and Barbuda"", ""Australia"", ""Österreich"", ""Azärbaycan"", ""Burundi/Uburundi"", ""België/Belgique"", ""Bénin"", ""Burkina Faso"", ""Bangladesh"", ""Balgarija"", ""Al-Bahrayn"", ""The Bahamas"", ""Bosna i Hercegovina"", ""Belarus"", ""Belize"", ""Bermuda"", ""Bolivia"", ""Brasil"", ""Barbados"", ""Brunei Darussalam"", ""Druk-Yul"", ""Bouvetøya"", ""Botswana"", ""Centrafrique/Bê-Afrîka"", ""Canada"", ""Cocos (Keeling) Islands"", ""Schweiz/Suisse/Svizzera/Svizra"", ""Chile"", ""Zhongquo"", ""Côte d’Ivoire"", ""Cameroun/Cameroon"", ""République Démocratique du Congo"", ""Congo"", ""The Cook Islands"", ""Colombia"", ""Komori/Comores"", ""Cabo Verde"", ""Costa Rica"", ""Cuba"", ""Christmas Island"", ""Cayman Islands"", ""Kýpros/Kibris"", ""¸esko"", ""Deutschland"", ""Djibouti/Jibuti"", ""Dominica"", ""Danmark"", ""República Dominicana"", ""Al-Jaza’ir/Algérie"", ""Ecuador"", ""Misr""]","[""Ascension Island"", ""Andorra"", ""United Arab Emirates"", ""Afghanistan"", ""Antigua and Barbuda"", ""Anguilla"", ""Albania"", ""Armenia"", ""Netherlands Antilles"", ""Angola"", ""Antarctica"", ""Argentina"", ""American Samoa"", ""Austria"", ""Australia"", ""Aruba"", ""Aland Islands"", ""Azerbaijan"", ""Bosnia and Herzegowina"", ""Barbados"", ""Bangladesh"", ""Belgium"", ""Burkina Faso"", ""Bulgaria"", ""Bahrain"", ""Burundi"", ""Benin"", ""Saint Barthelemy"", ""Bermuda"", ""Brunei Darussalam"", ""Bolivia"", ""Bonaire, Saint Eustatius and Saba"", ""Brazil"", ""Bahamas"", ""Bhutan"", ""Bouvet Island"", ""Botswana"", ""Belarus"", ""Belize"", ""Canada"", ""Cocos (Keeling) Islands"", ""Congo, the Democratic Republic of the"", ""Central African Republic"", ""Congo"", ""Switzerland"", ""Cote d'Ivoire"", ""Cook Islands"", ""Chile"", ""Cameroon"", ""China"", ""Colombia"", ""Costa Rica"", ""Cuba"", ""Cape Verde"", ""Curaçao"", ""Christmas Island"", ""Cyprus"", ""Czech Republic"", ""Germany"", ""Djibouti"", ""Denmark"", ""Dominica"", ""Dominican Republic"", ""Algeria""]",semantic,Query contains localized country names and candidate contains English country names referring to the same entities.,snoopy,1.0000,0.9400,1.0000,0.9800,1.0000,0.9400,3,True,True,Query contains localized country names and candidate contains English country names referring to the same entities.,Localized country names can be translated or normalized to English country names.,"The columns contain country names in localized and English formats, which can be semantically mapped to the same entities.",
freyja-wdc,LocalName_world_country.csv,title,target_096575.csv,title,"[""Aruba"", ""Afganistan/Afqanestan"", ""Angola"", ""Anguilla"", ""Shqipëria"", ""Andorra"", ""Nederlandse Antillen"", ""Al-Imarat al-´Arabiya al-Muttahida"", ""Argentina"", ""Hajastan"", ""Amerika Samoa"", ""–"", ""Terres australes françaises"", ""Antigua and Barbuda"", ""Australia"", ""Österreich"", ""Azärbaycan"", ""Burundi/Uburundi"", ""België/Belgique"", ""Bénin"", ""Burkina Faso"", ""Bangladesh"", ""Balgarija"", ""Al-Bahrayn"", ""The Bahamas"", ""Bosna i Hercegovina"", ""Belarus"", ""Belize"", ""Bermuda"", ""Bolivia"", ""Brasil"", ""Barbados"", ""Brunei Darussalam"", ""Druk-Yul"", ""Bouvetøya"", ""Botswana"", ""Centrafrique/Bê-Afrîka"", ""Canada"", ""Cocos (Keeling) Islands"", ""Schweiz/Suisse/Svizzera/Svizra"", ""Chile"", ""Zhongquo"", ""Côte d’Ivoire"", ""Cameroun/Cameroon"", ""République Démocratique du Congo"", ""Congo"", ""The Cook Islands"", ""Colombia"", ""Komori/Comores"", ""Cabo Verde"", ""Costa Rica"", ""Cuba"", ""Christmas Island"", ""Cayman Islands"", ""Kýpros/Kibris"", ""¸esko"", ""Deutschland"", ""Djibouti/Jibuti"", ""Dominica"", ""Danmark"", ""República Dominicana"", ""Al-Jaza’ir/Algérie"", ""Ecuador"", ""Misr""]","[""Afghanistan"", ""Albania"", ""Algeria"", ""American Samoa"", ""Andorra"", ""Angola"", ""Anguilla"", ""Antigua and Barbuda"", ""Argentina"", ""Armenia"", ""Aruba"", ""Australia"", ""Austria"", ""Azerbaijan"", ""Bahrain"", ""Bangladesh"", ""Barbados"", ""Belarus"", ""Belgium"", ""Belize"", ""Benin"", ""Bermuda"", ""Bhutan"", ""Bolivia"", ""Bosnia and Herzegovina"", ""Botswana"", ""Brazil"", ""British Virgin Islands"", ""Brunei"", ""Bulgaria"", ""Burkina Faso"", ""Burma"", ""Burundi"", ""Cambodia"", ""Cameroon"", ""Canada"", ""Cape Verde"", ""Cayman Islands"", ""Central African Republic"", ""Chad"", ""Chile"", ""China"", ""Christmas Island"", ""Cocos (Keeling) Islands"", ""Colombia"", ""Comoros"", ""Congo, Republic of the"", ""Cook Islands"", ""Costa Rica"", ""Cote d'Ivoire"", ""Croatia"", ""Cuba"", ""Cyprus"", ""Czech Republic"", ""Democratic Republic of the Congo"", ""Denmark"", ""Djibouti"", ""Dominica"", ""Dominican Republic"", ""East Timor"", ""Ecuador"", ""Egypt"", ""El Salvador"", ""Equatorial Guinea""]",semantic,Query contains localized country names and candidate contains English country names referring to the same entities.,deepjoin,1.0000,0.9400,1.0000,0.9800,1.0000,0.9400,3,True,True,Query contains localized country names and candidate contains English country names referring to the same entities.,Localized country names can be translated or normalized to English country names.,"The query column contains localized country names and the candidate column contains English country names, which can be semantically mapped to the same country entities.",
freyja-wdc,LocalName_world_country.csv,title,target_007507.csv,title,"[""Aruba"", ""Afganistan/Afqanestan"", ""Angola"", ""Anguilla"", ""Shqipëria"", ""Andorra"", ""Nederlandse Antillen"", ""Al-Imarat al-´Arabiya al-Muttahida"", ""Argentina"", ""Hajastan"", ""Amerika Samoa"", ""–"", ""Terres australes françaises"", ""Antigua and Barbuda"", ""Australia"", ""Österreich"", ""Azärbaycan"", ""Burundi/Uburundi"", ""België/Belgique"", ""Bénin"", ""Burkina Faso"", ""Bangladesh"", ""Balgarija"", ""Al-Bahrayn"", ""The Bahamas"", ""Bosna i Hercegovina"", ""Belarus"", ""Belize"", ""Bermuda"", ""Bolivia"", ""Brasil"", ""Barbados"", ""Brunei Darussalam"", ""Druk-Yul"", ""Bouvetøya"", ""Botswana"", ""Centrafrique/Bê-Afrîka"", ""Canada"", ""Cocos (Keeling) Islands"", ""Schweiz/Suisse/Svizzera/Svizra"", ""Chile"", ""Zhongquo"", ""Côte d’Ivoire"", ""Cameroun/Cameroon"", ""République Démocratique du Congo"", ""Congo"", ""The Cook Islands"", ""Colombia"", ""Komori/Comores"", ""Cabo Verde"", ""Costa Rica"", ""Cuba"", ""Christmas Island"", ""Cayman Islands"", ""Kýpros/Kibris"", ""¸esko"", ""Deutschland"", ""Djibouti/Jibuti"", ""Dominica"", ""Danmark"", ""República Dominicana"", ""Al-Jaza’ir/Algérie"", ""Ecuador"", ""Misr""]","[""Afghanistan"", ""Albania"", ""Algeria"", ""American Samoa"", ""Andorra"", ""Angola"", ""Anguilla"", ""Antigua and Barbuda"", ""Argentina"", ""Armenia"", ""Aruba"", ""Australia"", ""Austria"", ""Azerbaijan"", ""Bahamas"", ""Bahrain"", ""Bangladesh"", ""Barbados"", ""Belarus"", ""Belgium"", ""Belize"", ""Benin"", ""Bermuda"", ""Bhutan"", ""Bolivia"", ""Bosnia and Herzegovina"", ""Botswana"", ""Brazil"", ""British Virgin Islands"", ""Brunei"", ""Bulgaria"", ""Burkina Faso"", ""Burundi"", ""Cambodia"", ""Cameroon"", ""Canada"", ""Cape Verde"", ""Cayman Islands"", ""Central African Republic"", ""Chad"", ""Chile"", ""China"", ""Christmas Island"", ""Cocos (Keeling) Islands"", ""Colombia"", ""Comoros"", ""Congo-Kinshasa"", ""Congo-Brazzaville"", ""Cook Islands"", ""Costa Rica"", ""Cote d'Ivoire (Ivory Coast)"", ""Croatia"", ""Cuba"", ""Cyprus"", ""Czech Republic"", ""Denmark"", ""Djibouti"", ""Dominica"", ""Dominican Republic"", ""East Timor"", ""Ecuador"", ""Egypt"", ""El Salvador"", ""Equatorial Guinea""]",semantic,Query contains localized country names and candidate contains English country names referring to the same entities.,snoopy,1.0000,0.9400,1.0000,0.9800,1.0000,0.9400,3,True,True,Query contains localized country names and candidate contains English country names referring to the same entities.,Localized country names can be translated or normalized to English country names.,"The columns contain country names in localized and English formats, which can be semantically mapped to the same entities.",
freyja-wdc,LocalName_world_country.csv,title,target_000063.csv,title,"[""Aruba"", ""Afganistan/Afqanestan"", ""Angola"", ""Anguilla"", ""Shqipëria"", ""Andorra"", ""Nederlandse Antillen"", ""Al-Imarat al-´Arabiya al-Muttahida"", ""Argentina"", ""Hajastan"", ""Amerika Samoa"", ""–"", ""Terres australes françaises"", ""Antigua and Barbuda"", ""Australia"", ""Österreich"", ""Azärbaycan"", ""Burundi/Uburundi"", ""België/Belgique"", ""Bénin"", ""Burkina Faso"", ""Bangladesh"", ""Balgarija"", ""Al-Bahrayn"", ""The Bahamas"", ""Bosna i Hercegovina"", ""Belarus"", ""Belize"", ""Bermuda"", ""Bolivia"", ""Brasil"", ""Barbados"", ""Brunei Darussalam"", ""Druk-Yul"", ""Bouvetøya"", ""Botswana"", ""Centrafrique/Bê-Afrîka"", ""Canada"", ""Cocos (Keeling) Islands"", ""Schweiz/Suisse/Svizzera/Svizra"", ""Chile"", ""Zhongquo"", ""Côte d’Ivoire"", ""Cameroun/Cameroon"", ""République Démocratique du Congo"", ""Congo"", ""The Cook Islands"", ""Colombia"", ""Komori/Comores"", ""Cabo Verde"", ""Costa Rica"", ""Cuba"", ""Christmas Island"", ""Cayman Islands"", ""Kýpros/Kibris"", ""¸esko"", ""Deutschland"", ""Djibouti/Jibuti"", ""Dominica"", ""Danmark"", ""República Dominicana"", ""Al-Jaza’ir/Algérie"", ""Ecuador"", ""Misr""]","[""Afghanistan"", ""Albania"", ""Algeria"", ""American Samoa"", ""Angola"", ""Anguilla"", ""Antarctica"", ""Antigua and Barbuda"", ""Argentina"", ""Armenia"", ""Aruba"", ""Australia"", ""Austria"", ""Azerbaijan"", ""Bahamas, The"", ""Bahrain"", ""Bangladesh"", ""Barbados"", ""Belarus"", ""Belgium"", ""Belize"", ""Benin"", ""Bermuda"", ""Bhutan"", ""Bolivia"", ""Bosnia and Herzegovina"", ""Botswana"", ""Brazil"", ""British Indian Ocean Territory"", ""British Virgin Islands"", ""Brunei"", ""Bulgaria"", ""Burkina Faso"", ""Burma"", ""Burundi"", ""Cabo Verde"", ""Cambodia"", ""Cameroon"", ""Canada"", ""Cayman Islands"", ""Central African Republic"", ""Chad"", ""Chile"", ""China"", ""Christmas Island"", ""Cocos (Keeling) Islands"", ""Colombia"", ""Comoros"", ""Congo, Democratic Republic of the"", ""Congo, Republic of the"", ""Cook Islands"", ""Costa Rica"", ""Cote d'Ivoire"", ""Croatia"", ""Cuba"", ""Cyprus"", ""Czech Republic"", ""Denmark"", ""Djibouti"", ""Dominica"", ""Dominican Republic"", ""Ecuador"", ""Egypt"", ""El Salvador""]",semantic,Query contains localized country names and candidate contains English country names referring to the same entities.,deepjoin,1.0000,0.9400,1.0000,0.9800,1.0000,0.9400,3,True,True,Query contains localized country names and candidate contains English country names referring to the same entities.,Localized country names can be translated or normalized to English country names.,"Both columns contain country names, with the query using localized endonyms and the candidate using standard English names, which can be semantically mapped.",
freyja-wdc,LocalName_world_country.csv,title,target_037203.csv,title,"[""Aruba"", ""Afganistan/Afqanestan"", ""Angola"", ""Anguilla"", ""Shqipëria"", ""Andorra"", ""Nederlandse Antillen"", ""Al-Imarat al-´Arabiya al-Muttahida"", ""Argentina"", ""Hajastan"", ""Amerika Samoa"", ""–"", ""Terres australes françaises"", ""Antigua and Barbuda"", ""Australia"", ""Österreich"", ""Azärbaycan"", ""Burundi/Uburundi"", ""België/Belgique"", ""Bénin"", ""Burkina Faso"", ""Bangladesh"", ""Balgarija"", ""Al-Bahrayn"", ""The Bahamas"", ""Bosna i Hercegovina"", ""Belarus"", ""Belize"", ""Bermuda"", ""Bolivia"", ""Brasil"", ""Barbados"", ""Brunei Darussalam"", ""Druk-Yul"", ""Bouvetøya"", ""Botswana"", ""Centrafrique/Bê-Afrîka"", ""Canada"", ""Cocos (Keeling) Islands"", ""Schweiz/Suisse/Svizzera/Svizra"", ""Chile"", ""Zhongquo"", ""Côte d’Ivoire"", ""Cameroun/Cameroon"", ""République Démocratique du Congo"", ""Congo"", ""The Cook Islands"", ""Colombia"", ""Komori/Comores"", ""Cabo Verde"", ""Costa Rica"", ""Cuba"", ""Christmas Island"", ""Cayman Islands"", ""Kýpros/Kibris"", ""¸esko"", ""Deutschland"", ""Djibouti/Jibuti"", ""Dominica"", ""Danmark"", ""República Dominicana"", ""Al-Jaza’ir/Algérie"", ""Ecuador"", ""Misr""]","[""Afghanistan"", ""Albania"", ""Algeria"", ""American Samoa"", ""Angola"", ""Anguilla"", ""Antarctica"", ""Antigua and Barbuda"", ""Argentina"", ""Armenia"", ""Aruba"", ""Australia"", ""Austria"", ""Azerbaijan"", ""Bahamas, The"", ""Bahrain"", ""Bangladesh"", ""Barbados"", ""Belarus"", ""Belgium"", ""Belize"", ""Benin"", ""Bermuda"", ""Bhutan"", ""Bolivia"", ""Bosnia and Herzegovina"", ""Botswana"", ""Brazil"", ""British Indian Ocean Territory"", ""British Virgin Islands"", ""Brunei"", ""Bulgaria"", ""Burkina Faso"", ""Burma"", ""Burundi"", ""Cabo Verde"", ""Cambodia"", ""Cameroon"", ""Canada"", ""Cayman Islands"", ""Central African Republic"", ""Chad"", ""Chile"", ""China"", ""Christmas Island"", ""Cocos (Keeling) Islands"", ""Colombia"", ""Comoros"", ""Congo, Democratic Republic of the"", ""Congo, Republic of the"", ""Cook Islands"", ""Costa Rica"", ""Cote d'Ivoire"", ""Croatia"", ""Cuba"", ""Cyprus"", ""Czech Republic"", ""Denmark"", ""Djibouti"", ""Dominica"", ""Dominican Republic"", ""Ecuador"", ""Egypt"", ""El Salvador""]",semantic,Query contains localized country names and candidate contains English country names referring to the same entities.,deepjoin,1.0000,0.9400,1.0000,0.9800,1.0000,0.9400,3,True,True,Query contains localized country names and candidate contains English country names referring to the same entities.,Localized country names can be translated or normalized to English country names.,"The columns contain country names in localized and English formats, which can be semantically mapped to the same country entities.",
freyja-wdc,LocalName_world_country.csv,title,target_019019.csv,title,"[""Aruba"", ""Afganistan/Afqanestan"", ""Angola"", ""Anguilla"", ""Shqipëria"", ""Andorra"", ""Nederlandse Antillen"", ""Al-Imarat al-´Arabiya al-Muttahida"", ""Argentina"", ""Hajastan"", ""Amerika Samoa"", ""–"", ""Terres australes françaises"", ""Antigua and Barbuda"", ""Australia"", ""Österreich"", ""Azärbaycan"", ""Burundi/Uburundi"", ""België/Belgique"", ""Bénin"", ""Burkina Faso"", ""Bangladesh"", ""Balgarija"", ""Al-Bahrayn"", ""The Bahamas"", ""Bosna i Hercegovina"", ""Belarus"", ""Belize"", ""Bermuda"", ""Bolivia"", ""Brasil"", ""Barbados"", ""Brunei Darussalam"", ""Druk-Yul"", ""Bouvetøya"", ""Botswana"", ""Centrafrique/Bê-Afrîka"", ""Canada"", ""Cocos (Keeling) Islands"", ""Schweiz/Suisse/Svizzera/Svizra"", ""Chile"", ""Zhongquo"", ""Côte d’Ivoire"", ""Cameroun/Cameroon"", ""République Démocratique du Congo"", ""Congo"", ""The Cook Islands"", ""Colombia"", ""Komori/Comores"", ""Cabo Verde"", ""Costa Rica"", ""Cuba"", ""Christmas Island"", ""Cayman Islands"", ""Kýpros/Kibris"", ""¸esko"", ""Deutschland"", ""Djibouti/Jibuti"", ""Dominica"", ""Danmark"", ""República Dominicana"", ""Al-Jaza’ir/Algérie"", ""Ecuador"", ""Misr""]","[""Abkhazia"", ""Afghanistan"", ""Åland Islands"", ""Albania"", ""Algeria"", ""American Samoa"", ""Andorra"", ""Angola"", ""Anguilla"", ""Antigua and Barbuda"", ""Argentina"", ""Armenia"", ""Aruba"", ""Ascension"", ""Australia"", ""Australian External Territories"", ""Austria"", ""Azerbaijan"", ""Bahamas"", ""Bahrain"", ""Bangladesh"", ""Barbados"", ""Barbuda"", ""Belarus"", ""Belgium"", ""Belize"", ""Benin"", ""Bermuda"", ""Bhutan"", ""Bolivia"", ""Bonaire"", ""Bosnia and Herzegovina"", ""Botswana"", ""Brazil"", ""British Indian Ocean Territory"", ""British Virgin Islands"", ""Brunei Darussalam"", ""Bulgaria"", ""Burkina Faso"", ""Burundi"", ""Cambodia"", ""Cameroon"", ""Canada"", ""Cape Verde"", ""Caribbean Netherlands"", ""Cayman Islands"", ""Central African Republic"", ""Chad"", ""Chatham Island, New Zealand"", ""Chile"", ""China"", ""Christmas Island"", ""Cocos (Keeling) Islands"", ""Colombia"", ""Comoros"", ""Congo"", ""Congo, Democratic Republic of the (Zaire)"", ""Cook Islands"", ""Costa Rica"", ""Côte d'Ivoire"", ""Croatia"", ""Cuba"", ""Guantanamo Bay, Cuba"", ""Curaçao""]",semantic,Query contains localized country names and candidate contains English country names referring to the same entities.,snoopy,1.0000,0.9300,1.0000,0.9767,1.0000,0.9300,3,True,True,Query contains localized country names and candidate contains English country names referring to the same entities.,Localized country names can be translated or normalized to English country names.,"The columns contain country names in localized (endonym) and English (exonym) formats, which can be semantically mapped to the same entities.",
freyja-wdc,LocalName_world_country.csv,title,target_004488.csv,title,"[""Aruba"", ""Afganistan/Afqanestan"", ""Angola"", ""Anguilla"", ""Shqipëria"", ""Andorra"", ""Nederlandse Antillen"", ""Al-Imarat al-´Arabiya al-Muttahida"", ""Argentina"", ""Hajastan"", ""Amerika Samoa"", ""–"", ""Terres australes françaises"", ""Antigua and Barbuda"", ""Australia"", ""Österreich"", ""Azärbaycan"", ""Burundi/Uburundi"", ""België/Belgique"", ""Bénin"", ""Burkina Faso"", ""Bangladesh"", ""Balgarija"", ""Al-Bahrayn"", ""The Bahamas"", ""Bosna i Hercegovina"", ""Belarus"", ""Belize"", ""Bermuda"", ""Bolivia"", ""Brasil"", ""Barbados"", ""Brunei Darussalam"", ""Druk-Yul"", ""Bouvetøya"", ""Botswana"", ""Centrafrique/Bê-Afrîka"", ""Canada"", ""Cocos (Keeling) Islands"", ""Schweiz/Suisse/Svizzera/Svizra"", ""Chile"", ""Zhongquo"", ""Côte d’Ivoire"", ""Cameroun/Cameroon"", ""République Démocratique du Congo"", ""Congo"", ""The Cook Islands"", ""Colombia"", ""Komori/Comores"", ""Cabo Verde"", ""Costa Rica"", ""Cuba"", ""Christmas Island"", ""Cayman Islands"", ""Kýpros/Kibris"", ""¸esko"", ""Deutschland"", ""Djibouti/Jibuti"", ""Dominica"", ""Danmark"", ""República Dominicana"", ""Al-Jaza’ir/Algérie"", ""Ecuador"", ""Misr""]","[""Afghanistan"", ""Akrotiri"", ""Albania"", ""Algeria"", ""American Samoa"", ""Andorra"", ""Angola"", ""Anguilla"", ""Antigua and Barbuda"", ""Argentina"", ""Armenia"", ""Aruba"", ""Australia"", ""Austria"", ""Azerbaijan"", ""Bahrain"", ""Bangladesh"", ""Barbados"", ""Belarus"", ""Belgium"", ""Belize"", ""Benin"", ""Bermuda"", ""Bhutan"", ""Bolivia"", ""Bosnia and Herzegovina"", ""Botswana"", ""Brazil"", ""British Virgin Islands"", ""Brunei"", ""Bulgaria"", ""Burkina Faso"", ""Burma"", ""Burundi"", ""Cambodia"", ""Cameroon"", ""Canada"", ""Cape Verde"", ""Cayman Islands"", ""Central African Republic"", ""Chad"", ""Chile"", ""China"", ""Christmas Island"", ""Cocos (Keeling) Islands"", ""Colombia"", ""Comoros"", ""Congo, Republic of the"", ""Cook Islands"", ""Costa Rica"", ""Cote d'Ivoire"", ""Croatia"", ""Cuba"", ""Cyprus"", ""Czech Republic"", ""Democratic Republic of the Congo"", ""Denmark"", ""Dhekelia"", ""Djibouti"", ""Dominica"", ""Dominican Republic"", ""East Timor"", ""Ecuador"", ""Egypt""]",semantic,Query contains localized country names and candidate contains English country names referring to the same entities.,deepjoin,1.0000,0.9300,1.0000,0.9767,1.0000,0.9300,3,True,True,Query contains localized country names and candidate contains English country names referring to the same entities.,Localized country names can be translated or normalized to English country names.,"Both columns contain country names, with the query using localized/native names and the candidate using English names, which can be semantically mapped.",
freyja-wdc,LocalName_world_country.csv,title,target_046326.csv,title,"[""Aruba"", ""Afganistan/Afqanestan"", ""Angola"", ""Anguilla"", ""Shqipëria"", ""Andorra"", ""Nederlandse Antillen"", ""Al-Imarat al-´Arabiya al-Muttahida"", ""Argentina"", ""Hajastan"", ""Amerika Samoa"", ""–"", ""Terres australes françaises"", ""Antigua and Barbuda"", ""Australia"", ""Österreich"", ""Azärbaycan"", ""Burundi/Uburundi"", ""België/Belgique"", ""Bénin"", ""Burkina Faso"", ""Bangladesh"", ""Balgarija"", ""Al-Bahrayn"", ""The Bahamas"", ""Bosna i Hercegovina"", ""Belarus"", ""Belize"", ""Bermuda"", ""Bolivia"", ""Brasil"", ""Barbados"", ""Brunei Darussalam"", ""Druk-Yul"", ""Bouvetøya"", ""Botswana"", ""Centrafrique/Bê-Afrîka"", ""Canada"", ""Cocos (Keeling) Islands"", ""Schweiz/Suisse/Svizzera/Svizra"", ""Chile"", ""Zhongquo"", ""Côte d’Ivoire"", ""Cameroun/Cameroon"", ""République Démocratique du Congo"", ""Congo"", ""The Cook Islands"", ""Colombia"", ""Komori/Comores"", ""Cabo Verde"", ""Costa Rica"", ""Cuba"", ""Christmas Island"", ""Cayman Islands"", ""Kýpros/Kibris"", ""¸esko"", ""Deutschland"", ""Djibouti/Jibuti"", ""Dominica"", ""Danmark"", ""República Dominicana"", ""Al-Jaza’ir/Algérie"", ""Ecuador"", ""Misr""]","[""Ascension Island"", ""Andorra"", ""United Arab Emirates"", ""Afghanistan"", ""Antigua And Barbuda"", ""Anguilla"", ""Albania"", ""Armenia"", ""Netherlands Antilles"", ""Angola"", ""Antarctica"", ""Argentina"", ""American Samoa"", ""Austria"", ""Australia"", ""Aruba"", ""Azerbaijan"", ""Bosnia And Herzegowina"", ""Barbados"", ""Belgium"", ""Burkina Faso"", ""Bulgaria"", ""Bahrain"", ""Burundi"", ""Benin"", ""Bermuda"", ""Brunei Darussalam"", ""Bolivia"", ""Brazil"", ""Bahamas"", ""Bhutan"", ""Bouvet Island"", ""Botswana"", ""Belarus"", ""Belize"", ""Canada"", ""Cocos (Keeling) Islands"", ""Congo (Democratic Republic)"", ""Central African Republic"", ""Congo (Republic)"", ""Switzerland"", ""Cote D'Ivoire"", ""Cook Islands"", ""Chile"", ""Cameroon"", ""China"", ""Colombia"", ""Costa Rica"", ""Cuba"", ""Cape Verde"", ""Christmas Island"", ""Cyprus"", ""Czech Republic"", ""Germany"", ""Djibouti"", ""Denmark"", ""Dominica"", ""Dominican Republic"", ""Algeria"", ""Ecuador"", ""Estonia"", ""Egypt"", ""Eritrea"", ""Spain""]",semantic,Query contains localized country names and candidate contains English country names referring to the same entities.,snoopy,1.0000,0.9400,1.0000,0.9800,1.0000,0.9400,3,True,True,Query contains localized country names and candidate contains English country names referring to the same entities.,Localized country names can be translated or normalized to English country names.,"Both columns represent countries, with the query column containing localized names and the candidate column containing English names, allowing for a semantic mapping.",
freyja-wdc,LocalName_world_country.csv,title,target_008987.csv,title,"[""Aruba"", ""Afganistan/Afqanestan"", ""Angola"", ""Anguilla"", ""Shqipëria"", ""Andorra"", ""Nederlandse Antillen"", ""Al-Imarat al-´Arabiya al-Muttahida"", ""Argentina"", ""Hajastan"", ""Amerika Samoa"", ""–"", ""Terres australes françaises"", ""Antigua and Barbuda"", ""Australia"", ""Österreich"", ""Azärbaycan"", ""Burundi/Uburundi"", ""België/Belgique"", ""Bénin"", ""Burkina Faso"", ""Bangladesh"", ""Balgarija"", ""Al-Bahrayn"", ""The Bahamas"", ""Bosna i Hercegovina"", ""Belarus"", ""Belize"", ""Bermuda"", ""Bolivia"", ""Brasil"", ""Barbados"", ""Brunei Darussalam"", ""Druk-Yul"", ""Bouvetøya"", ""Botswana"", ""Centrafrique/Bê-Afrîka"", ""Canada"", ""Cocos (Keeling) Islands"", ""Schweiz/Suisse/Svizzera/Svizra"", ""Chile"", ""Zhongquo"", ""Côte d’Ivoire"", ""Cameroun/Cameroon"", ""République Démocratique du Congo"", ""Congo"", ""The Cook Islands"", ""Colombia"", ""Komori/Comores"", ""Cabo Verde"", ""Costa Rica"", ""Cuba"", ""Christmas Island"", ""Cayman Islands"", ""Kýpros/Kibris"", ""¸esko"", ""Deutschland"", ""Djibouti/Jibuti"", ""Dominica"", ""Danmark"", ""República Dominicana"", ""Al-Jaza’ir/Algérie"", ""Ecuador"", ""Misr""]","[""Afghanistan"", ""Akrotiri"", ""Albania"", ""Algeria"", ""American Samoa"", ""Andorra"", ""Angola"", ""Anguilla"", ""Antarctica"", ""Antigua and Barbuda"", ""Arctic Ocean"", ""Argentina"", ""Armenia"", ""Aruba"", ""Ashmore and Cartier Islands"", ""Atlantic Ocean"", ""Australia"", ""Austria"", ""Azerbaijan"", ""Bahrain"", ""Bangladesh"", ""Barbados"", ""Bassas da India"", ""Belarus"", ""Belgium"", ""Belize"", ""Benin"", ""Bermuda"", ""Bhutan"", ""Bolivia"", ""Bosnia and Herzegovina"", ""Botswana"", ""Bouvet Island"", ""Brazil"", ""British Indian Ocean Territory"", ""British Virgin Islands"", ""Brunei"", ""Bulgaria"", ""Burkina Faso"", ""Burma"", ""Burundi"", ""Cambodia"", ""Cameroon"", ""Canada"", ""Cape Verde"", ""Cayman Islands"", ""Central African Republic"", ""Chad"", ""Chile"", ""China"", ""Christmas Island"", ""Clipperton Island"", ""Cocos (Keeling) Islands"", ""Colombia"", ""Comoros"", ""Congo, Republic of the"", ""Cook Islands"", ""Coral Sea Islands"", ""Costa Rica"", ""Cote d'Ivoire"", ""Croatia"", ""Cuba"", ""Cyprus"", ""Czech Republic""]",semantic,Query contains localized country names and candidate contains English country names referring to the same entities.,deepjoin,1.0000,0.9000,1.0000,0.9667,1.0000,0.9000,3,True,True,Query contains localized country names and candidate contains English country names referring to the same entities.,Localized country names can be translated or normalized to English country names.,"Both columns represent countries, with the query containing localized names and the candidate containing English names, which can be semantically mapped.",
freyja-wdc,LocalName_world_country.csv,title,target_087438.csv,title,"[""Aruba"", ""Afganistan/Afqanestan"", ""Angola"", ""Anguilla"", ""Shqipëria"", ""Andorra"", ""Nederlandse Antillen"", ""Al-Imarat al-´Arabiya al-Muttahida"", ""Argentina"", ""Hajastan"", ""Amerika Samoa"", ""–"", ""Terres australes françaises"", ""Antigua and Barbuda"", ""Australia"", ""Österreich"", ""Azärbaycan"", ""Burundi/Uburundi"", ""België/Belgique"", ""Bénin"", ""Burkina Faso"", ""Bangladesh"", ""Balgarija"", ""Al-Bahrayn"", ""The Bahamas"", ""Bosna i Hercegovina"", ""Belarus"", ""Belize"", ""Bermuda"", ""Bolivia"", ""Brasil"", ""Barbados"", ""Brunei Darussalam"", ""Druk-Yul"", ""Bouvetøya"", ""Botswana"", ""Centrafrique/Bê-Afrîka"", ""Canada"", ""Cocos (Keeling) Islands"", ""Schweiz/Suisse/Svizzera/Svizra"", ""Chile"", ""Zhongquo"", ""Côte d’Ivoire"", ""Cameroun/Cameroon"", ""République Démocratique du Congo"", ""Congo"", ""The Cook Islands"", ""Colombia"", ""Komori/Comores"", ""Cabo Verde"", ""Costa Rica"", ""Cuba"", ""Christmas Island"", ""Cayman Islands"", ""Kýpros/Kibris"", ""¸esko"", ""Deutschland"", ""Djibouti/Jibuti"", ""Dominica"", ""Danmark"", ""República Dominicana"", ""Al-Jaza’ir/Algérie"", ""Ecuador"", ""Misr""]","[""Afghanistan"", ""Åland Islands"", ""Albania"", ""Algeria"", ""American Samoa"", ""Andorra"", ""Angola"", ""Anguilla"", ""Antarctica"", ""Antigua and Barbuda"", ""Argentina"", ""Armenia"", ""Aruba"", ""Australia"", ""Austria"", ""Azerbaijan"", ""Bahamas"", ""Bahrain"", ""Bangladesh"", ""Barbados"", ""Belarus"", ""Belgium"", ""Belize"", ""Benin"", ""Bermuda"", ""Bhutan"", ""Bolivia"", ""Bonaire, Saint Eustatius and Saba"", ""Bosnia and Herzegovina"", ""Botswana"", ""Bouvet Island"", ""Brazil"", ""British Indian Ocean Territory"", ""British Virgin Islands"", ""Brunei"", ""Bulgaria"", ""Burkina Faso"", ""Burundi"", ""Cambodia"", ""Cameroon"", ""Canada"", ""Cape Verde"", ""Cayman Islands"", ""Central African Republic"", ""Chad"", ""Chile"", ""China"", ""Christmas Island"", ""Cocos [Keeling] Islands"", ""Colombia"", ""Comoros"", ""Congo [DRC]"", ""Congo [Republic]"", ""Cook Islands"", ""Costa Rica"", ""Croatia"", ""Cuba"", ""Curacao"", ""Cyprus"", ""Czech Republic"", ""Denmark"", ""Djibouti"", ""Dominica"", ""Dominican Republic""]",semantic,Query contains localized country names and candidate contains English country names referring to the same entities.,snoopy,1.0000,0.9200,1.0000,0.9733,1.0000,0.9200,3,True,True,Query contains localized country names and candidate contains English country names referring to the same entities.,Localized country names can be translated or normalized to English country names.,"The query column contains localized country names (endonyms) and the candidate column contains English country names (exonyms), which can be semantically mapped to the same country entities.",
freyja-wdc,LocalName_world_country.csv,title,target_012093.csv,title,"[""Aruba"", ""Afganistan/Afqanestan"", ""Angola"", ""Anguilla"", ""Shqipëria"", ""Andorra"", ""Nederlandse Antillen"", ""Al-Imarat al-´Arabiya al-Muttahida"", ""Argentina"", ""Hajastan"", ""Amerika Samoa"", ""–"", ""Terres australes françaises"", ""Antigua and Barbuda"", ""Australia"", ""Österreich"", ""Azärbaycan"", ""Burundi/Uburundi"", ""België/Belgique"", ""Bénin"", ""Burkina Faso"", ""Bangladesh"", ""Balgarija"", ""Al-Bahrayn"", ""The Bahamas"", ""Bosna i Hercegovina"", ""Belarus"", ""Belize"", ""Bermuda"", ""Bolivia"", ""Brasil"", ""Barbados"", ""Brunei Darussalam"", ""Druk-Yul"", ""Bouvetøya"", ""Botswana"", ""Centrafrique/Bê-Afrîka"", ""Canada"", ""Cocos (Keeling) Islands"", ""Schweiz/Suisse/Svizzera/Svizra"", ""Chile"", ""Zhongquo"", ""Côte d’Ivoire"", ""Cameroun/Cameroon"", ""République Démocratique du Congo"", ""Congo"", ""The Cook Islands"", ""Colombia"", ""Komori/Comores"", ""Cabo Verde"", ""Costa Rica"", ""Cuba"", ""Christmas Island"", ""Cayman Islands"", ""Kýpros/Kibris"", ""¸esko"", ""Deutschland"", ""Djibouti/Jibuti"", ""Dominica"", ""Danmark"", ""República Dominicana"", ""Al-Jaza’ir/Algérie"", ""Ecuador"", ""Misr""]","[""Albania"", ""Algeria"", ""Angola"", ""Antigua and Barbuda"", ""Argentina"", ""Armenia"", ""Australia"", ""Austria"", ""Azerbaijan"", ""Bahamas"", ""Bangladesh"", ""Barbados"", ""Belarus (as the Byelorussian SSR)"", ""Belgium"", ""Belize"", ""Benin"", ""Bolivia"", ""Bosnia and Herzegovina"", ""Botswana"", ""Bulgaria"", ""Burkina Faso"", ""Burundi"", ""Cambodia"", ""Cameroon"", ""Canada"", ""Cape Verde"", ""Central African Republic"", ""Chad"", ""Chile"", ""Colombia"", ""Comoros"", ""Congo"", ""Democratic Republic of the Congo"", ""Costa Rica"", ""Côte d'Ivoire"", ""Croatia"", ""Cuba"", ""Cyprus"", ""Czech Republic"", ""Denmark"", ""Djibouti"", ""Dominica"", ""Dominican Republic"", ""East Timor"", ""Ecuador"", ""Egypt"", ""El Salvador"", ""Equatorial Guinea"", ""Eritrea"", ""Estonia"", ""Ethiopia"", ""Fiji"", ""Finland"", ""France"", ""Gabon"", ""Gambia"", ""Georgia"", ""Germany"", ""Ghana"", ""Greece"", ""Grenada"", ""Guatemala"", ""Guinea"", ""Guyana""]",semantic,Query contains localized country names and candidate contains English country names referring to the same entities.,deepjoin,1.0000,0.8600,1.0000,0.9533,1.0000,0.8600,3,True,True,Query contains localized country names and candidate contains English country names referring to the same entities.,Localized country names can be translated or normalized to English country names.,"Both columns contain country names, with the query using localized endonyms and the candidate using English exonyms, which can be semantically mapped.",
freyja-wdc,official_name_fr_countries_and_continents.csv,title,target_020486.csv,title,"[""Îles Anglo-Normandes"", ""Sercq"", ""Afghanistan"", ""Albanie"", ""Algérie"", ""Samoa américaines"", ""Andorre"", ""Angola"", ""Anguilla"", ""Antigua-et-Barbuda"", ""Argentine"", ""Arménie"", ""Aruba"", ""Australie"", ""Autriche"", ""Azerbaïdjan"", ""Bahamas"", ""Bahreïn"", ""Bangladesh"", ""Barbade"", ""Bélarus"", ""Belgique"", ""Belize"", ""Bénin"", ""Bermudes"", ""Bhoutan"", ""Bolivie (État plurinational de)"", ""Bosnie-Herzégovine"", ""Botswana"", ""Brésil"", ""Îles Vierges britanniques"", ""Brunéi Darussalam"", ""Bulgarie"", ""Burkina Faso"", ""Burundi"", ""Cambodge"", ""Cameroun"", ""Canada"", ""Cabo Verde"", ""Bonaire, Saint-Eustache et Saba"", ""Îles Caïmanes"", ""République centrafricaine"", ""Tchad"", ""Chili"", ""Chine"", ""Colombie"", ""Comores"", ""Congo"", ""République démocratique du Congo"", ""Îles Cook"", ""Costa Rica"", ""Croatie"", ""Cuba"", ""Curaçao"", ""Chypre"", ""Tchéquie"", ""Côte d'Ivoire"", ""Danemark"", ""Djibouti"", ""Dominique"", ""République dominicaine"", ""Équateur"", ""Égypte"", ""El Salvador""]","[""Ascension Island"", ""Andorra"", ""United Arab Emirates"", ""Afghanistan"", ""Antigua and Barbuda"", ""Anguilla"", ""Albania"", ""Armenia"", ""Netherlands Antilles"", ""Angola"", ""Antarctica"", ""Argentina"", ""American Samoa"", ""Austria"", ""Australia"", ""Aruba"", ""Aland Islands"", ""Azerbaijan"", ""Bosnia and Herzegowina"", ""Barbados"", ""Bangladesh"", ""Belgium"", ""Burkina Faso"", ""Bulgaria"", ""Bahrain"", ""Burundi"", ""Benin"", ""Saint Barthelemy"", ""Bermuda"", ""Brunei Darussalam"", ""Bolivia"", ""Bonaire, Saint Eustatius and Saba"", ""Brazil"", ""Bahamas"", ""Bhutan"", ""Bouvet Island"", ""Botswana"", ""Belarus"", ""Belize"", ""Canada"", ""Cocos (Keeling) Islands"", ""Congo, the Democratic Republic of the"", ""Central African Republic"", ""Congo"", ""Switzerland"", ""Cote d'Ivoire"", ""Cook Islands"", ""Chile"", ""Cameroon"", ""China"", ""Colombia"", ""Costa Rica"", ""Cuba"", ""Cape Verde"", ""Curaçao"", ""Christmas Island"", ""Cyprus"", ""Czech Republic"", ""Germany"", ""Djibouti"", ""Denmark"", ""Dominica"", ""Dominican Republic"", ""Algeria""]",semantic,"The query column contains French country names, and the candidate column contains English country names.",deepjoin,1.0000,0.9400,1.0000,0.9800,1.0000,0.9400,3,True,True,"The query column contains French country names, and the candidate column contains English country names.",French country names can be translated to English country names.,"The columns contain country names in French and English respectively, which can be semantically mapped using standard translation or ISO codes.",
freyja-wdc,official_name_fr_countries_and_continents.csv,title,target_027767.csv,title,"[""Îles Anglo-Normandes"", ""Sercq"", ""Afghanistan"", ""Albanie"", ""Algérie"", ""Samoa américaines"", ""Andorre"", ""Angola"", ""Anguilla"", ""Antigua-et-Barbuda"", ""Argentine"", ""Arménie"", ""Aruba"", ""Australie"", ""Autriche"", ""Azerbaïdjan"", ""Bahamas"", ""Bahreïn"", ""Bangladesh"", ""Barbade"", ""Bélarus"", ""Belgique"", ""Belize"", ""Bénin"", ""Bermudes"", ""Bhoutan"", ""Bolivie (État plurinational de)"", ""Bosnie-Herzégovine"", ""Botswana"", ""Brésil"", ""Îles Vierges britanniques"", ""Brunéi Darussalam"", ""Bulgarie"", ""Burkina Faso"", ""Burundi"", ""Cambodge"", ""Cameroun"", ""Canada"", ""Cabo Verde"", ""Bonaire, Saint-Eustache et Saba"", ""Îles Caïmanes"", ""République centrafricaine"", ""Tchad"", ""Chili"", ""Chine"", ""Colombie"", ""Comores"", ""Congo"", ""République démocratique du Congo"", ""Îles Cook"", ""Costa Rica"", ""Croatie"", ""Cuba"", ""Curaçao"", ""Chypre"", ""Tchéquie"", ""Côte d'Ivoire"", ""Danemark"", ""Djibouti"", ""Dominique"", ""République dominicaine"", ""Équateur"", ""Égypte"", ""El Salvador""]","[""Afghanistan"", ""Albania"", ""Algeria"", ""American Samoa"", ""Andorra"", ""Angola"", ""Anguilla"", ""Antigua and Barbuda"", ""Argentina"", ""Armenia"", ""Aruba"", ""Australia"", ""Austria"", ""Azerbaijan"", ""Bahamas, The"", ""Bahrain"", ""Bangladesh"", ""Barbados"", ""Belarus"", ""Belgium"", ""Belize"", ""Benin"", ""Bermuda"", ""Bhutan"", ""Bolivia"", ""Bosnia and Herzegovina"", ""Botswana"", ""Brazil"", ""British Virgin Islands"", ""Brunei"", ""Bulgaria"", ""Burkina Faso"", ""Burma"", ""Burundi"", ""Cabo Verde"", ""Cambodia"", ""Cameroon"", ""Canada"", ""Cayman Islands"", ""Central African Republic"", ""Chad"", ""Chile"", ""China"", ""Cocos (Keeling) Islands"", ""Colombia"", ""Comoros"", ""Congo, Democratic Republic of the"", ""Congo, Republic of the"", ""Cook Islands"", ""Costa Rica"", ""Cote d'Ivoire"", ""Croatia"", ""Cuba"", ""Curacao"", ""Cyprus"", ""Czech Republic"", ""Denmark"", ""Djibouti"", ""Dominica"", ""Dominican Republic"", ""Ecuador"", ""Egypt"", ""El Salvador"", ""Equatorial Guinea""]",semantic,"The query column contains French country names, and the candidate column contains English country names.",deepjoin,1.0000,0.9400,1.0000,0.9800,1.0000,0.9400,3,True,True,"The query column contains French country names, and the candidate column contains English country names.",French country names can be translated to English country names.,"The columns contain country names in French and English respectively, which can be semantically mapped to each other.",
freyja-wdc,official_name_fr_countries_and_continents.csv,title,target_007507.csv,title,"[""Îles Anglo-Normandes"", ""Sercq"", ""Afghanistan"", ""Albanie"", ""Algérie"", ""Samoa américaines"", ""Andorre"", ""Angola"", ""Anguilla"", ""Antigua-et-Barbuda"", ""Argentine"", ""Arménie"", ""Aruba"", ""Australie"", ""Autriche"", ""Azerbaïdjan"", ""Bahamas"", ""Bahreïn"", ""Bangladesh"", ""Barbade"", ""Bélarus"", ""Belgique"", ""Belize"", ""Bénin"", ""Bermudes"", ""Bhoutan"", ""Bolivie (État plurinational de)"", ""Bosnie-Herzégovine"", ""Botswana"", ""Brésil"", ""Îles Vierges britanniques"", ""Brunéi Darussalam"", ""Bulgarie"", ""Burkina Faso"", ""Burundi"", ""Cambodge"", ""Cameroun"", ""Canada"", ""Cabo Verde"", ""Bonaire, Saint-Eustache et Saba"", ""Îles Caïmanes"", ""République centrafricaine"", ""Tchad"", ""Chili"", ""Chine"", ""Colombie"", ""Comores"", ""Congo"", ""République démocratique du Congo"", ""Îles Cook"", ""Costa Rica"", ""Croatie"", ""Cuba"", ""Curaçao"", ""Chypre"", ""Tchéquie"", ""Côte d'Ivoire"", ""Danemark"", ""Djibouti"", ""Dominique"", ""République dominicaine"", ""Équateur"", ""Égypte"", ""El Salvador""]","[""Afghanistan"", ""Albania"", ""Algeria"", ""American Samoa"", ""Andorra"", ""Angola"", ""Anguilla"", ""Antigua and Barbuda"", ""Argentina"", ""Armenia"", ""Aruba"", ""Australia"", ""Austria"", ""Azerbaijan"", ""Bahamas"", ""Bahrain"", ""Bangladesh"", ""Barbados"", ""Belarus"", ""Belgium"", ""Belize"", ""Benin"", ""Bermuda"", ""Bhutan"", ""Bolivia"", ""Bosnia and Herzegovina"", ""Botswana"", ""Brazil"", ""British Virgin Islands"", ""Brunei"", ""Bulgaria"", ""Burkina Faso"", ""Burundi"", ""Cambodia"", ""Cameroon"", ""Canada"", ""Cape Verde"", ""Cayman Islands"", ""Central African Republic"", ""Chad"", ""Chile"", ""China"", ""Christmas Island"", ""Cocos (Keeling) Islands"", ""Colombia"", ""Comoros"", ""Congo-Kinshasa"", ""Congo-Brazzaville"", ""Cook Islands"", ""Costa Rica"", ""Cote d'Ivoire (Ivory Coast)"", ""Croatia"", ""Cuba"", ""Cyprus"", ""Czech Republic"", ""Denmark"", ""Djibouti"", ""Dominica"", ""Dominican Republic"", ""East Timor"", ""Ecuador"", ""Egypt"", ""El Salvador"", ""Equatorial Guinea""]",semantic,"The query column contains French country names, and the candidate column contains English country names.",deepjoin,1.0000,0.9300,1.0000,0.9767,1.0000,0.9300,3,True,True,"The query column contains French country names, and the candidate column contains English country names.",French country names can be translated to English country names.,"The columns contain country names in French and English, which can be semantically mapped to each other.",
freyja-wdc,official_name_fr_countries_and_continents.csv,title,target_043592.csv,title,"[""Îles Anglo-Normandes"", ""Sercq"", ""Afghanistan"", ""Albanie"", ""Algérie"", ""Samoa américaines"", ""Andorre"", ""Angola"", ""Anguilla"", ""Antigua-et-Barbuda"", ""Argentine"", ""Arménie"", ""Aruba"", ""Australie"", ""Autriche"", ""Azerbaïdjan"", ""Bahamas"", ""Bahreïn"", ""Bangladesh"", ""Barbade"", ""Bélarus"", ""Belgique"", ""Belize"", ""Bénin"", ""Bermudes"", ""Bhoutan"", ""Bolivie (État plurinational de)"", ""Bosnie-Herzégovine"", ""Botswana"", ""Brésil"", ""Îles Vierges britanniques"", ""Brunéi Darussalam"", ""Bulgarie"", ""Burkina Faso"", ""Burundi"", ""Cambodge"", ""Cameroun"", ""Canada"", ""Cabo Verde"", ""Bonaire, Saint-Eustache et Saba"", ""Îles Caïmanes"", ""République centrafricaine"", ""Tchad"", ""Chili"", ""Chine"", ""Colombie"", ""Comores"", ""Congo"", ""République démocratique du Congo"", ""Îles Cook"", ""Costa Rica"", ""Croatie"", ""Cuba"", ""Curaçao"", ""Chypre"", ""Tchéquie"", ""Côte d'Ivoire"", ""Danemark"", ""Djibouti"", ""Dominique"", ""République dominicaine"", ""Équateur"", ""Égypte"", ""El Salvador""]","[""African Other"", ""Andorra"", ""United Arab Emirates"", ""Afghanistan"", ""Antigua and Barbuda"", ""Anguilla"", ""Albania"", ""Armenia"", ""Netherlands Antilles"", ""Angola"", ""Antarctica"", ""Argentina"", ""American Samoa"", ""Austria"", ""Australia"", ""Aruba"", ""Azerbaijan"", ""Bosnia-Herzegovina"", ""Barbados"", ""Bangladesh"", ""Belgium"", ""Burkina Faso"", ""Bulgaria"", ""Bahrain"", ""Burundi"", ""Benin"", ""Bermuda"", ""Brunei Darussalam"", ""Bolivia"", ""Brazil"", ""Bahamas"", ""Bhutan"", ""Bouvet Island"", ""Botswana"", ""Belarus"", ""Belize"", ""Canada"", ""Cocos (Keeling) Islands"", ""Central African Republic"", ""Congo"", ""Switzerland"", ""Cote D'Ivoire"", ""Cook Islands"", ""Chile"", ""Cameroon"", ""China"", ""Columbia"", ""Costa Rica"", ""Cuba"", ""Cape Verde"", ""Christmas Island"", ""Cyprus"", ""Czech Republic"", ""Germany"", ""Djibouti"", ""Denmark and Iceland"", ""Dominica"", ""Dominican Republic"", ""Algeria"", ""Ecuador"", ""Estonia"", ""Egypt"", ""Western Sahara"", ""Eritrea""]",semantic,"The query column contains French country names, and the candidate column contains English country names.",deepjoin,1.0000,0.9300,1.0000,0.9767,1.0000,0.9300,3,True,True,"The query column contains French country names, and the candidate column contains English country names.",French country names can be translated to English country names.,"The columns contain country names in French and English respectively, which can be semantically mapped using standard translation or ISO codes.",
freyja-wdc,official_name_fr_countries_and_continents.csv,title,target_096724.csv,title,"[""Îles Anglo-Normandes"", ""Sercq"", ""Afghanistan"", ""Albanie"", ""Algérie"", ""Samoa américaines"", ""Andorre"", ""Angola"", ""Anguilla"", ""Antigua-et-Barbuda"", ""Argentine"", ""Arménie"", ""Aruba"", ""Australie"", ""Autriche"", ""Azerbaïdjan"", ""Bahamas"", ""Bahreïn"", ""Bangladesh"", ""Barbade"", ""Bélarus"", ""Belgique"", ""Belize"", ""Bénin"", ""Bermudes"", ""Bhoutan"", ""Bolivie (État plurinational de)"", ""Bosnie-Herzégovine"", ""Botswana"", ""Brésil"", ""Îles Vierges britanniques"", ""Brunéi Darussalam"", ""Bulgarie"", ""Burkina Faso"", ""Burundi"", ""Cambodge"", ""Cameroun"", ""Canada"", ""Cabo Verde"", ""Bonaire, Saint-Eustache et Saba"", ""Îles Caïmanes"", ""République centrafricaine"", ""Tchad"", ""Chili"", ""Chine"", ""Colombie"", ""Comores"", ""Congo"", ""République démocratique du Congo"", ""Îles Cook"", ""Costa Rica"", ""Croatie"", ""Cuba"", ""Curaçao"", ""Chypre"", ""Tchéquie"", ""Côte d'Ivoire"", ""Danemark"", ""Djibouti"", ""Dominique"", ""République dominicaine"", ""Équateur"", ""Égypte"", ""El Salvador""]","[""Afghanistan"", ""Albania"", ""Algeria"", ""American Samoa"", ""Andorra"", ""Angola"", ""Anguilla"", ""Antigua and Barbuda"", ""Argentina"", ""Armenia"", ""Aruba"", ""Australia"", ""Austria"", ""Azerbaijan"", ""Bahamas, The"", ""Bahrain"", ""Bangladesh"", ""Barbados"", ""Belarus"", ""Belgium"", ""Belize"", ""Benin"", ""Bermuda"", ""Bhutan"", ""Bolivia"", ""Bosnia and Herzegovina"", ""Botswana"", ""Brazil"", ""British Virgin Islands"", ""Brunei"", ""Bulgaria"", ""Burkina Faso"", ""Burma"", ""Burundi"", ""Cabo Verde"", ""Cambodia"", ""Cameroon"", ""Canada"", ""Cayman Islands"", ""Central African Republic"", ""Chad"", ""Chile"", ""China"", ""Christmas Island"", ""Cocos (Keeling) Islands"", ""Colombia"", ""Comoros"", ""Congo, Democratic Republic of the"", ""Congo, Republic of the"", ""Cook Islands"", ""Costa Rica"", ""Cote d'Ivoire"", ""Croatia"", ""Cuba"", ""Curacao"", ""Cyprus"", ""Czech Republic"", ""Denmark"", ""Djibouti"", ""Dominica"", ""Dominican Republic"", ""Ecuador"", ""Egypt"", ""El Salvador""]",semantic,"The query column contains French country names, and the candidate column contains English country names.",deepjoin,1.0000,0.9400,1.0000,0.9800,1.0000,0.9400,3,True,True,"The query column contains French country names, and the candidate column contains English country names.",French country names can be translated to English country names.,"The columns contain country names in French and English, which can be semantically joined via translation or standard country codes.",
freyja-wdc,official_name_fr_countries_and_continents.csv,title,target_065929.csv,title,"[""Îles Anglo-Normandes"", ""Sercq"", ""Afghanistan"", ""Albanie"", ""Algérie"", ""Samoa américaines"", ""Andorre"", ""Angola"", ""Anguilla"", ""Antigua-et-Barbuda"", ""Argentine"", ""Arménie"", ""Aruba"", ""Australie"", ""Autriche"", ""Azerbaïdjan"", ""Bahamas"", ""Bahreïn"", ""Bangladesh"", ""Barbade"", ""Bélarus"", ""Belgique"", ""Belize"", ""Bénin"", ""Bermudes"", ""Bhoutan"", ""Bolivie (État plurinational de)"", ""Bosnie-Herzégovine"", ""Botswana"", ""Brésil"", ""Îles Vierges britanniques"", ""Brunéi Darussalam"", ""Bulgarie"", ""Burkina Faso"", ""Burundi"", ""Cambodge"", ""Cameroun"", ""Canada"", ""Cabo Verde"", ""Bonaire, Saint-Eustache et Saba"", ""Îles Caïmanes"", ""République centrafricaine"", ""Tchad"", ""Chili"", ""Chine"", ""Colombie"", ""Comores"", ""Congo"", ""République démocratique du Congo"", ""Îles Cook"", ""Costa Rica"", ""Croatie"", ""Cuba"", ""Curaçao"", ""Chypre"", ""Tchéquie"", ""Côte d'Ivoire"", ""Danemark"", ""Djibouti"", ""Dominique"", ""République dominicaine"", ""Équateur"", ""Égypte"", ""El Salvador""]","[""Andorra"", ""United Arab Emirates"", ""Afghanistan"", ""Antigua and Barbuda"", ""Anguilla"", ""Albania"", ""Armenia"", ""Angola"", ""Antarctica"", ""Argentina"", ""Austria"", ""Australia"", ""Aruba"", ""Azerbaijan"", ""Bosnia-Herzegovina"", ""Barbados"", ""Bangladesh"", ""Belgium"", ""Burkina Faso"", ""Bulgaria"", ""Bahrain"", ""Burundi"", ""Benin"", ""Bermuda"", ""Brunei"", ""Bolivia"", ""Brazil"", ""Bahamas"", ""Bhutan"", ""Bouvet Island"", ""Botswana"", ""Belarus"", ""Belize"", ""Canada"", ""Cocos (Keeling) Islands"", ""Democratic Republic of the Congo"", ""Central African Republic"", ""Republic of the Congo"", ""Switzerland"", ""Ivory Coast"", ""Cook Islands"", ""Chile"", ""Cameroon"", ""People's Republic China"", ""Colombia"", ""Costa Rica"", ""Cuba"", ""Cape Verde"", ""Christmas Island"", ""Cyprus"", ""Czech Republic"", ""Germany"", ""Djibouti"", ""Denmark"", ""Dominica"", ""Dominican Republic"", ""Algeria"", ""Ecuador"", ""Estonia"", ""Egypt"", ""Western Sahara"", ""Eritrea"", ""Spain"", ""Ethiopia""]",semantic,"The query column contains French country names, and the candidate column contains English country names.",deepjoin,1.0000,0.9100,1.0000,0.9700,1.0000,0.9100,3,True,True,"The query column contains French country names, and the candidate column contains English country names.",French country names can be translated to English country names.,"The columns contain country names in French and English, which can be semantically mapped using standard country codes or translations.",
freyja-wdc,official_name_fr_countries_and_continents.csv,title,target_004970.csv,title,"[""Îles Anglo-Normandes"", ""Sercq"", ""Afghanistan"", ""Albanie"", ""Algérie"", ""Samoa américaines"", ""Andorre"", ""Angola"", ""Anguilla"", ""Antigua-et-Barbuda"", ""Argentine"", ""Arménie"", ""Aruba"", ""Australie"", ""Autriche"", ""Azerbaïdjan"", ""Bahamas"", ""Bahreïn"", ""Bangladesh"", ""Barbade"", ""Bélarus"", ""Belgique"", ""Belize"", ""Bénin"", ""Bermudes"", ""Bhoutan"", ""Bolivie (État plurinational de)"", ""Bosnie-Herzégovine"", ""Botswana"", ""Brésil"", ""Îles Vierges britanniques"", ""Brunéi Darussalam"", ""Bulgarie"", ""Burkina Faso"", ""Burundi"", ""Cambodge"", ""Cameroun"", ""Canada"", ""Cabo Verde"", ""Bonaire, Saint-Eustache et Saba"", ""Îles Caïmanes"", ""République centrafricaine"", ""Tchad"", ""Chili"", ""Chine"", ""Colombie"", ""Comores"", ""Congo"", ""République démocratique du Congo"", ""Îles Cook"", ""Costa Rica"", ""Croatie"", ""Cuba"", ""Curaçao"", ""Chypre"", ""Tchéquie"", ""Côte d'Ivoire"", ""Danemark"", ""Djibouti"", ""Dominique"", ""République dominicaine"", ""Équateur"", ""Égypte"", ""El Salvador""]","[""Albania"", ""Algeria"", ""Andorra"", ""Angola"", ""Antigua and Barbuda"", ""Argentina"", ""Armenia"", ""Australia"", ""Austria"", ""Azerbaijan"", ""Bahamas"", ""Bahrain"", ""Bangladesh"", ""Barbados"", ""Belarus"", ""Belgium"", ""Belize"", ""Benin"", ""Bhutan"", ""Bolivia (Plurinational State of)"", ""Bosnia and Herzegovina"", ""Botswana"", ""Brazil"", ""Brunei Darussalam"", ""Bulgaria"", ""Burkina Faso"", ""Burundi"", ""Cambodia"", ""Cameroon"", ""Canada"", ""Central African Republic"", ""Chad"", ""Chile"", ""China"", ""Colombia"", ""Comoros"", ""Congo"", ""Costa Rica"", ""Côte d'Ivoire"", ""Croatia"", ""Cuba"", ""Cyprus"", ""Czech Republic"", ""Democratic People's Republic of Korea"", ""Democratic Republic of the Congo"", ""Denmark"", ""Djibouti"", ""Dominica"", ""Ecuador"", ""Egypt"", ""El Salvador"", ""Equatorial Guinea"", ""Estonia"", ""Finland"", ""France"", ""Gabon"", ""Gambia"", ""Georgia"", ""Germany"", ""Ghana"", ""Greece"", ""Grenada"", ""Guatemala"", ""Guinea""]",semantic,"The query column lists countries in French, and the candidate column lists countries in English.",deepjoin,1.0000,0.9100,1.0000,0.9700,1.0000,0.9100,3,True,True,"The query column lists countries in French, and the candidate column lists countries in English.",French country names can be translated to English country names.,"The columns represent country names in French and English, which can be semantically mapped using standard translations or ISO codes.",
freyja-wdc,official_name_fr_countries_and_continents.csv,title,target_033938.csv,title,"[""Îles Anglo-Normandes"", ""Sercq"", ""Afghanistan"", ""Albanie"", ""Algérie"", ""Samoa américaines"", ""Andorre"", ""Angola"", ""Anguilla"", ""Antigua-et-Barbuda"", ""Argentine"", ""Arménie"", ""Aruba"", ""Australie"", ""Autriche"", ""Azerbaïdjan"", ""Bahamas"", ""Bahreïn"", ""Bangladesh"", ""Barbade"", ""Bélarus"", ""Belgique"", ""Belize"", ""Bénin"", ""Bermudes"", ""Bhoutan"", ""Bolivie (État plurinational de)"", ""Bosnie-Herzégovine"", ""Botswana"", ""Brésil"", ""Îles Vierges britanniques"", ""Brunéi Darussalam"", ""Bulgarie"", ""Burkina Faso"", ""Burundi"", ""Cambodge"", ""Cameroun"", ""Canada"", ""Cabo Verde"", ""Bonaire, Saint-Eustache et Saba"", ""Îles Caïmanes"", ""République centrafricaine"", ""Tchad"", ""Chili"", ""Chine"", ""Colombie"", ""Comores"", ""Congo"", ""République démocratique du Congo"", ""Îles Cook"", ""Costa Rica"", ""Croatie"", ""Cuba"", ""Curaçao"", ""Chypre"", ""Tchéquie"", ""Côte d'Ivoire"", ""Danemark"", ""Djibouti"", ""Dominique"", ""République dominicaine"", ""Équateur"", ""Égypte"", ""El Salvador""]","[""Afghanistan"", ""Albania"", ""Algeria"", ""American Samoa"", ""Andorra"", ""Angola"", ""Anguilla"", ""Antarctica"", ""Antigua and Barbuda"", ""Argentina"", ""Armenia"", ""Aruba"", ""Australia"", ""Austria"", ""Azerbaijan"", ""Bahamas, The"", ""Bahrain"", ""Bangladesh"", ""Barbados"", ""Belarus"", ""Belgium"", ""Belize"", ""Benin"", ""Bermuda"", ""Bhutan"", ""Bolivia"", ""Bosnia and Herzegovina"", ""Botswana"", ""Bouvet Island"", ""Brazil"", ""British Indian Ocean Territory"", ""British Virgin Islands"", ""Brunei"", ""Bulgaria"", ""Burkina Faso"", ""Burma"", ""Burundi"", ""Cabo Verde"", ""Cambodia"", ""Cameroon"", ""Canada"", ""Cayman Islands"", ""Central African Republic"", ""Chad"", ""Chile"", ""China"", ""Christmas Island"", ""Cocos (Keeling) Islands"", ""Colombia"", ""Comoros"", ""Congo, Democratic Republic of the"", ""Congo, Republic of the"", ""Cook Islands"", ""Costa Rica"", ""Cote d'Ivoire"", ""Croatia"", ""Cuba"", ""Curacao"", ""Cyprus"", ""Czech Republic"", ""Denmark"", ""Djibouti"", ""Dominica"", ""Dominican Republic""]",semantic,"The query column contains French country names, and the candidate column contains English country names.",deepjoin,1.0000,0.9300,1.0000,0.9767,1.0000,0.9300,3,True,True,"The query column contains French country names, and the candidate column contains English country names.",French country names can be translated to English country names.,"The columns contain country names in French and English respectively, which can be semantically mapped using standard translation or ISO codes.",
freyja-wdc,official_name_fr_countries_and_continents.csv,title,target_004488.csv,title,"[""Îles Anglo-Normandes"", ""Sercq"", ""Afghanistan"", ""Albanie"", ""Algérie"", ""Samoa américaines"", ""Andorre"", ""Angola"", ""Anguilla"", ""Antigua-et-Barbuda"", ""Argentine"", ""Arménie"", ""Aruba"", ""Australie"", ""Autriche"", ""Azerbaïdjan"", ""Bahamas"", ""Bahreïn"", ""Bangladesh"", ""Barbade"", ""Bélarus"", ""Belgique"", ""Belize"", ""Bénin"", ""Bermudes"", ""Bhoutan"", ""Bolivie (État plurinational de)"", ""Bosnie-Herzégovine"", ""Botswana"", ""Brésil"", ""Îles Vierges britanniques"", ""Brunéi Darussalam"", ""Bulgarie"", ""Burkina Faso"", ""Burundi"", ""Cambodge"", ""Cameroun"", ""Canada"", ""Cabo Verde"", ""Bonaire, Saint-Eustache et Saba"", ""Îles Caïmanes"", ""République centrafricaine"", ""Tchad"", ""Chili"", ""Chine"", ""Colombie"", ""Comores"", ""Congo"", ""République démocratique du Congo"", ""Îles Cook"", ""Costa Rica"", ""Croatie"", ""Cuba"", ""Curaçao"", ""Chypre"", ""Tchéquie"", ""Côte d'Ivoire"", ""Danemark"", ""Djibouti"", ""Dominique"", ""République dominicaine"", ""Équateur"", ""Égypte"", ""El Salvador""]","[""Afghanistan"", ""Akrotiri"", ""Albania"", ""Algeria"", ""American Samoa"", ""Andorra"", ""Angola"", ""Anguilla"", ""Antigua and Barbuda"", ""Argentina"", ""Armenia"", ""Aruba"", ""Australia"", ""Austria"", ""Azerbaijan"", ""Bahrain"", ""Bangladesh"", ""Barbados"", ""Belarus"", ""Belgium"", ""Belize"", ""Benin"", ""Bermuda"", ""Bhutan"", ""Bolivia"", ""Bosnia and Herzegovina"", ""Botswana"", ""Brazil"", ""British Virgin Islands"", ""Brunei"", ""Bulgaria"", ""Burkina Faso"", ""Burma"", ""Burundi"", ""Cambodia"", ""Cameroon"", ""Canada"", ""Cape Verde"", ""Cayman Islands"", ""Central African Republic"", ""Chad"", ""Chile"", ""China"", ""Christmas Island"", ""Cocos (Keeling) Islands"", ""Colombia"", ""Comoros"", ""Congo, Republic of the"", ""Cook Islands"", ""Costa Rica"", ""Cote d'Ivoire"", ""Croatia"", ""Cuba"", ""Cyprus"", ""Czech Republic"", ""Democratic Republic of the Congo"", ""Denmark"", ""Dhekelia"", ""Djibouti"", ""Dominica"", ""Dominican Republic"", ""East Timor"", ""Ecuador"", ""Egypt""]",semantic,"The query column contains French country names, while the candidate column contains English country names.",deepjoin,1.0000,0.9000,1.0000,0.9667,1.0000,0.9000,3,True,True,"The query column contains French country names, while the candidate column contains English country names.",French country names can be translated to English country names.,"The columns contain country names in French and English, which can be semantically mapped using standard country translations.",
freyja-wdc,official_name_fr_countries_and_continents.csv,title,target_008987.csv,title,"[""Îles Anglo-Normandes"", ""Sercq"", ""Afghanistan"", ""Albanie"", ""Algérie"", ""Samoa américaines"", ""Andorre"", ""Angola"", ""Anguilla"", ""Antigua-et-Barbuda"", ""Argentine"", ""Arménie"", ""Aruba"", ""Australie"", ""Autriche"", ""Azerbaïdjan"", ""Bahamas"", ""Bahreïn"", ""Bangladesh"", ""Barbade"", ""Bélarus"", ""Belgique"", ""Belize"", ""Bénin"", ""Bermudes"", ""Bhoutan"", ""Bolivie (État plurinational de)"", ""Bosnie-Herzégovine"", ""Botswana"", ""Brésil"", ""Îles Vierges britanniques"", ""Brunéi Darussalam"", ""Bulgarie"", ""Burkina Faso"", ""Burundi"", ""Cambodge"", ""Cameroun"", ""Canada"", ""Cabo Verde"", ""Bonaire, Saint-Eustache et Saba"", ""Îles Caïmanes"", ""République centrafricaine"", ""Tchad"", ""Chili"", ""Chine"", ""Colombie"", ""Comores"", ""Congo"", ""République démocratique du Congo"", ""Îles Cook"", ""Costa Rica"", ""Croatie"", ""Cuba"", ""Curaçao"", ""Chypre"", ""Tchéquie"", ""Côte d'Ivoire"", ""Danemark"", ""Djibouti"", ""Dominique"", ""République dominicaine"", ""Équateur"", ""Égypte"", ""El Salvador""]","[""Afghanistan"", ""Akrotiri"", ""Albania"", ""Algeria"", ""American Samoa"", ""Andorra"", ""Angola"", ""Anguilla"", ""Antarctica"", ""Antigua and Barbuda"", ""Arctic Ocean"", ""Argentina"", ""Armenia"", ""Aruba"", ""Ashmore and Cartier Islands"", ""Atlantic Ocean"", ""Australia"", ""Austria"", ""Azerbaijan"", ""Bahrain"", ""Bangladesh"", ""Barbados"", ""Bassas da India"", ""Belarus"", ""Belgium"", ""Belize"", ""Benin"", ""Bermuda"", ""Bhutan"", ""Bolivia"", ""Bosnia and Herzegovina"", ""Botswana"", ""Bouvet Island"", ""Brazil"", ""British Indian Ocean Territory"", ""British Virgin Islands"", ""Brunei"", ""Bulgaria"", ""Burkina Faso"", ""Burma"", ""Burundi"", ""Cambodia"", ""Cameroon"", ""Canada"", ""Cape Verde"", ""Cayman Islands"", ""Central African Republic"", ""Chad"", ""Chile"", ""China"", ""Christmas Island"", ""Clipperton Island"", ""Cocos (Keeling) Islands"", ""Colombia"", ""Comoros"", ""Congo, Republic of the"", ""Cook Islands"", ""Coral Sea Islands"", ""Costa Rica"", ""Cote d'Ivoire"", ""Croatia"", ""Cuba"", ""Cyprus"", ""Czech Republic""]",semantic,"The query column contains French country names, and the candidate column contains English country names and geographic features.",deepjoin,1.0000,0.8600,1.0000,0.9533,1.0000,0.8600,3,True,True,"The query column contains French country names, and the candidate column contains English country names and geographic features.",French country names can be translated to English country names.,"The columns contain country names in French and English respectively, which can be semantically joined via translation or mapping to ISO codes.",
freyja-wdc,LocalName_world_country.csv,title,target_088285.csv,title,"[""Aruba"", ""Afganistan/Afqanestan"", ""Angola"", ""Anguilla"", ""Shqipëria"", ""Andorra"", ""Nederlandse Antillen"", ""Al-Imarat al-´Arabiya al-Muttahida"", ""Argentina"", ""Hajastan"", ""Amerika Samoa"", ""–"", ""Terres australes françaises"", ""Antigua and Barbuda"", ""Australia"", ""Österreich"", ""Azärbaycan"", ""Burundi/Uburundi"", ""België/Belgique"", ""Bénin"", ""Burkina Faso"", ""Bangladesh"", ""Balgarija"", ""Al-Bahrayn"", ""The Bahamas"", ""Bosna i Hercegovina"", ""Belarus"", ""Belize"", ""Bermuda"", ""Bolivia"", ""Brasil"", ""Barbados"", ""Brunei Darussalam"", ""Druk-Yul"", ""Bouvetøya"", ""Botswana"", ""Centrafrique/Bê-Afrîka"", ""Canada"", ""Cocos (Keeling) Islands"", ""Schweiz/Suisse/Svizzera/Svizra"", ""Chile"", ""Zhongquo"", ""Côte d’Ivoire"", ""Cameroun/Cameroon"", ""République Démocratique du Congo"", ""Congo"", ""The Cook Islands"", ""Colombia"", ""Komori/Comores"", ""Cabo Verde"", ""Costa Rica"", ""Cuba"", ""Christmas Island"", ""Cayman Islands"", ""Kýpros/Kibris"", ""¸esko"", ""Deutschland"", ""Djibouti/Jibuti"", ""Dominica"", ""Danmark"", ""República Dominicana"", ""Al-Jaza’ir/Algérie"", ""Ecuador"", ""Misr""]","[""China"", ""India"", ""U.S.A."", ""Indonesia"", ""Brazil"", ""Pakistan"", ""Nigeria"", ""Bangladesh"", ""Russia"", ""Japan"", ""Mexico"", ""Philippines"", ""Ethiopia"", ""Vietnam"", ""Egypt"", ""Germany"", ""Iran"", ""Turkey"", ""Congo"", ""Thailand"", ""France"", ""U. K."", ""Italy"", ""Burma"", ""South Africa"", ""Tanzania"", ""South Korea"", ""Colombia"", ""Spain"", ""Kenya"", ""Ukraine"", ""Argentina"", ""Algeria"", ""Uganda"", ""Sudan"", ""Poland"", ""Canada"", ""Iraq"", ""Morocco"", ""Afghanistan"", ""Venezuela"", ""Peru"", ""Malaysia"", ""Saudi Arabia"", ""Uzbekistan"", ""Nepal"", ""Mozambique"", ""Ghana"", ""North Korea"", ""Yemen"", ""Australia"", ""Madagascar"", ""Cameroon"", ""Angola"", ""Syria"", ""Romania"", ""Sri Lanka"", ""Côte d'Ivoire"", ""Niger"", ""Chile"", ""Burkina Faso"", ""Malawi"", ""Netherlands"", ""Kazakhstan""]",semantic,Query contains localized country names and candidate contains English country names referring to the same entities.,snoopy,1.0000,0.7800,1.0000,0.9267,1.0000,0.7800,3,True,True,Query contains localized country names and candidate contains English country names referring to the same entities.,"Localized country names map to English country names, but candidate coverage is limited.","Both columns contain country names, with the query using localized names and the candidate using English names, which can be semantically mapped.",
freyja-wdc,English_short_name_lower_case_wikipedia-iso-country-codes.csv,title,target_005422.csv,title,"[""Afghanistan"", ""Åland Islands"", ""Albania"", ""Algeria"", ""American Samoa"", ""Andorra"", ""Angola"", ""Anguilla"", ""Antarctica"", ""Antigua and Barbuda"", ""Argentina"", ""Armenia"", ""Aruba"", ""Australia"", ""Austria"", ""Azerbaijan"", ""Bahamas"", ""Bahrain"", ""Bangladesh"", ""Barbados"", ""Belarus"", ""Belgium"", ""Belize"", ""Benin"", ""Bermuda"", ""Bhutan"", ""Bolivia"", ""Bosnia and Herzegovina"", ""Botswana"", ""Bouvet Island"", ""Brazil"", ""British Indian Ocean Territory"", ""Brunei Darussalam"", ""Bulgaria"", ""Burkina Faso"", ""Burundi"", ""Cambodia"", ""Cameroon"", ""Canada"", ""Cape Verde"", ""Cayman Islands"", ""Central African Republic"", ""Chad"", ""Chile"", ""China"", ""Christmas Island"", ""Cocos (Keeling) Islands"", ""Colombia"", ""Comoros"", ""Congo"", ""Congo, the Democratic Republic of the"", ""Cook Islands"", ""Costa Rica"", ""Côte d'Ivoire"", ""Croatia"", ""Cuba"", ""Cyprus"", ""Czech Republic"", ""Denmark"", ""Djibouti"", ""Dominica"", ""Dominican Republic"", ""Ecuador"", ""Egypt""]","[""Afghanistan"", ""Åland Islands"", ""Albania"", ""Algeria"", ""American Samoa"", ""Andorra"", ""Angola"", ""Anguilla"", ""Antarctica"", ""Antigua and Barbuda"", ""Argentina"", ""Armenia"", ""Aruba"", ""Australia"", ""Austria"", ""Azerbaijan"", ""Bahamas"", ""Bahrain"", ""Bangladesh"", ""Barbados"", ""Belarus"", ""Belgium"", ""Belize"", ""Benin"", ""Bermuda"", ""Bhutan"", ""Bolivia"", ""Bosnia and Herzegovina"", ""Botswana"", ""Bouvet Island"", ""Brazil"", ""British Indian Ocean Territory"", ""Brunei Darussalam"", ""Bulgaria"", ""Burkina Faso"", ""Burundi"", ""Cambodia"", ""Cameroon"", ""Canada"", ""Cape Verde"", ""Cayman Islands"", ""Central African Republic"", ""Chad"", ""Chile"", ""China"", ""Christmas Island"", ""Cocos (Keeling) Islands"", ""Colombia"", ""Comoros"", ""Congo"", ""Congo, the Democratic Republic of the"", ""Cook Islands"", ""Costa Rica"", ""Côte D'Ivoire"", ""Croatia"", ""Cuba"", ""Cyprus"", ""Czech Republic"", ""Denmark"", ""Djibouti"", ""Dominica"", ""Dominican Republic"", ""Ecuador"", ""Egypt""]",equijoin,The candidate column contains a nearly identical list of country names.,deepjoin;snoopy,1.0000,1.0000,1.0000,1.0000,1.0000,1.0000,3,True,True,The candidate column contains a nearly identical list of country names.,The country-name lists are essentially identical after normalization.,"The unique values in both columns are identical country names, making them a perfect equijoin.",
freyja-wdc,Country_gender_development.csv,title,target_009796.csv,title,"[""Norway"", ""Australia"", ""Switzerland"", ""Denmark"", ""Netherlands"", ""Germany"", ""Ireland"", ""United States"", ""Canada"", ""New Zealand"", ""Singapore"", ""Hong Kong, China (SAR)"", ""Liechtenstein"", ""Sweden"", ""United Kingdom"", ""Iceland"", ""Korea (Republic of)"", ""Israel"", ""Luxembourg"", ""Japan"", ""Belgium"", ""France"", ""Austria"", ""Finland"", ""Slovenia"", ""Spain"", ""Italy"", ""Czech Republic"", ""Greece"", ""Estonia"", ""Brunei Darussalam"", ""Cyprus"", ""Qatar"", ""Andorra"", ""Slovakia"", ""Poland"", ""Lithuania"", ""Malta"", ""Saudi Arabia"", ""Argentina"", ""United Arab Emirates"", ""Chile"", ""Portugal"", ""Hungary"", ""Bahrain"", ""Latvia"", ""Croatia"", ""Kuwait"", ""Montenegro"", ""Belarus"", ""Russian Federation"", ""Oman"", ""Romania"", ""Uruguay"", ""Bahamas"", ""Kazakhstan"", ""Barbados"", ""Antigua and Barbuda"", ""Bulgaria"", ""Palau"", ""Panama"", ""Malaysia"", ""Mauritius"", ""Seychelles""]","[""Very high human development"", ""High human development"", ""Medium human development"", ""Low human development"", ""Norway"", ""Australia"", ""Switzerland"", ""Netherlands"", ""United States"", ""Germany"", ""New Zealand"", ""Canada"", ""Singapore"", ""Denmark"", ""Ireland"", ""Sweden"", ""Iceland"", ""United Kingdom"", ""Korea (Republic of)"", ""Hong Kong, China (SAR)"", ""Japan"", ""Liechtenstein"", ""Israel"", ""France"", ""Luxembourg"", ""Belgium"", ""Austria"", ""Finland"", ""Slovenia"", ""Italy"", ""Spain"", ""Czech Republic"", ""Greece"", ""Brunei Darussalam"", ""Qatar"", ""Cyprus"", ""Estonia"", ""Saudi Arabia"", ""Poland"", ""Lithuania"", ""Slovakia"", ""Andorra"", ""Malta"", ""United Arab Emirates"", ""Portugal"", ""Chile"", ""Hungary"", ""Cuba"", ""Bahrain"", ""Kuwait"", ""Croatia"", ""Latvia"", ""Argentina"", ""Uruguay"", ""Montenegro"", ""Bahamas"", ""Belarus"", ""Romania"", ""Libya"", ""Oman"", ""Russian Federation"", ""Bulgaria"", ""Barbados"", ""Palau""]",equijoin,Both columns contain exact matches for numerous country names despite the candidate including category headers.,snoopy,1.0000,0.9800,1.0000,0.9933,1.0000,0.9800,3,True,True,Both columns contain exact matches for numerous country names despite the candidate including category headers.,Country names directly overlap despite extra category headers.,"Both columns contain country names with a very high degree of exact overlap, making them suitable for an equijoin.",
freyja-wdc,Country_gender_development.csv,title,target_016683.csv,title,"[""Norway"", ""Australia"", ""Switzerland"", ""Denmark"", ""Netherlands"", ""Germany"", ""Ireland"", ""United States"", ""Canada"", ""New Zealand"", ""Singapore"", ""Hong Kong, China (SAR)"", ""Liechtenstein"", ""Sweden"", ""United Kingdom"", ""Iceland"", ""Korea (Republic of)"", ""Israel"", ""Luxembourg"", ""Japan"", ""Belgium"", ""France"", ""Austria"", ""Finland"", ""Slovenia"", ""Spain"", ""Italy"", ""Czech Republic"", ""Greece"", ""Estonia"", ""Brunei Darussalam"", ""Cyprus"", ""Qatar"", ""Andorra"", ""Slovakia"", ""Poland"", ""Lithuania"", ""Malta"", ""Saudi Arabia"", ""Argentina"", ""United Arab Emirates"", ""Chile"", ""Portugal"", ""Hungary"", ""Bahrain"", ""Latvia"", ""Croatia"", ""Kuwait"", ""Montenegro"", ""Belarus"", ""Russian Federation"", ""Oman"", ""Romania"", ""Uruguay"", ""Bahamas"", ""Kazakhstan"", ""Barbados"", ""Antigua and Barbuda"", ""Bulgaria"", ""Palau"", ""Panama"", ""Malaysia"", ""Mauritius"", ""Seychelles""]","[""Very high human development"", ""High human development"", ""Medium human development"", ""Low human development"", ""Norway"", ""Australia"", ""Switzerland"", ""Netherlands"", ""United States"", ""Germany"", ""New Zealand"", ""Canada"", ""Singapore"", ""Denmark"", ""Ireland"", ""Sweden"", ""Iceland"", ""United Kingdom"", ""Korea (Republic of)"", ""Hong Kong, China (SAR)"", ""Japan"", ""Liechtenstein"", ""Israel"", ""France"", ""Luxembourg"", ""Belgium"", ""Austria"", ""Finland"", ""Slovenia"", ""Italy"", ""Spain"", ""Czech Republic"", ""Greece"", ""Brunei Darussalam"", ""Qatar"", ""Cyprus"", ""Estonia"", ""Saudi Arabia"", ""Poland"", ""Lithuania"", ""Slovakia"", ""Andorra"", ""Malta"", ""United Arab Emirates"", ""Portugal"", ""Chile"", ""Hungary"", ""Cuba"", ""Bahrain"", ""Kuwait"", ""Croatia"", ""Latvia"", ""Argentina"", ""Uruguay"", ""Montenegro"", ""Bahamas"", ""Belarus"", ""Romania"", ""Libya"", ""Oman"", ""Russian Federation"", ""Bulgaria"", ""Barbados"", ""Palau""]",equijoin,There is a high degree of overlap in country names between the two columns.,snoopy,1.0000,0.9800,1.0000,0.9933,1.0000,0.9800,3,True,True,There is a high degree of overlap in country names between the two columns.,Country names directly overlap despite extra category headers.,"There is a very high direct overlap of country names between the two columns, making them suitable for an equijoin.",
freyja-wdc,Country_gender_development.csv,title,target_019367.csv,title,"[""Norway"", ""Australia"", ""Switzerland"", ""Denmark"", ""Netherlands"", ""Germany"", ""Ireland"", ""United States"", ""Canada"", ""New Zealand"", ""Singapore"", ""Hong Kong, China (SAR)"", ""Liechtenstein"", ""Sweden"", ""United Kingdom"", ""Iceland"", ""Korea (Republic of)"", ""Israel"", ""Luxembourg"", ""Japan"", ""Belgium"", ""France"", ""Austria"", ""Finland"", ""Slovenia"", ""Spain"", ""Italy"", ""Czech Republic"", ""Greece"", ""Estonia"", ""Brunei Darussalam"", ""Cyprus"", ""Qatar"", ""Andorra"", ""Slovakia"", ""Poland"", ""Lithuania"", ""Malta"", ""Saudi Arabia"", ""Argentina"", ""United Arab Emirates"", ""Chile"", ""Portugal"", ""Hungary"", ""Bahrain"", ""Latvia"", ""Croatia"", ""Kuwait"", ""Montenegro"", ""Belarus"", ""Russian Federation"", ""Oman"", ""Romania"", ""Uruguay"", ""Bahamas"", ""Kazakhstan"", ""Barbados"", ""Antigua and Barbuda"", ""Bulgaria"", ""Palau"", ""Panama"", ""Malaysia"", ""Mauritius"", ""Seychelles""]","[""Very high human development"", ""High human development"", ""Medium human development"", ""Low human development"", ""Norway"", ""Australia"", ""Switzerland"", ""Netherlands"", ""United States"", ""Germany"", ""New Zealand"", ""Canada"", ""Singapore"", ""Denmark"", ""Ireland"", ""Sweden"", ""Iceland"", ""United Kingdom"", ""Korea (Republic of)"", ""Hong Kong, China (SAR)"", ""Japan"", ""Liechtenstein"", ""Israel"", ""France"", ""Luxembourg"", ""Belgium"", ""Austria"", ""Finland"", ""Slovenia"", ""Italy"", ""Spain"", ""Czech Republic"", ""Greece"", ""Brunei Darussalam"", ""Qatar"", ""Cyprus"", ""Estonia"", ""Saudi Arabia"", ""Poland"", ""Lithuania"", ""Slovakia"", ""Andorra"", ""Malta"", ""United Arab Emirates"", ""Portugal"", ""Chile"", ""Hungary"", ""Cuba"", ""Bahrain"", ""Kuwait"", ""Croatia"", ""Latvia"", ""Argentina"", ""Uruguay"", ""Montenegro"", ""Bahamas"", ""Belarus"", ""Romania"", ""Libya"", ""Oman"", ""Russian Federation"", ""Bulgaria"", ""Barbados"", ""Palau""]",equijoin,The candidate column contains country names that directly match the query values.,snoopy,1.0000,0.9800,1.0000,0.9933,1.0000,0.9800,3,True,True,The candidate column contains country names that directly match the query values.,Country names directly overlap despite extra category headers.,"The candidate column contains country names that directly match the query column values, allowing for a high-quality equijoin.",
freyja-wdc,Country_gender_development.csv,title,target_024648.csv,title,"[""Norway"", ""Australia"", ""Switzerland"", ""Denmark"", ""Netherlands"", ""Germany"", ""Ireland"", ""United States"", ""Canada"", ""New Zealand"", ""Singapore"", ""Hong Kong, China (SAR)"", ""Liechtenstein"", ""Sweden"", ""United Kingdom"", ""Iceland"", ""Korea (Republic of)"", ""Israel"", ""Luxembourg"", ""Japan"", ""Belgium"", ""France"", ""Austria"", ""Finland"", ""Slovenia"", ""Spain"", ""Italy"", ""Czech Republic"", ""Greece"", ""Estonia"", ""Brunei Darussalam"", ""Cyprus"", ""Qatar"", ""Andorra"", ""Slovakia"", ""Poland"", ""Lithuania"", ""Malta"", ""Saudi Arabia"", ""Argentina"", ""United Arab Emirates"", ""Chile"", ""Portugal"", ""Hungary"", ""Bahrain"", ""Latvia"", ""Croatia"", ""Kuwait"", ""Montenegro"", ""Belarus"", ""Russian Federation"", ""Oman"", ""Romania"", ""Uruguay"", ""Bahamas"", ""Kazakhstan"", ""Barbados"", ""Antigua and Barbuda"", ""Bulgaria"", ""Palau"", ""Panama"", ""Malaysia"", ""Mauritius"", ""Seychelles""]","[""Very high human development"", ""High human development"", ""Medium human development"", ""Low human development"", ""Norway"", ""Australia"", ""Switzerland"", ""Netherlands"", ""United States"", ""Germany"", ""New Zealand"", ""Canada"", ""Singapore"", ""Denmark"", ""Ireland"", ""Sweden"", ""Iceland"", ""United Kingdom"", ""Korea (Republic of)"", ""Hong Kong, China (SAR)"", ""Japan"", ""Liechtenstein"", ""Israel"", ""France"", ""Luxembourg"", ""Belgium"", ""Austria"", ""Finland"", ""Slovenia"", ""Italy"", ""Spain"", ""Czech Republic"", ""Greece"", ""Brunei Darussalam"", ""Qatar"", ""Cyprus"", ""Estonia"", ""Saudi Arabia"", ""Poland"", ""Lithuania"", ""Slovakia"", ""Andorra"", ""Malta"", ""United Arab Emirates"", ""Portugal"", ""Chile"", ""Hungary"", ""Cuba"", ""Bahrain"", ""Kuwait"", ""Croatia"", ""Latvia"", ""Argentina"", ""Uruguay"", ""Montenegro"", ""Bahamas"", ""Belarus"", ""Romania"", ""Libya"", ""Oman"", ""Russian Federation"", ""Bulgaria"", ""Barbados"", ""Palau""]",equijoin,Both columns contain matching country names enabling an equijoin.,snoopy,1.0000,0.9800,1.0000,0.9933,1.0000,0.9800,3,True,True,Both columns contain matching country names enabling an equijoin.,Country names directly overlap despite extra category headers.,"Both columns contain matching country names, allowing for a direct equijoin despite some category headers in the candidate column.",
freyja-wdc,Country_gender_development.csv,title,target_029610.csv,title,"[""Norway"", ""Australia"", ""Switzerland"", ""Denmark"", ""Netherlands"", ""Germany"", ""Ireland"", ""United States"", ""Canada"", ""New Zealand"", ""Singapore"", ""Hong Kong, China (SAR)"", ""Liechtenstein"", ""Sweden"", ""United Kingdom"", ""Iceland"", ""Korea (Republic of)"", ""Israel"", ""Luxembourg"", ""Japan"", ""Belgium"", ""France"", ""Austria"", ""Finland"", ""Slovenia"", ""Spain"", ""Italy"", ""Czech Republic"", ""Greece"", ""Estonia"", ""Brunei Darussalam"", ""Cyprus"", ""Qatar"", ""Andorra"", ""Slovakia"", ""Poland"", ""Lithuania"", ""Malta"", ""Saudi Arabia"", ""Argentina"", ""United Arab Emirates"", ""Chile"", ""Portugal"", ""Hungary"", ""Bahrain"", ""Latvia"", ""Croatia"", ""Kuwait"", ""Montenegro"", ""Belarus"", ""Russian Federation"", ""Oman"", ""Romania"", ""Uruguay"", ""Bahamas"", ""Kazakhstan"", ""Barbados"", ""Antigua and Barbuda"", ""Bulgaria"", ""Palau"", ""Panama"", ""Malaysia"", ""Mauritius"", ""Seychelles""]","[""Very high human development"", ""High human development"", ""Medium human development"", ""Low human development"", ""Norway"", ""Australia"", ""Switzerland"", ""Netherlands"", ""United States"", ""Germany"", ""New Zealand"", ""Canada"", ""Singapore"", ""Denmark"", ""Ireland"", ""Sweden"", ""Iceland"", ""United Kingdom"", ""Korea (Republic of)"", ""Hong Kong, China (SAR)"", ""Japan"", ""Liechtenstein"", ""Israel"", ""France"", ""Luxembourg"", ""Belgium"", ""Austria"", ""Finland"", ""Slovenia"", ""Italy"", ""Spain"", ""Czech Republic"", ""Greece"", ""Brunei Darussalam"", ""Qatar"", ""Cyprus"", ""Estonia"", ""Saudi Arabia"", ""Poland"", ""Lithuania"", ""Slovakia"", ""Andorra"", ""Malta"", ""United Arab Emirates"", ""Portugal"", ""Chile"", ""Hungary"", ""Cuba"", ""Bahrain"", ""Kuwait"", ""Croatia"", ""Latvia"", ""Argentina"", ""Uruguay"", ""Montenegro"", ""Bahamas"", ""Belarus"", ""Romania"", ""Libya"", ""Oman"", ""Russian Federation"", ""Bulgaria"", ""Barbados"", ""Palau""]",equijoin,The candidate column includes country names that match the query values.,snoopy,1.0000,0.9800,1.0000,0.9933,1.0000,0.9800,3,True,True,The candidate column includes country names that match the query values.,Country names directly overlap despite extra category headers.,"The candidate column contains country names that directly match the country names in the query column, enabling a high-quality equijoin.",
freyja-wdc,Country_gender_development.csv,title,target_052121.csv,title,"[""Norway"", ""Australia"", ""Switzerland"", ""Denmark"", ""Netherlands"", ""Germany"", ""Ireland"", ""United States"", ""Canada"", ""New Zealand"", ""Singapore"", ""Hong Kong, China (SAR)"", ""Liechtenstein"", ""Sweden"", ""United Kingdom"", ""Iceland"", ""Korea (Republic of)"", ""Israel"", ""Luxembourg"", ""Japan"", ""Belgium"", ""France"", ""Austria"", ""Finland"", ""Slovenia"", ""Spain"", ""Italy"", ""Czech Republic"", ""Greece"", ""Estonia"", ""Brunei Darussalam"", ""Cyprus"", ""Qatar"", ""Andorra"", ""Slovakia"", ""Poland"", ""Lithuania"", ""Malta"", ""Saudi Arabia"", ""Argentina"", ""United Arab Emirates"", ""Chile"", ""Portugal"", ""Hungary"", ""Bahrain"", ""Latvia"", ""Croatia"", ""Kuwait"", ""Montenegro"", ""Belarus"", ""Russian Federation"", ""Oman"", ""Romania"", ""Uruguay"", ""Bahamas"", ""Kazakhstan"", ""Barbados"", ""Antigua and Barbuda"", ""Bulgaria"", ""Palau"", ""Panama"", ""Malaysia"", ""Mauritius"", ""Seychelles""]","[""Very high human development"", ""High human development"", ""Medium human development"", ""Low human development"", ""Norway"", ""Australia"", ""Switzerland"", ""Netherlands"", ""United States"", ""Germany"", ""New Zealand"", ""Canada"", ""Singapore"", ""Denmark"", ""Ireland"", ""Sweden"", ""Iceland"", ""United Kingdom"", ""Korea (Republic of)"", ""Hong Kong, China (SAR)"", ""Japan"", ""Liechtenstein"", ""Israel"", ""France"", ""Luxembourg"", ""Belgium"", ""Austria"", ""Finland"", ""Slovenia"", ""Italy"", ""Spain"", ""Czech Republic"", ""Greece"", ""Brunei Darussalam"", ""Qatar"", ""Cyprus"", ""Estonia"", ""Saudi Arabia"", ""Poland"", ""Lithuania"", ""Slovakia"", ""Andorra"", ""Malta"", ""United Arab Emirates"", ""Portugal"", ""Chile"", ""Hungary"", ""Cuba"", ""Bahrain"", ""Kuwait"", ""Croatia"", ""Latvia"", ""Argentina"", ""Uruguay"", ""Montenegro"", ""Bahamas"", ""Belarus"", ""Romania"", ""Libya"", ""Oman"", ""Russian Federation"", ""Bulgaria"", ""Barbados"", ""Palau""]",equijoin,The columns match on numerous country names despite the presence of headers in the candidate.,snoopy,1.0000,0.9800,1.0000,0.9933,1.0000,0.9800,3,True,True,The columns match on numerous country names despite the presence of headers in the candidate.,Country names directly overlap despite extra category headers.,"The columns share a high number of exact country name matches, making them suitable for an equijoin despite some header rows in the candidate column.",
freyja-wdc,Country_gender_development.csv,title,target_059673.csv,title,"[""Norway"", ""Australia"", ""Switzerland"", ""Denmark"", ""Netherlands"", ""Germany"", ""Ireland"", ""United States"", ""Canada"", ""New Zealand"", ""Singapore"", ""Hong Kong, China (SAR)"", ""Liechtenstein"", ""Sweden"", ""United Kingdom"", ""Iceland"", ""Korea (Republic of)"", ""Israel"", ""Luxembourg"", ""Japan"", ""Belgium"", ""France"", ""Austria"", ""Finland"", ""Slovenia"", ""Spain"", ""Italy"", ""Czech Republic"", ""Greece"", ""Estonia"", ""Brunei Darussalam"", ""Cyprus"", ""Qatar"", ""Andorra"", ""Slovakia"", ""Poland"", ""Lithuania"", ""Malta"", ""Saudi Arabia"", ""Argentina"", ""United Arab Emirates"", ""Chile"", ""Portugal"", ""Hungary"", ""Bahrain"", ""Latvia"", ""Croatia"", ""Kuwait"", ""Montenegro"", ""Belarus"", ""Russian Federation"", ""Oman"", ""Romania"", ""Uruguay"", ""Bahamas"", ""Kazakhstan"", ""Barbados"", ""Antigua and Barbuda"", ""Bulgaria"", ""Palau"", ""Panama"", ""Malaysia"", ""Mauritius"", ""Seychelles""]","[""Very high human development"", ""High human development"", ""Medium human development"", ""Low human development"", ""Norway"", ""Australia"", ""Switzerland"", ""Netherlands"", ""United States"", ""Germany"", ""New Zealand"", ""Canada"", ""Singapore"", ""Denmark"", ""Ireland"", ""Sweden"", ""Iceland"", ""United Kingdom"", ""Korea (Republic of)"", ""Hong Kong, China (SAR)"", ""Japan"", ""Liechtenstein"", ""Israel"", ""France"", ""Luxembourg"", ""Belgium"", ""Austria"", ""Finland"", ""Slovenia"", ""Italy"", ""Spain"", ""Czech Republic"", ""Greece"", ""Brunei Darussalam"", ""Qatar"", ""Cyprus"", ""Estonia"", ""Saudi Arabia"", ""Poland"", ""Lithuania"", ""Slovakia"", ""Andorra"", ""Malta"", ""United Arab Emirates"", ""Portugal"", ""Chile"", ""Hungary"", ""Cuba"", ""Bahrain"", ""Kuwait"", ""Croatia"", ""Latvia"", ""Argentina"", ""Uruguay"", ""Montenegro"", ""Bahamas"", ""Belarus"", ""Romania"", ""Libya"", ""Oman"", ""Russian Federation"", ""Bulgaria"", ""Barbados"", ""Palau""]",equijoin,Both attributes contain matching country entities suitable for an equijoin.,snoopy,1.0000,0.9800,1.0000,0.9933,1.0000,0.9800,3,True,True,Both attributes contain matching country entities suitable for an equijoin.,Country names directly overlap despite extra category headers.,"Both columns contain country names with a very high degree of exact overlap, making them highly suitable for an equijoin.",
freyja-wdc,Country_gender_development.csv,title,target_064532.csv,title,"[""Norway"", ""Australia"", ""Switzerland"", ""Denmark"", ""Netherlands"", ""Germany"", ""Ireland"", ""United States"", ""Canada"", ""New Zealand"", ""Singapore"", ""Hong Kong, China (SAR)"", ""Liechtenstein"", ""Sweden"", ""United Kingdom"", ""Iceland"", ""Korea (Republic of)"", ""Israel"", ""Luxembourg"", ""Japan"", ""Belgium"", ""France"", ""Austria"", ""Finland"", ""Slovenia"", ""Spain"", ""Italy"", ""Czech Republic"", ""Greece"", ""Estonia"", ""Brunei Darussalam"", ""Cyprus"", ""Qatar"", ""Andorra"", ""Slovakia"", ""Poland"", ""Lithuania"", ""Malta"", ""Saudi Arabia"", ""Argentina"", ""United Arab Emirates"", ""Chile"", ""Portugal"", ""Hungary"", ""Bahrain"", ""Latvia"", ""Croatia"", ""Kuwait"", ""Montenegro"", ""Belarus"", ""Russian Federation"", ""Oman"", ""Romania"", ""Uruguay"", ""Bahamas"", ""Kazakhstan"", ""Barbados"", ""Antigua and Barbuda"", ""Bulgaria"", ""Palau"", ""Panama"", ""Malaysia"", ""Mauritius"", ""Seychelles""]","[""Very high human development"", ""High human development"", ""Medium human development"", ""Low human development"", ""Norway"", ""Australia"", ""Switzerland"", ""Netherlands"", ""United States"", ""Germany"", ""New Zealand"", ""Canada"", ""Singapore"", ""Denmark"", ""Ireland"", ""Sweden"", ""Iceland"", ""United Kingdom"", ""Korea (Republic of)"", ""Hong Kong, China (SAR)"", ""Japan"", ""Liechtenstein"", ""Israel"", ""France"", ""Luxembourg"", ""Belgium"", ""Austria"", ""Finland"", ""Slovenia"", ""Italy"", ""Spain"", ""Czech Republic"", ""Greece"", ""Brunei Darussalam"", ""Qatar"", ""Cyprus"", ""Estonia"", ""Saudi Arabia"", ""Poland"", ""Lithuania"", ""Slovakia"", ""Andorra"", ""Malta"", ""United Arab Emirates"", ""Portugal"", ""Chile"", ""Hungary"", ""Cuba"", ""Bahrain"", ""Kuwait"", ""Croatia"", ""Latvia"", ""Argentina"", ""Uruguay"", ""Montenegro"", ""Bahamas"", ""Belarus"", ""Romania"", ""Libya"", ""Oman"", ""Russian Federation"", ""Bulgaria"", ""Barbados"", ""Palau""]",equijoin,The candidate lists countries that overlap significantly with the query values.,snoopy,1.0000,0.9800,0.9500,0.9767,0.9800,0.9500,3,True,True,The candidate lists countries that overlap significantly with the query values.,Country names directly overlap despite extra category headers.,"The two columns share a very high overlap of exact country names, allowing for a highly successful equijoin despite a few category headers in the candidate column.",
freyja-wdc,Country_gender_development.csv,title,target_086765.csv,title,"[""Norway"", ""Australia"", ""Switzerland"", ""Denmark"", ""Netherlands"", ""Germany"", ""Ireland"", ""United States"", ""Canada"", ""New Zealand"", ""Singapore"", ""Hong Kong, China (SAR)"", ""Liechtenstein"", ""Sweden"", ""United Kingdom"", ""Iceland"", ""Korea (Republic of)"", ""Israel"", ""Luxembourg"", ""Japan"", ""Belgium"", ""France"", ""Austria"", ""Finland"", ""Slovenia"", ""Spain"", ""Italy"", ""Czech Republic"", ""Greece"", ""Estonia"", ""Brunei Darussalam"", ""Cyprus"", ""Qatar"", ""Andorra"", ""Slovakia"", ""Poland"", ""Lithuania"", ""Malta"", ""Saudi Arabia"", ""Argentina"", ""United Arab Emirates"", ""Chile"", ""Portugal"", ""Hungary"", ""Bahrain"", ""Latvia"", ""Croatia"", ""Kuwait"", ""Montenegro"", ""Belarus"", ""Russian Federation"", ""Oman"", ""Romania"", ""Uruguay"", ""Bahamas"", ""Kazakhstan"", ""Barbados"", ""Antigua and Barbuda"", ""Bulgaria"", ""Palau"", ""Panama"", ""Malaysia"", ""Mauritius"", ""Seychelles""]","[""Very high human development"", ""High human development"", ""Medium human development"", ""Low human development"", ""Norway"", ""Australia"", ""Switzerland"", ""Netherlands"", ""United States"", ""Germany"", ""New Zealand"", ""Canada"", ""Singapore"", ""Denmark"", ""Ireland"", ""Sweden"", ""Iceland"", ""United Kingdom"", ""Korea (Republic of)"", ""Hong Kong, China (SAR)"", ""Japan"", ""Liechtenstein"", ""Israel"", ""France"", ""Luxembourg"", ""Belgium"", ""Austria"", ""Finland"", ""Slovenia"", ""Italy"", ""Spain"", ""Czech Republic"", ""Greece"", ""Brunei Darussalam"", ""Qatar"", ""Cyprus"", ""Estonia"", ""Saudi Arabia"", ""Poland"", ""Lithuania"", ""Slovakia"", ""Andorra"", ""Malta"", ""United Arab Emirates"", ""Portugal"", ""Chile"", ""Hungary"", ""Cuba"", ""Bahrain"", ""Kuwait"", ""Croatia"", ""Latvia"", ""Argentina"", ""Uruguay"", ""Montenegro"", ""Bahamas"", ""Belarus"", ""Romania"", ""Libya"", ""Oman"", ""Russian Federation"", ""Bulgaria"", ""Barbados"", ""Palau""]",equijoin,The candidate column contains country names matching the query values.,snoopy,1.0000,0.9800,1.0000,0.9933,1.0000,0.9800,3,True,True,The candidate column contains country names matching the query values.,Country names directly overlap despite extra category headers.,"The candidate column contains country names that directly match the query column's country names, enabling a high-quality equijoin.",
freyja-wdc,Name_world_country.csv,title,target_005422.csv,title,"[""Aruba"", ""Afghanistan"", ""Angola"", ""Anguilla"", ""Albania"", ""Andorra"", ""Netherlands Antilles"", ""United Arab Emirates"", ""Argentina"", ""Armenia"", ""American Samoa"", ""Antarctica"", ""French Southern territories"", ""Antigua and Barbuda"", ""Australia"", ""Austria"", ""Azerbaijan"", ""Burundi"", ""Belgium"", ""Benin"", ""Burkina Faso"", ""Bangladesh"", ""Bulgaria"", ""Bahrain"", ""Bahamas"", ""Bosnia and Herzegovina"", ""Belarus"", ""Belize"", ""Bermuda"", ""Bolivia"", ""Brazil"", ""Barbados"", ""Brunei"", ""Bhutan"", ""Bouvet Island"", ""Botswana"", ""Central African Republic"", ""Canada"", ""Cocos (Keeling) Islands"", ""Switzerland"", ""Chile"", ""China"", ""Côte d’Ivoire"", ""Cameroon"", ""Congo, The Democratic Republic of the"", ""Congo"", ""Cook Islands"", ""Colombia"", ""Comoros"", ""Cape Verde"", ""Costa Rica"", ""Cuba"", ""Christmas Island"", ""Cayman Islands"", ""Cyprus"", ""Czech Republic"", ""Germany"", ""Djibouti"", ""Dominica"", ""Denmark"", ""Dominican Republic"", ""Algeria"", ""Ecuador"", ""Egypt""]","[""Afghanistan"", ""Åland Islands"", ""Albania"", ""Algeria"", ""American Samoa"", ""Andorra"", ""Angola"", ""Anguilla"", ""Antarctica"", ""Antigua and Barbuda"", ""Argentina"", ""Armenia"", ""Aruba"", ""Australia"", ""Austria"", ""Azerbaijan"", ""Bahamas"", ""Bahrain"", ""Bangladesh"", ""Barbados"", ""Belarus"", ""Belgium"", ""Belize"", ""Benin"", ""Bermuda"", ""Bhutan"", ""Bolivia"", ""Bosnia and Herzegovina"", ""Botswana"", ""Bouvet Island"", ""Brazil"", ""British Indian Ocean Territory"", ""Brunei Darussalam"", ""Bulgaria"", ""Burkina Faso"", ""Burundi"", ""Cambodia"", ""Cameroon"", ""Canada"", ""Cape Verde"", ""Cayman Islands"", ""Central African Republic"", ""Chad"", ""Chile"", ""China"", ""Christmas Island"", ""Cocos (Keeling) Islands"", ""Colombia"", ""Comoros"", ""Congo"", ""Congo, the Democratic Republic of the"", ""Cook Islands"", ""Costa Rica"", ""Côte D'Ivoire"", ""Croatia"", ""Cuba"", ""Cyprus"", ""Czech Republic"", ""Denmark"", ""Djibouti"", ""Dominica"", ""Dominican Republic"", ""Ecuador"", ""Egypt""]",equijoin,Both columns list countries and territories exhibiting strong overlap and identical formatting.,snoopy,1.0000,0.9700,1.0000,0.9900,1.0000,0.9700,3,True,True,Both columns list countries and territories exhibiting strong overlap and identical formatting.,Country and territory names have strong direct overlap.,"Both columns contain country names with a very high degree of exact string overlap, making them perfect for an equijoin.",
freyja-wdc,English_short_name_lower_case_wikipedia-iso-country-codes.csv,title,target_087438.csv,title,"[""Afghanistan"", ""Åland Islands"", ""Albania"", ""Algeria"", ""American Samoa"", ""Andorra"", ""Angola"", ""Anguilla"", ""Antarctica"", ""Antigua and Barbuda"", ""Argentina"", ""Armenia"", ""Aruba"", ""Australia"", ""Austria"", ""Azerbaijan"", ""Bahamas"", ""Bahrain"", ""Bangladesh"", ""Barbados"", ""Belarus"", ""Belgium"", ""Belize"", ""Benin"", ""Bermuda"", ""Bhutan"", ""Bolivia"", ""Bosnia and Herzegovina"", ""Botswana"", ""Bouvet Island"", ""Brazil"", ""British Indian Ocean Territory"", ""Brunei Darussalam"", ""Bulgaria"", ""Burkina Faso"", ""Burundi"", ""Cambodia"", ""Cameroon"", ""Canada"", ""Cape Verde"", ""Cayman Islands"", ""Central African Republic"", ""Chad"", ""Chile"", ""China"", ""Christmas Island"", ""Cocos (Keeling) Islands"", ""Colombia"", ""Comoros"", ""Congo"", ""Congo, the Democratic Republic of the"", ""Cook Islands"", ""Costa Rica"", ""Côte d'Ivoire"", ""Croatia"", ""Cuba"", ""Cyprus"", ""Czech Republic"", ""Denmark"", ""Djibouti"", ""Dominica"", ""Dominican Republic"", ""Ecuador"", ""Egypt""]","[""Afghanistan"", ""Åland Islands"", ""Albania"", ""Algeria"", ""American Samoa"", ""Andorra"", ""Angola"", ""Anguilla"", ""Antarctica"", ""Antigua and Barbuda"", ""Argentina"", ""Armenia"", ""Aruba"", ""Australia"", ""Austria"", ""Azerbaijan"", ""Bahamas"", ""Bahrain"", ""Bangladesh"", ""Barbados"", ""Belarus"", ""Belgium"", ""Belize"", ""Benin"", ""Bermuda"", ""Bhutan"", ""Bolivia"", ""Bonaire, Saint Eustatius and Saba"", ""Bosnia and Herzegovina"", ""Botswana"", ""Bouvet Island"", ""Brazil"", ""British Indian Ocean Territory"", ""British Virgin Islands"", ""Brunei"", ""Bulgaria"", ""Burkina Faso"", ""Burundi"", ""Cambodia"", ""Cameroon"", ""Canada"", ""Cape Verde"", ""Cayman Islands"", ""Central African Republic"", ""Chad"", ""Chile"", ""China"", ""Christmas Island"", ""Cocos [Keeling] Islands"", ""Colombia"", ""Comoros"", ""Congo [DRC]"", ""Congo [Republic]"", ""Cook Islands"", ""Costa Rica"", ""Croatia"", ""Cuba"", ""Curacao"", ""Cyprus"", ""Czech Republic"", ""Denmark"", ""Djibouti"", ""Dominica"", ""Dominican Republic""]",equijoin,"Both columns represent country names with high overlap, using bracketed disambiguation in the candidate.",snoopy,1.0000,0.9800,1.0000,0.9933,1.0000,0.9800,3,True,True,"Both columns represent country names with high overlap, using bracketed disambiguation in the candidate.",Country names directly match after light normalization.,Both columns contain country names with a very high degree of exact value overlap.,
freyja-wdc,CountryDependency_population_by_country_2020.csv,title,target_000041.csv,title,"[""China"", ""India"", ""United States"", ""Indonesia"", ""Pakistan"", ""Brazil"", ""Nigeria"", ""Bangladesh"", ""Russia"", ""Mexico"", ""Japan"", ""Ethiopia"", ""Philippines"", ""Egypt"", ""Vietnam"", ""DR Congo"", ""Turkey"", ""Iran"", ""Germany"", ""Thailand"", ""United Kingdom"", ""France"", ""Italy"", ""Tanzania"", ""South Africa"", ""Myanmar"", ""Kenya"", ""South Korea"", ""Colombia"", ""Spain"", ""Uganda"", ""Argentina"", ""Algeria"", ""Sudan"", ""Ukraine"", ""Iraq"", ""Afghanistan"", ""Poland"", ""Canada"", ""Morocco"", ""Saudi Arabia"", ""Uzbekistan"", ""Peru"", ""Angola"", ""Malaysia"", ""Mozambique"", ""Ghana"", ""Yemen"", ""Nepal"", ""Venezuela"", ""Madagascar"", ""Cameroon"", ""Côte d'Ivoire"", ""North Korea"", ""Australia"", ""Niger"", ""Taiwan"", ""Sri Lanka"", ""Burkina Faso"", ""Mali"", ""Romania"", ""Malawi"", ""Chile"", ""Kazakhstan""]","[""China"", ""India"", ""European Union"", ""United States"", ""Indonesia"", ""Brazil"", ""Pakistan"", ""Nigeria"", ""Bangladesh"", ""Russia"", ""Japan"", ""Mexico"", ""Philippines"", ""Ethiopia"", ""Vietnam"", ""Egypt"", ""Turkey"", ""Germany"", ""Iran"", ""Congo, Democratic Republic of the"", ""Thailand"", ""France"", ""United Kingdom"", ""Italy"", ""Burma"", ""Tanzania"", ""Korea, South"", ""South Africa"", ""Spain"", ""Colombia"", ""Kenya"", ""Ukraine"", ""Argentina"", ""Algeria"", ""Poland"", ""Uganda"", ""Sudan"", ""Canada"", ""Morocco"", ""Iraq"", ""Afghanistan"", ""Nepal"", ""Peru"", ""Malaysia"", ""Uzbekistan"", ""Venezuela"", ""Saudi Arabia"", ""Yemen"", ""Ghana"", ""Korea, North"", ""Mozambique"", ""Taiwan"", ""Madagascar"", ""Cameroon"", ""Cote d'Ivoire"", ""Australia"", ""Sri Lanka"", ""Romania"", ""Angola"", ""Burkina Faso"", ""Syria"", ""Kazakhstan"", ""Niger"", ""Malawi""]",equijoin,Both columns contain country names with significant overlap and minor naming variations.,deepjoin,1.0000,0.9800,1.0000,0.9933,1.0000,0.9800,3,True,True,Both columns contain country names with significant overlap and minor naming variations.,Population-table country names directly overlap with the candidate countries.,"Both columns contain country names with a very high degree of exact string overlap, making them highly suitable for an equijoin.",
freyja-wdc,CountryDependency_population_by_country_2020.csv,title,target_012528.csv,title,"[""China"", ""India"", ""United States"", ""Indonesia"", ""Pakistan"", ""Brazil"", ""Nigeria"", ""Bangladesh"", ""Russia"", ""Mexico"", ""Japan"", ""Ethiopia"", ""Philippines"", ""Egypt"", ""Vietnam"", ""DR Congo"", ""Turkey"", ""Iran"", ""Germany"", ""Thailand"", ""United Kingdom"", ""France"", ""Italy"", ""Tanzania"", ""South Africa"", ""Myanmar"", ""Kenya"", ""South Korea"", ""Colombia"", ""Spain"", ""Uganda"", ""Argentina"", ""Algeria"", ""Sudan"", ""Ukraine"", ""Iraq"", ""Afghanistan"", ""Poland"", ""Canada"", ""Morocco"", ""Saudi Arabia"", ""Uzbekistan"", ""Peru"", ""Angola"", ""Malaysia"", ""Mozambique"", ""Ghana"", ""Yemen"", ""Nepal"", ""Venezuela"", ""Madagascar"", ""Cameroon"", ""Côte d'Ivoire"", ""North Korea"", ""Australia"", ""Niger"", ""Taiwan"", ""Sri Lanka"", ""Burkina Faso"", ""Mali"", ""Romania"", ""Malawi"", ""Chile"", ""Kazakhstan""]","[""China"", ""India"", ""European Union"", ""United States"", ""Indonesia"", ""Brazil"", ""Pakistan"", ""Nigeria"", ""Bangladesh"", ""Russia"", ""Japan"", ""Mexico"", ""Philippines"", ""Ethiopia"", ""Vietnam"", ""Egypt"", ""Turkey"", ""Germany"", ""Iran"", ""Congo, Democratic Republic of the"", ""Thailand"", ""France"", ""United Kingdom"", ""Italy"", ""Burma"", ""Tanzania"", ""Korea, South"", ""South Africa"", ""Spain"", ""Colombia"", ""Kenya"", ""Ukraine"", ""Argentina"", ""Algeria"", ""Poland"", ""Uganda"", ""Sudan"", ""Canada"", ""Morocco"", ""Iraq"", ""Afghanistan"", ""Nepal"", ""Peru"", ""Malaysia"", ""Uzbekistan"", ""Venezuela"", ""Saudi Arabia"", ""Yemen"", ""Ghana"", ""Korea, North"", ""Mozambique"", ""Taiwan"", ""Madagascar"", ""Cameroon"", ""Cote d'Ivoire"", ""Australia"", ""Sri Lanka"", ""Romania"", ""Angola"", ""Burkina Faso"", ""Syria"", ""Kazakhstan"", ""Niger"", ""Malawi""]",equijoin,Both columns contain country names with significant overlap.,deepjoin,1.0000,0.9800,1.0000,0.9933,1.0000,0.9800,3,True,True,Both columns contain country names with significant overlap.,Population-table country names directly overlap with the candidate countries.,Both columns contain country names with a very high degree of exact string overlap.,
freyja-wdc,CountryDependency_population_by_country_2020.csv,title,target_012634.csv,title,"[""China"", ""India"", ""United States"", ""Indonesia"", ""Pakistan"", ""Brazil"", ""Nigeria"", ""Bangladesh"", ""Russia"", ""Mexico"", ""Japan"", ""Ethiopia"", ""Philippines"", ""Egypt"", ""Vietnam"", ""DR Congo"", ""Turkey"", ""Iran"", ""Germany"", ""Thailand"", ""United Kingdom"", ""France"", ""Italy"", ""Tanzania"", ""South Africa"", ""Myanmar"", ""Kenya"", ""South Korea"", ""Colombia"", ""Spain"", ""Uganda"", ""Argentina"", ""Algeria"", ""Sudan"", ""Ukraine"", ""Iraq"", ""Afghanistan"", ""Poland"", ""Canada"", ""Morocco"", ""Saudi Arabia"", ""Uzbekistan"", ""Peru"", ""Angola"", ""Malaysia"", ""Mozambique"", ""Ghana"", ""Yemen"", ""Nepal"", ""Venezuela"", ""Madagascar"", ""Cameroon"", ""Côte d'Ivoire"", ""North Korea"", ""Australia"", ""Niger"", ""Taiwan"", ""Sri Lanka"", ""Burkina Faso"", ""Mali"", ""Romania"", ""Malawi"", ""Chile"", ""Kazakhstan""]","[""China"", ""India"", ""European Union"", ""United States"", ""Indonesia"", ""Brazil"", ""Pakistan"", ""Nigeria"", ""Bangladesh"", ""Russia"", ""Japan"", ""Mexico"", ""Philippines"", ""Ethiopia"", ""Vietnam"", ""Egypt"", ""Turkey"", ""Germany"", ""Iran"", ""Congo, Democratic Republic of the"", ""Thailand"", ""France"", ""United Kingdom"", ""Italy"", ""Burma"", ""Tanzania"", ""Korea, South"", ""South Africa"", ""Spain"", ""Colombia"", ""Kenya"", ""Ukraine"", ""Argentina"", ""Algeria"", ""Poland"", ""Uganda"", ""Sudan"", ""Canada"", ""Morocco"", ""Iraq"", ""Afghanistan"", ""Nepal"", ""Peru"", ""Malaysia"", ""Uzbekistan"", ""Venezuela"", ""Saudi Arabia"", ""Yemen"", ""Ghana"", ""Korea, North"", ""Mozambique"", ""Taiwan"", ""Madagascar"", ""Cameroon"", ""Cote d'Ivoire"", ""Australia"", ""Sri Lanka"", ""Romania"", ""Angola"", ""Burkina Faso"", ""Syria"", ""Kazakhstan"", ""Niger"", ""Malawi""]",equijoin,Both columns contain country names with significant overlap.,deepjoin,1.0000,0.9800,1.0000,0.9933,1.0000,0.9800,3,True,True,Both columns contain country names with significant overlap.,Population-table country names directly overlap with the candidate countries.,Both columns contain country names with a very high degree of exact string overlap.,
freyja-wdc,CountryDependency_population_by_country_2020.csv,title,target_013284.csv,title,"[""China"", ""India"", ""United States"", ""Indonesia"", ""Pakistan"", ""Brazil"", ""Nigeria"", ""Bangladesh"", ""Russia"", ""Mexico"", ""Japan"", ""Ethiopia"", ""Philippines"", ""Egypt"", ""Vietnam"", ""DR Congo"", ""Turkey"", ""Iran"", ""Germany"", ""Thailand"", ""United Kingdom"", ""France"", ""Italy"", ""Tanzania"", ""South Africa"", ""Myanmar"", ""Kenya"", ""South Korea"", ""Colombia"", ""Spain"", ""Uganda"", ""Argentina"", ""Algeria"", ""Sudan"", ""Ukraine"", ""Iraq"", ""Afghanistan"", ""Poland"", ""Canada"", ""Morocco"", ""Saudi Arabia"", ""Uzbekistan"", ""Peru"", ""Angola"", ""Malaysia"", ""Mozambique"", ""Ghana"", ""Yemen"", ""Nepal"", ""Venezuela"", ""Madagascar"", ""Cameroon"", ""Côte d'Ivoire"", ""North Korea"", ""Australia"", ""Niger"", ""Taiwan"", ""Sri Lanka"", ""Burkina Faso"", ""Mali"", ""Romania"", ""Malawi"", ""Chile"", ""Kazakhstan""]","[""China"", ""India"", ""European Union"", ""United States"", ""Indonesia"", ""Brazil"", ""Pakistan"", ""Nigeria"", ""Bangladesh"", ""Russia"", ""Japan"", ""Mexico"", ""Philippines"", ""Ethiopia"", ""Vietnam"", ""Egypt"", ""Turkey"", ""Germany"", ""Iran"", ""Congo, Democratic Republic of the"", ""Thailand"", ""France"", ""United Kingdom"", ""Italy"", ""Burma"", ""Tanzania"", ""Korea, South"", ""South Africa"", ""Spain"", ""Colombia"", ""Kenya"", ""Ukraine"", ""Argentina"", ""Algeria"", ""Poland"", ""Uganda"", ""Sudan"", ""Canada"", ""Morocco"", ""Iraq"", ""Afghanistan"", ""Nepal"", ""Peru"", ""Malaysia"", ""Uzbekistan"", ""Venezuela"", ""Saudi Arabia"", ""Yemen"", ""Ghana"", ""Korea, North"", ""Mozambique"", ""Taiwan"", ""Madagascar"", ""Cameroon"", ""Cote d'Ivoire"", ""Australia"", ""Sri Lanka"", ""Romania"", ""Angola"", ""Burkina Faso"", ""Syria"", ""Kazakhstan"", ""Niger"", ""Malawi""]",equijoin,Both columns contain country names with significant overlap.,deepjoin,1.0000,0.9800,1.0000,0.9933,1.0000,0.9800,3,True,True,Both columns contain country names with significant overlap.,Population-table country names directly overlap with the candidate countries.,Both columns contain country names with a very high degree of exact string overlap.,
freyja-wdc,CountryDependency_population_by_country_2020.csv,title,target_013476.csv,title,"[""China"", ""India"", ""United States"", ""Indonesia"", ""Pakistan"", ""Brazil"", ""Nigeria"", ""Bangladesh"", ""Russia"", ""Mexico"", ""Japan"", ""Ethiopia"", ""Philippines"", ""Egypt"", ""Vietnam"", ""DR Congo"", ""Turkey"", ""Iran"", ""Germany"", ""Thailand"", ""United Kingdom"", ""France"", ""Italy"", ""Tanzania"", ""South Africa"", ""Myanmar"", ""Kenya"", ""South Korea"", ""Colombia"", ""Spain"", ""Uganda"", ""Argentina"", ""Algeria"", ""Sudan"", ""Ukraine"", ""Iraq"", ""Afghanistan"", ""Poland"", ""Canada"", ""Morocco"", ""Saudi Arabia"", ""Uzbekistan"", ""Peru"", ""Angola"", ""Malaysia"", ""Mozambique"", ""Ghana"", ""Yemen"", ""Nepal"", ""Venezuela"", ""Madagascar"", ""Cameroon"", ""Côte d'Ivoire"", ""North Korea"", ""Australia"", ""Niger"", ""Taiwan"", ""Sri Lanka"", ""Burkina Faso"", ""Mali"", ""Romania"", ""Malawi"", ""Chile"", ""Kazakhstan""]","[""China"", ""India"", ""European Union"", ""United States"", ""Indonesia"", ""Brazil"", ""Pakistan"", ""Nigeria"", ""Bangladesh"", ""Russia"", ""Japan"", ""Mexico"", ""Philippines"", ""Ethiopia"", ""Vietnam"", ""Egypt"", ""Turkey"", ""Germany"", ""Iran"", ""Congo, Democratic Republic of the"", ""Thailand"", ""France"", ""United Kingdom"", ""Italy"", ""Burma"", ""Tanzania"", ""Korea, South"", ""South Africa"", ""Spain"", ""Colombia"", ""Kenya"", ""Ukraine"", ""Argentina"", ""Algeria"", ""Poland"", ""Uganda"", ""Sudan"", ""Canada"", ""Morocco"", ""Iraq"", ""Afghanistan"", ""Nepal"", ""Peru"", ""Malaysia"", ""Uzbekistan"", ""Venezuela"", ""Saudi Arabia"", ""Yemen"", ""Ghana"", ""Korea, North"", ""Mozambique"", ""Taiwan"", ""Madagascar"", ""Cameroon"", ""Cote d'Ivoire"", ""Australia"", ""Sri Lanka"", ""Romania"", ""Angola"", ""Burkina Faso"", ""Syria"", ""Kazakhstan"", ""Niger"", ""Malawi""]",equijoin,Both columns contain country names with significant overlap.,deepjoin,1.0000,0.9800,1.0000,0.9933,1.0000,0.9800,3,True,True,Both columns contain country names with significant overlap.,Population-table country names directly overlap with the candidate countries.,Both columns contain country names with a very high degree of exact value overlap.,
freyja-wdc,CountryDependency_population_by_country_2020.csv,title,target_026452.csv,title,"[""China"", ""India"", ""United States"", ""Indonesia"", ""Pakistan"", ""Brazil"", ""Nigeria"", ""Bangladesh"", ""Russia"", ""Mexico"", ""Japan"", ""Ethiopia"", ""Philippines"", ""Egypt"", ""Vietnam"", ""DR Congo"", ""Turkey"", ""Iran"", ""Germany"", ""Thailand"", ""United Kingdom"", ""France"", ""Italy"", ""Tanzania"", ""South Africa"", ""Myanmar"", ""Kenya"", ""South Korea"", ""Colombia"", ""Spain"", ""Uganda"", ""Argentina"", ""Algeria"", ""Sudan"", ""Ukraine"", ""Iraq"", ""Afghanistan"", ""Poland"", ""Canada"", ""Morocco"", ""Saudi Arabia"", ""Uzbekistan"", ""Peru"", ""Angola"", ""Malaysia"", ""Mozambique"", ""Ghana"", ""Yemen"", ""Nepal"", ""Venezuela"", ""Madagascar"", ""Cameroon"", ""Côte d'Ivoire"", ""North Korea"", ""Australia"", ""Niger"", ""Taiwan"", ""Sri Lanka"", ""Burkina Faso"", ""Mali"", ""Romania"", ""Malawi"", ""Chile"", ""Kazakhstan""]","[""China"", ""India"", ""European Union"", ""United States"", ""Indonesia"", ""Brazil"", ""Pakistan"", ""Nigeria"", ""Bangladesh"", ""Russia"", ""Japan"", ""Mexico"", ""Philippines"", ""Ethiopia"", ""Vietnam"", ""Egypt"", ""Turkey"", ""Germany"", ""Iran"", ""Congo, Democratic Republic of the"", ""Thailand"", ""France"", ""United Kingdom"", ""Italy"", ""Burma"", ""Tanzania"", ""Korea, South"", ""South Africa"", ""Spain"", ""Colombia"", ""Kenya"", ""Ukraine"", ""Argentina"", ""Algeria"", ""Poland"", ""Uganda"", ""Sudan"", ""Canada"", ""Morocco"", ""Iraq"", ""Afghanistan"", ""Nepal"", ""Peru"", ""Malaysia"", ""Uzbekistan"", ""Venezuela"", ""Saudi Arabia"", ""Yemen"", ""Ghana"", ""Korea, North"", ""Mozambique"", ""Taiwan"", ""Madagascar"", ""Cameroon"", ""Cote d'Ivoire"", ""Australia"", ""Sri Lanka"", ""Romania"", ""Angola"", ""Burkina Faso"", ""Syria"", ""Kazakhstan"", ""Niger"", ""Malawi""]",equijoin,Both columns contain country names with significant overlap.,deepjoin,1.0000,0.9800,1.0000,0.9933,1.0000,0.9800,3,True,True,Both columns contain country names with significant overlap.,Population-table country names directly overlap with the candidate countries.,Both columns contain country names with a very high degree of exact value overlap.,
freyja-wdc,CountryDependency_population_by_country_2020.csv,title,target_032505.csv,title,"[""China"", ""India"", ""United States"", ""Indonesia"", ""Pakistan"", ""Brazil"", ""Nigeria"", ""Bangladesh"", ""Russia"", ""Mexico"", ""Japan"", ""Ethiopia"", ""Philippines"", ""Egypt"", ""Vietnam"", ""DR Congo"", ""Turkey"", ""Iran"", ""Germany"", ""Thailand"", ""United Kingdom"", ""France"", ""Italy"", ""Tanzania"", ""South Africa"", ""Myanmar"", ""Kenya"", ""South Korea"", ""Colombia"", ""Spain"", ""Uganda"", ""Argentina"", ""Algeria"", ""Sudan"", ""Ukraine"", ""Iraq"", ""Afghanistan"", ""Poland"", ""Canada"", ""Morocco"", ""Saudi Arabia"", ""Uzbekistan"", ""Peru"", ""Angola"", ""Malaysia"", ""Mozambique"", ""Ghana"", ""Yemen"", ""Nepal"", ""Venezuela"", ""Madagascar"", ""Cameroon"", ""Côte d'Ivoire"", ""North Korea"", ""Australia"", ""Niger"", ""Taiwan"", ""Sri Lanka"", ""Burkina Faso"", ""Mali"", ""Romania"", ""Malawi"", ""Chile"", ""Kazakhstan""]","[""China"", ""India"", ""European Union"", ""United States"", ""Indonesia"", ""Brazil"", ""Pakistan"", ""Nigeria"", ""Bangladesh"", ""Russia"", ""Japan"", ""Mexico"", ""Philippines"", ""Ethiopia"", ""Vietnam"", ""Egypt"", ""Turkey"", ""Germany"", ""Iran"", ""Congo, Democratic Republic of the"", ""Thailand"", ""France"", ""United Kingdom"", ""Italy"", ""Burma"", ""Tanzania"", ""Korea, South"", ""South Africa"", ""Spain"", ""Colombia"", ""Kenya"", ""Ukraine"", ""Argentina"", ""Algeria"", ""Poland"", ""Uganda"", ""Sudan"", ""Canada"", ""Morocco"", ""Iraq"", ""Afghanistan"", ""Nepal"", ""Peru"", ""Malaysia"", ""Uzbekistan"", ""Venezuela"", ""Saudi Arabia"", ""Yemen"", ""Ghana"", ""Korea, North"", ""Mozambique"", ""Taiwan"", ""Madagascar"", ""Cameroon"", ""Cote d'Ivoire"", ""Australia"", ""Sri Lanka"", ""Romania"", ""Angola"", ""Burkina Faso"", ""Syria"", ""Kazakhstan"", ""Niger"", ""Malawi""]",equijoin,Both columns contain country names with significant overlap.,deepjoin,1.0000,0.9800,1.0000,0.9933,1.0000,0.9800,3,True,True,Both columns contain country names with significant overlap.,Population-table country names directly overlap with the candidate countries.,"Both columns contain country names with a very high degree of exact string overlap, making them highly suitable for an equijoin.",
freyja-wdc,CountryDependency_population_by_country_2020.csv,title,target_088368.csv,title,"[""China"", ""India"", ""United States"", ""Indonesia"", ""Pakistan"", ""Brazil"", ""Nigeria"", ""Bangladesh"", ""Russia"", ""Mexico"", ""Japan"", ""Ethiopia"", ""Philippines"", ""Egypt"", ""Vietnam"", ""DR Congo"", ""Turkey"", ""Iran"", ""Germany"", ""Thailand"", ""United Kingdom"", ""France"", ""Italy"", ""Tanzania"", ""South Africa"", ""Myanmar"", ""Kenya"", ""South Korea"", ""Colombia"", ""Spain"", ""Uganda"", ""Argentina"", ""Algeria"", ""Sudan"", ""Ukraine"", ""Iraq"", ""Afghanistan"", ""Poland"", ""Canada"", ""Morocco"", ""Saudi Arabia"", ""Uzbekistan"", ""Peru"", ""Angola"", ""Malaysia"", ""Mozambique"", ""Ghana"", ""Yemen"", ""Nepal"", ""Venezuela"", ""Madagascar"", ""Cameroon"", ""Côte d'Ivoire"", ""North Korea"", ""Australia"", ""Niger"", ""Taiwan"", ""Sri Lanka"", ""Burkina Faso"", ""Mali"", ""Romania"", ""Malawi"", ""Chile"", ""Kazakhstan""]","[""China"", ""India"", ""European Union"", ""United States"", ""Indonesia"", ""Brazil"", ""Pakistan"", ""Nigeria"", ""Bangladesh"", ""Russia"", ""Japan"", ""Mexico"", ""Philippines"", ""Ethiopia"", ""Vietnam"", ""Egypt"", ""Turkey"", ""Germany"", ""Iran"", ""Congo, Democratic Republic of the"", ""Thailand"", ""France"", ""United Kingdom"", ""Italy"", ""Burma"", ""Tanzania"", ""Korea, South"", ""South Africa"", ""Spain"", ""Colombia"", ""Kenya"", ""Ukraine"", ""Argentina"", ""Algeria"", ""Poland"", ""Uganda"", ""Sudan"", ""Canada"", ""Morocco"", ""Iraq"", ""Afghanistan"", ""Nepal"", ""Peru"", ""Malaysia"", ""Uzbekistan"", ""Venezuela"", ""Saudi Arabia"", ""Yemen"", ""Ghana"", ""Korea, North"", ""Mozambique"", ""Taiwan"", ""Madagascar"", ""Cameroon"", ""Cote d'Ivoire"", ""Australia"", ""Sri Lanka"", ""Romania"", ""Angola"", ""Burkina Faso"", ""Syria"", ""Kazakhstan"", ""Niger"", ""Malawi""]",equijoin,Both columns contain country names with significant overlap.,deepjoin,1.0000,0.9800,1.0000,0.9933,1.0000,0.9800,3,True,True,Both columns contain country names with significant overlap.,Population-table country names directly overlap with the candidate countries.,Both columns contain country names with a very high degree of exact string overlap.,
freyja-wdc,CountryDependency_population_by_country_2020.csv,title,target_091308.csv,title,"[""China"", ""India"", ""United States"", ""Indonesia"", ""Pakistan"", ""Brazil"", ""Nigeria"", ""Bangladesh"", ""Russia"", ""Mexico"", ""Japan"", ""Ethiopia"", ""Philippines"", ""Egypt"", ""Vietnam"", ""DR Congo"", ""Turkey"", ""Iran"", ""Germany"", ""Thailand"", ""United Kingdom"", ""France"", ""Italy"", ""Tanzania"", ""South Africa"", ""Myanmar"", ""Kenya"", ""South Korea"", ""Colombia"", ""Spain"", ""Uganda"", ""Argentina"", ""Algeria"", ""Sudan"", ""Ukraine"", ""Iraq"", ""Afghanistan"", ""Poland"", ""Canada"", ""Morocco"", ""Saudi Arabia"", ""Uzbekistan"", ""Peru"", ""Angola"", ""Malaysia"", ""Mozambique"", ""Ghana"", ""Yemen"", ""Nepal"", ""Venezuela"", ""Madagascar"", ""Cameroon"", ""Côte d'Ivoire"", ""North Korea"", ""Australia"", ""Niger"", ""Taiwan"", ""Sri Lanka"", ""Burkina Faso"", ""Mali"", ""Romania"", ""Malawi"", ""Chile"", ""Kazakhstan""]","[""China"", ""India"", ""European Union"", ""United States"", ""Indonesia"", ""Brazil"", ""Pakistan"", ""Nigeria"", ""Bangladesh"", ""Russia"", ""Japan"", ""Mexico"", ""Philippines"", ""Ethiopia"", ""Vietnam"", ""Egypt"", ""Turkey"", ""Germany"", ""Iran"", ""Congo, Democratic Republic of the"", ""Thailand"", ""France"", ""United Kingdom"", ""Italy"", ""Burma"", ""Tanzania"", ""Korea, South"", ""South Africa"", ""Spain"", ""Colombia"", ""Kenya"", ""Ukraine"", ""Argentina"", ""Algeria"", ""Poland"", ""Uganda"", ""Sudan"", ""Canada"", ""Morocco"", ""Iraq"", ""Afghanistan"", ""Nepal"", ""Peru"", ""Malaysia"", ""Uzbekistan"", ""Venezuela"", ""Saudi Arabia"", ""Yemen"", ""Ghana"", ""Korea, North"", ""Mozambique"", ""Taiwan"", ""Madagascar"", ""Cameroon"", ""Cote d'Ivoire"", ""Australia"", ""Sri Lanka"", ""Romania"", ""Angola"", ""Burkina Faso"", ""Syria"", ""Kazakhstan"", ""Niger"", ""Malawi""]",equijoin,Both columns contain country names with significant overlap.,deepjoin,1.0000,0.9800,1.0000,0.9933,1.0000,0.9800,3,True,True,Both columns contain country names with significant overlap.,Population-table country names directly overlap with the candidate countries.,Both columns contain country names with a very high degree of exact string overlap.,
freyja-wdc,CountryDependency_population_by_country_2020.csv,title,target_096449.csv,title,"[""China"", ""India"", ""United States"", ""Indonesia"", ""Pakistan"", ""Brazil"", ""Nigeria"", ""Bangladesh"", ""Russia"", ""Mexico"", ""Japan"", ""Ethiopia"", ""Philippines"", ""Egypt"", ""Vietnam"", ""DR Congo"", ""Turkey"", ""Iran"", ""Germany"", ""Thailand"", ""United Kingdom"", ""France"", ""Italy"", ""Tanzania"", ""South Africa"", ""Myanmar"", ""Kenya"", ""South Korea"", ""Colombia"", ""Spain"", ""Uganda"", ""Argentina"", ""Algeria"", ""Sudan"", ""Ukraine"", ""Iraq"", ""Afghanistan"", ""Poland"", ""Canada"", ""Morocco"", ""Saudi Arabia"", ""Uzbekistan"", ""Peru"", ""Angola"", ""Malaysia"", ""Mozambique"", ""Ghana"", ""Yemen"", ""Nepal"", ""Venezuela"", ""Madagascar"", ""Cameroon"", ""Côte d'Ivoire"", ""North Korea"", ""Australia"", ""Niger"", ""Taiwan"", ""Sri Lanka"", ""Burkina Faso"", ""Mali"", ""Romania"", ""Malawi"", ""Chile"", ""Kazakhstan""]","[""China"", ""India"", ""European Union"", ""United States"", ""Indonesia"", ""Brazil"", ""Pakistan"", ""Nigeria"", ""Bangladesh"", ""Russia"", ""Japan"", ""Mexico"", ""Philippines"", ""Ethiopia"", ""Vietnam"", ""Egypt"", ""Turkey"", ""Germany"", ""Iran"", ""Congo, Democratic Republic of the"", ""Thailand"", ""France"", ""United Kingdom"", ""Italy"", ""Burma"", ""Tanzania"", ""Korea, South"", ""South Africa"", ""Spain"", ""Colombia"", ""Kenya"", ""Ukraine"", ""Argentina"", ""Algeria"", ""Poland"", ""Uganda"", ""Sudan"", ""Canada"", ""Morocco"", ""Iraq"", ""Afghanistan"", ""Nepal"", ""Peru"", ""Malaysia"", ""Uzbekistan"", ""Venezuela"", ""Saudi Arabia"", ""Yemen"", ""Ghana"", ""Korea, North"", ""Mozambique"", ""Taiwan"", ""Madagascar"", ""Cameroon"", ""Cote d'Ivoire"", ""Australia"", ""Sri Lanka"", ""Romania"", ""Angola"", ""Burkina Faso"", ""Syria"", ""Kazakhstan"", ""Niger"", ""Malawi""]",equijoin,Both columns contain country names with significant overlap.,deepjoin,1.0000,0.9800,1.0000,0.9933,1.0000,0.9800,3,True,True,Both columns contain country names with significant overlap.,Population-table country names directly overlap with the candidate countries.,Both columns contain country names with a very high degree of exact value overlap.,
freyja-wdc,English_short_name_lower_case_wikipedia-iso-country-codes.csv,title,target_080813.csv,title,"[""Afghanistan"", ""Åland Islands"", ""Albania"", ""Algeria"", ""American Samoa"", ""Andorra"", ""Angola"", ""Anguilla"", ""Antarctica"", ""Antigua and Barbuda"", ""Argentina"", ""Armenia"", ""Aruba"", ""Australia"", ""Austria"", ""Azerbaijan"", ""Bahamas"", ""Bahrain"", ""Bangladesh"", ""Barbados"", ""Belarus"", ""Belgium"", ""Belize"", ""Benin"", ""Bermuda"", ""Bhutan"", ""Bolivia"", ""Bosnia and Herzegovina"", ""Botswana"", ""Bouvet Island"", ""Brazil"", ""British Indian Ocean Territory"", ""Brunei Darussalam"", ""Bulgaria"", ""Burkina Faso"", ""Burundi"", ""Cambodia"", ""Cameroon"", ""Canada"", ""Cape Verde"", ""Cayman Islands"", ""Central African Republic"", ""Chad"", ""Chile"", ""China"", ""Christmas Island"", ""Cocos (Keeling) Islands"", ""Colombia"", ""Comoros"", ""Congo"", ""Congo, the Democratic Republic of the"", ""Cook Islands"", ""Costa Rica"", ""Côte d'Ivoire"", ""Croatia"", ""Cuba"", ""Cyprus"", ""Czech Republic"", ""Denmark"", ""Djibouti"", ""Dominica"", ""Dominican Republic"", ""Ecuador"", ""Egypt""]","[""AFGHANISTAN"", ""ALBANIA"", ""ALGERIA"", ""AMERICAN SAMOA"", ""ANDORRA"", ""ANGOLA"", ""ANGUILLA"", ""ANTARCTICA"", ""ANTIGUA AND BARBUDA"", ""ARGENTINA"", ""ARMENIA"", ""ARUBA"", ""AUSTRALIA"", ""AUSTRIA"", ""AZERBAIJAN"", ""BAHAMAS"", ""BAHRAIN"", ""BANGLADESH"", ""BARBADOS"", ""BELARUS"", ""BELGIUM"", ""BELIZE"", ""BENIN"", ""BERMUDA"", ""BHUTAN"", ""BOLIVIA"", ""BOSNIA AND HERZEGOVINA"", ""BOTSWANA"", ""BOUVET ISLAND"", ""BRAZIL"", ""BRITISH INDIAN OCEAN TERRITORY"", ""BRUNEI DARUSSALAM"", ""BULGARIA"", ""BURKINA FASO"", ""BURMA參見 MYANMAR"", ""BURUNDI"", ""CAMBODIA, KINGDOM OF CAMBODIA"", ""CAMEROON"", ""CANADA"", ""CAPE VERDE"", ""CAYMAN ISLANDS"", ""CENTRAL AFRICAN REPUBLIC"", ""CHAD"", ""CHILE"", ""CHINA"", ""CHRISTMAS ISLAND"", ""COCOS（KEELING）ISLANDS"", ""COLOMBIA"", ""COMOROS"", ""CONGO"", ""CONGO,THE DEMOCRATIC REPUBLIC OF THE"", ""COOK ISLANDS"", ""COSTA RICA"", ""COTE D’IVOIRE"", ""CROACIA"", ""CUBA"", ""CYPRUS"", ""CZECH REPUBLIC"", ""DENMARK"", ""DJIBOUTI"", ""DOMINICA"", ""DOMINICAN REPUBLIC"", ""EAST TIMOR"", ""ECUADOR""]",equijoin,The candidate values are uppercase country names that match the query entities via case normalization.,deepjoin,1.0000,0.9800,1.0000,0.9933,1.0000,0.9800,3,True,True,The candidate values are uppercase country names that match the query entities via case normalization.,Uppercase country names match after case normalization.,The columns contain country names that match directly after case normalization.,
freyja-wdc,name_countries_and_continents.csv,title,target_087438.csv,title,"[""Afghanistan"", ""Albania"", ""Algeria"", ""American Samoa"", ""Andorra"", ""Angola"", ""Anguilla"", ""Antarctica"", ""Antigua & Barbuda"", ""Argentina"", ""Armenia"", ""Aruba"", ""Australia"", ""Austria"", ""Azerbaijan"", ""Bahamas"", ""Bahrain"", ""Bangladesh"", ""Barbados"", ""Belarus"", ""Belgium"", ""Belize"", ""Benin"", ""Bermuda"", ""Bhutan"", ""Bolivia"", ""Bosnia"", ""Botswana"", ""Bouvet Island"", ""Brazil"", ""British Indian Ocean Territory"", ""British Virgin Islands"", ""Brunei"", ""Bulgaria"", ""Burkina Faso"", ""Burundi"", ""Cambodia"", ""Cameroon"", ""Canada"", ""Cape Verde"", ""Caribbean Netherlands"", ""Cayman Islands"", ""Central African Republic"", ""Chad"", ""Chile"", ""China"", ""Christmas Island"", ""Cocos (Keeling) Islands"", ""Colombia"", ""Comoros"", ""Congo - Brazzaville"", ""Congo - Kinshasa"", ""Cook Islands"", ""Costa Rica"", ""Croatia"", ""Cuba"", ""Curaçao"", ""Cyprus"", ""Czech Republic"", ""Côte d’Ivoire"", ""Denmark"", ""Djibouti"", ""Dominica"", ""Dominican Republic""]","[""Afghanistan"", ""Åland Islands"", ""Albania"", ""Algeria"", ""American Samoa"", ""Andorra"", ""Angola"", ""Anguilla"", ""Antarctica"", ""Antigua and Barbuda"", ""Argentina"", ""Armenia"", ""Aruba"", ""Australia"", ""Austria"", ""Azerbaijan"", ""Bahamas"", ""Bahrain"", ""Bangladesh"", ""Barbados"", ""Belarus"", ""Belgium"", ""Belize"", ""Benin"", ""Bermuda"", ""Bhutan"", ""Bolivia"", ""Bonaire, Saint Eustatius and Saba"", ""Bosnia and Herzegovina"", ""Botswana"", ""Bouvet Island"", ""Brazil"", ""British Indian Ocean Territory"", ""British Virgin Islands"", ""Brunei"", ""Bulgaria"", ""Burkina Faso"", ""Burundi"", ""Cambodia"", ""Cameroon"", ""Canada"", ""Cape Verde"", ""Cayman Islands"", ""Central African Republic"", ""Chad"", ""Chile"", ""China"", ""Christmas Island"", ""Cocos [Keeling] Islands"", ""Colombia"", ""Comoros"", ""Congo [DRC]"", ""Congo [Republic]"", ""Cook Islands"", ""Costa Rica"", ""Croatia"", ""Cuba"", ""Curacao"", ""Cyprus"", ""Czech Republic"", ""Denmark"", ""Djibouti"", ""Dominica"", ""Dominican Republic""]",equijoin,Both columns consist of country names with matching values.,semsketch,1.0000,0.9700,1.0000,0.9900,1.0000,0.9700,3,True,True,The attributes represent country names with minor variations in naming conventions.,Country-name columns have strong direct overlap.,Both columns contain country names with a very high degree of exact value overlap.,
freyja-wdc,Name_AdventureWorks2014_CountryRegion.csv,title,target_043592.csv,title,"[""Andorra"", ""United Arab Emirates"", ""Afghanistan"", ""Antigua and Barbuda"", ""Anguilla"", ""Albania"", ""Armenia"", ""Netherlands Antilles"", ""Angola"", ""Antarctica"", ""Argentina"", ""American Samoa"", ""Austria"", ""Australia"", ""Aruba"", ""Azerbaijan"", ""Bosnia and Herzegovina"", ""Barbados"", ""Bangladesh"", ""Belgium"", ""Burkina Faso"", ""Bulgaria"", ""Bahrain"", ""Burundi"", ""Benin"", ""Bermuda"", ""Brunei"", ""Bolivia"", ""Brazil"", ""Bahamas, The"", ""Bhutan"", ""Bouvet Island"", ""Botswana"", ""Belarus"", ""Belize"", ""Canada"", ""Cocos (Keeling) Islands"", ""Congo (DRC)"", ""Central African Republic"", ""Congo"", ""Switzerland"", ""Côte d'Ivoire"", ""Cook Islands"", ""Chile"", ""Cameroon"", ""China"", ""Colombia"", ""Costa Rica"", ""Serbia and Montenegro"", ""Cuba"", ""Cape Verde"", ""Christmas Island"", ""Cyprus"", ""Czech Republic"", ""Germany"", ""Djibouti"", ""Denmark"", ""Dominica"", ""Dominican Republic"", ""Algeria"", ""Ecuador"", ""Estonia"", ""Egypt"", ""Eritrea""]","[""African Other"", ""Andorra"", ""United Arab Emirates"", ""Afghanistan"", ""Antigua and Barbuda"", ""Anguilla"", ""Albania"", ""Armenia"", ""Netherlands Antilles"", ""Angola"", ""Antarctica"", ""Argentina"", ""American Samoa"", ""Austria"", ""Australia"", ""Aruba"", ""Azerbaijan"", ""Bosnia-Herzegovina"", ""Barbados"", ""Bangladesh"", ""Belgium"", ""Burkina Faso"", ""Bulgaria"", ""Bahrain"", ""Burundi"", ""Benin"", ""Bermuda"", ""Brunei Darussalam"", ""Bolivia"", ""Brazil"", ""Bahamas"", ""Bhutan"", ""Bouvet Island"", ""Botswana"", ""Belarus"", ""Belize"", ""Canada"", ""Cocos (Keeling) Islands"", ""Central African Republic"", ""Congo"", ""Switzerland"", ""Cote D'Ivoire"", ""Cook Islands"", ""Chile"", ""Cameroon"", ""China"", ""Columbia"", ""Costa Rica"", ""Cuba"", ""Cape Verde"", ""Christmas Island"", ""Cyprus"", ""Czech Republic"", ""Germany"", ""Djibouti"", ""Denmark and Iceland"", ""Dominica"", ""Dominican Republic"", ""Algeria"", ""Ecuador"", ""Estonia"", ""Egypt"", ""Western Sahara"", ""Eritrea""]",equijoin,Both columns contain country names with high overlap.,deepjoin;snoopy,1.0000,0.9800,1.0000,0.9933,1.0000,0.9800,3,True,True,Both columns contain country names with high overlap.,Country-region names have very strong direct overlap.,Both columns contain country names with a very high degree of exact string overlap.,
freyja-wdc,English_short_name_lower_case_wikipedia-iso-country-codes.csv,title,target_007507.csv,title,"[""Afghanistan"", ""Åland Islands"", ""Albania"", ""Algeria"", ""American Samoa"", ""Andorra"", ""Angola"", ""Anguilla"", ""Antarctica"", ""Antigua and Barbuda"", ""Argentina"", ""Armenia"", ""Aruba"", ""Australia"", ""Austria"", ""Azerbaijan"", ""Bahamas"", ""Bahrain"", ""Bangladesh"", ""Barbados"", ""Belarus"", ""Belgium"", ""Belize"", ""Benin"", ""Bermuda"", ""Bhutan"", ""Bolivia"", ""Bosnia and Herzegovina"", ""Botswana"", ""Bouvet Island"", ""Brazil"", ""British Indian Ocean Territory"", ""Brunei Darussalam"", ""Bulgaria"", ""Burkina Faso"", ""Burundi"", ""Cambodia"", ""Cameroon"", ""Canada"", ""Cape Verde"", ""Cayman Islands"", ""Central African Republic"", ""Chad"", ""Chile"", ""China"", ""Christmas Island"", ""Cocos (Keeling) Islands"", ""Colombia"", ""Comoros"", ""Congo"", ""Congo, the Democratic Republic of the"", ""Cook Islands"", ""Costa Rica"", ""Côte d'Ivoire"", ""Croatia"", ""Cuba"", ""Cyprus"", ""Czech Republic"", ""Denmark"", ""Djibouti"", ""Dominica"", ""Dominican Republic"", ""Ecuador"", ""Egypt""]","[""Afghanistan"", ""Albania"", ""Algeria"", ""American Samoa"", ""Andorra"", ""Angola"", ""Anguilla"", ""Antigua and Barbuda"", ""Argentina"", ""Armenia"", ""Aruba"", ""Australia"", ""Austria"", ""Azerbaijan"", ""Bahamas"", ""Bahrain"", ""Bangladesh"", ""Barbados"", ""Belarus"", ""Belgium"", ""Belize"", ""Benin"", ""Bermuda"", ""Bhutan"", ""Bolivia"", ""Bosnia and Herzegovina"", ""Botswana"", ""Brazil"", ""British Virgin Islands"", ""Brunei"", ""Bulgaria"", ""Burkina Faso"", ""Burundi"", ""Cambodia"", ""Cameroon"", ""Canada"", ""Cape Verde"", ""Cayman Islands"", ""Central African Republic"", ""Chad"", ""Chile"", ""China"", ""Christmas Island"", ""Cocos (Keeling) Islands"", ""Colombia"", ""Comoros"", ""Congo-Kinshasa"", ""Congo-Brazzaville"", ""Cook Islands"", ""Costa Rica"", ""Cote d'Ivoire (Ivory Coast)"", ""Croatia"", ""Cuba"", ""Cyprus"", ""Czech Republic"", ""Denmark"", ""Djibouti"", ""Dominica"", ""Dominican Republic"", ""East Timor"", ""Ecuador"", ""Egypt"", ""El Salvador"", ""Equatorial Guinea""]",equijoin,"Both columns represent countries, with high overlap and some variations in naming conventions for specific nations.",snoopy,1.0000,0.9700,1.0000,0.9900,1.0000,0.9700,3,True,True,"Both columns represent countries, with high overlap and some variations in naming conventions for specific nations.",Country-name columns have strong direct overlap with minor omissions.,"Both columns contain country names with a very high degree of direct string overlap, making them perfect candidates for an equijoin.",
freyja-wdc,Name_world_country.csv,title,target_020486.csv,title,"[""Aruba"", ""Afghanistan"", ""Angola"", ""Anguilla"", ""Albania"", ""Andorra"", ""Netherlands Antilles"", ""United Arab Emirates"", ""Argentina"", ""Armenia"", ""American Samoa"", ""Antarctica"", ""French Southern territories"", ""Antigua and Barbuda"", ""Australia"", ""Austria"", ""Azerbaijan"", ""Burundi"", ""Belgium"", ""Benin"", ""Burkina Faso"", ""Bangladesh"", ""Bulgaria"", ""Bahrain"", ""Bahamas"", ""Bosnia and Herzegovina"", ""Belarus"", ""Belize"", ""Bermuda"", ""Bolivia"", ""Brazil"", ""Barbados"", ""Brunei"", ""Bhutan"", ""Bouvet Island"", ""Botswana"", ""Central African Republic"", ""Canada"", ""Cocos (Keeling) Islands"", ""Switzerland"", ""Chile"", ""China"", ""Côte d’Ivoire"", ""Cameroon"", ""Congo, The Democratic Republic of the"", ""Congo"", ""Cook Islands"", ""Colombia"", ""Comoros"", ""Cape Verde"", ""Costa Rica"", ""Cuba"", ""Christmas Island"", ""Cayman Islands"", ""Cyprus"", ""Czech Republic"", ""Germany"", ""Djibouti"", ""Dominica"", ""Denmark"", ""Dominican Republic"", ""Algeria"", ""Ecuador"", ""Egypt""]","[""Ascension Island"", ""Andorra"", ""United Arab Emirates"", ""Afghanistan"", ""Antigua and Barbuda"", ""Anguilla"", ""Albania"", ""Armenia"", ""Netherlands Antilles"", ""Angola"", ""Antarctica"", ""Argentina"", ""American Samoa"", ""Austria"", ""Australia"", ""Aruba"", ""Aland Islands"", ""Azerbaijan"", ""Bosnia and Herzegowina"", ""Barbados"", ""Bangladesh"", ""Belgium"", ""Burkina Faso"", ""Bulgaria"", ""Bahrain"", ""Burundi"", ""Benin"", ""Saint Barthelemy"", ""Bermuda"", ""Brunei Darussalam"", ""Bolivia"", ""Bonaire, Saint Eustatius and Saba"", ""Brazil"", ""Bahamas"", ""Bhutan"", ""Bouvet Island"", ""Botswana"", ""Belarus"", ""Belize"", ""Canada"", ""Cocos (Keeling) Islands"", ""Congo, the Democratic Republic of the"", ""Central African Republic"", ""Congo"", ""Switzerland"", ""Cote d'Ivoire"", ""Cook Islands"", ""Chile"", ""Cameroon"", ""China"", ""Colombia"", ""Costa Rica"", ""Cuba"", ""Cape Verde"", ""Curaçao"", ""Christmas Island"", ""Cyprus"", ""Czech Republic"", ""Germany"", ""Djibouti"", ""Denmark"", ""Dominica"", ""Dominican Republic"", ""Algeria""]",equijoin,Both columns list countries and territories with high overlap.,snoopy,1.0000,0.9700,1.0000,0.9900,1.0000,0.9700,3,True,True,Both columns list countries and territories with high overlap.,Country and territory names have strong direct overlap.,Both columns contain country names with a very high degree of direct value overlap.,
freyja-wdc,English_short_name_lower_case_wikipedia-iso-country-codes.csv,title,target_065849.csv,title,"[""Afghanistan"", ""Åland Islands"", ""Albania"", ""Algeria"", ""American Samoa"", ""Andorra"", ""Angola"", ""Anguilla"", ""Antarctica"", ""Antigua and Barbuda"", ""Argentina"", ""Armenia"", ""Aruba"", ""Australia"", ""Austria"", ""Azerbaijan"", ""Bahamas"", ""Bahrain"", ""Bangladesh"", ""Barbados"", ""Belarus"", ""Belgium"", ""Belize"", ""Benin"", ""Bermuda"", ""Bhutan"", ""Bolivia"", ""Bosnia and Herzegovina"", ""Botswana"", ""Bouvet Island"", ""Brazil"", ""British Indian Ocean Territory"", ""Brunei Darussalam"", ""Bulgaria"", ""Burkina Faso"", ""Burundi"", ""Cambodia"", ""Cameroon"", ""Canada"", ""Cape Verde"", ""Cayman Islands"", ""Central African Republic"", ""Chad"", ""Chile"", ""China"", ""Christmas Island"", ""Cocos (Keeling) Islands"", ""Colombia"", ""Comoros"", ""Congo"", ""Congo, the Democratic Republic of the"", ""Cook Islands"", ""Costa Rica"", ""Côte d'Ivoire"", ""Croatia"", ""Cuba"", ""Cyprus"", ""Czech Republic"", ""Denmark"", ""Djibouti"", ""Dominica"", ""Dominican Republic"", ""Ecuador"", ""Egypt""]","[""Afghanistan"", ""African Other"", ""Albania"", ""Algeria"", ""American Samoa"", ""Andorra"", ""Angola"", ""Anguilla"", ""Antarctica"", ""Antigua and Barbuda"", ""Argentina"", ""Armenia"", ""Aruba"", ""Australia"", ""Austria"", ""Azerbaijan"", ""Bahamas"", ""Bahrain"", ""Bangladesh"", ""Barbados"", ""Belarus"", ""Belgium"", ""Belize"", ""Benin"", ""Bermuda"", ""Bhutan"", ""Bolivia"", ""Bosnia-Herzegovina"", ""Botswana"", ""Bouvet Island"", ""Brazil"", ""British Indian Ocean Territory"", ""Brunei Darussalam"", ""Bulgaria"", ""Burkina Faso"", ""Burundi"", ""Cambodia"", ""Cameroon"", ""Canada"", ""Cape Verde"", ""Cayman Islands"", ""Central African Republic"", ""Chad"", ""Chile"", ""China"", ""Christmas Island"", ""CIS-Comm. of Indep. States"", ""Cocos (Keeling) Islands"", ""Columbia"", ""Comoros"", ""Congo"", ""Cook Islands"", ""Costa Rica"", ""Cote D'Ivoire"", ""Croatia"", ""Cuba"", ""Cyprus"", ""Czech Republic"", ""Democratic People's Republic of Korea"", ""Denmark and Iceland"", ""Djibouti"", ""Dominica"", ""Dominican Republic"", ""East Timor""]",equijoin,Both columns list countries and regions with significant overlap.,deepjoin;snoopy,1.0000,0.9700,1.0000,0.9900,1.0000,0.9700,3,True,True,Both columns list countries and regions with significant overlap.,Country-name columns overlap strongly despite an extra region label.,Both columns contain country names with almost perfect exact string overlap.,
freyja-wdc,Name_AdventureWorks2014_CountryRegion.csv,title,target_046326.csv,title,"[""Andorra"", ""United Arab Emirates"", ""Afghanistan"", ""Antigua and Barbuda"", ""Anguilla"", ""Albania"", ""Armenia"", ""Netherlands Antilles"", ""Angola"", ""Antarctica"", ""Argentina"", ""American Samoa"", ""Austria"", ""Australia"", ""Aruba"", ""Azerbaijan"", ""Bosnia and Herzegovina"", ""Barbados"", ""Bangladesh"", ""Belgium"", ""Burkina Faso"", ""Bulgaria"", ""Bahrain"", ""Burundi"", ""Benin"", ""Bermuda"", ""Brunei"", ""Bolivia"", ""Brazil"", ""Bahamas, The"", ""Bhutan"", ""Bouvet Island"", ""Botswana"", ""Belarus"", ""Belize"", ""Canada"", ""Cocos (Keeling) Islands"", ""Congo (DRC)"", ""Central African Republic"", ""Congo"", ""Switzerland"", ""Côte d'Ivoire"", ""Cook Islands"", ""Chile"", ""Cameroon"", ""China"", ""Colombia"", ""Costa Rica"", ""Serbia and Montenegro"", ""Cuba"", ""Cape Verde"", ""Christmas Island"", ""Cyprus"", ""Czech Republic"", ""Germany"", ""Djibouti"", ""Denmark"", ""Dominica"", ""Dominican Republic"", ""Algeria"", ""Ecuador"", ""Estonia"", ""Egypt"", ""Eritrea""]","[""Ascension Island"", ""Andorra"", ""United Arab Emirates"", ""Afghanistan"", ""Antigua And Barbuda"", ""Anguilla"", ""Albania"", ""Armenia"", ""Netherlands Antilles"", ""Angola"", ""Antarctica"", ""Argentina"", ""American Samoa"", ""Austria"", ""Australia"", ""Aruba"", ""Azerbaijan"", ""Bosnia And Herzegowina"", ""Barbados"", ""Belgium"", ""Burkina Faso"", ""Bulgaria"", ""Bahrain"", ""Burundi"", ""Benin"", ""Bermuda"", ""Brunei Darussalam"", ""Bolivia"", ""Brazil"", ""Bahamas"", ""Bhutan"", ""Bouvet Island"", ""Botswana"", ""Belarus"", ""Belize"", ""Canada"", ""Cocos (Keeling) Islands"", ""Congo (Democratic Republic)"", ""Central African Republic"", ""Congo (Republic)"", ""Switzerland"", ""Cote D'Ivoire"", ""Cook Islands"", ""Chile"", ""Cameroon"", ""China"", ""Colombia"", ""Costa Rica"", ""Cuba"", ""Cape Verde"", ""Christmas Island"", ""Cyprus"", ""Czech Republic"", ""Germany"", ""Djibouti"", ""Denmark"", ""Dominica"", ""Dominican Republic"", ""Algeria"", ""Ecuador"", ""Estonia"", ""Egypt"", ""Eritrea"", ""Spain""]",equijoin,Both columns consist of country names suitable for an equijoin.,snoopy,1.0000,0.9800,1.0000,0.9933,1.0000,0.9800,3,True,True,Both columns consist of country names suitable for an equijoin.,Country-region names have very strong direct overlap.,"Both columns contain country names with a very high degree of exact value overlap, making them highly suitable for an equijoin.",
freyja-wdc,Name_world_country.csv,title,target_043592.csv,title,"[""Aruba"", ""Afghanistan"", ""Angola"", ""Anguilla"", ""Albania"", ""Andorra"", ""Netherlands Antilles"", ""United Arab Emirates"", ""Argentina"", ""Armenia"", ""American Samoa"", ""Antarctica"", ""French Southern territories"", ""Antigua and Barbuda"", ""Australia"", ""Austria"", ""Azerbaijan"", ""Burundi"", ""Belgium"", ""Benin"", ""Burkina Faso"", ""Bangladesh"", ""Bulgaria"", ""Bahrain"", ""Bahamas"", ""Bosnia and Herzegovina"", ""Belarus"", ""Belize"", ""Bermuda"", ""Bolivia"", ""Brazil"", ""Barbados"", ""Brunei"", ""Bhutan"", ""Bouvet Island"", ""Botswana"", ""Central African Republic"", ""Canada"", ""Cocos (Keeling) Islands"", ""Switzerland"", ""Chile"", ""China"", ""Côte d’Ivoire"", ""Cameroon"", ""Congo, The Democratic Republic of the"", ""Congo"", ""Cook Islands"", ""Colombia"", ""Comoros"", ""Cape Verde"", ""Costa Rica"", ""Cuba"", ""Christmas Island"", ""Cayman Islands"", ""Cyprus"", ""Czech Republic"", ""Germany"", ""Djibouti"", ""Dominica"", ""Denmark"", ""Dominican Republic"", ""Algeria"", ""Ecuador"", ""Egypt""]","[""African Other"", ""Andorra"", ""United Arab Emirates"", ""Afghanistan"", ""Antigua and Barbuda"", ""Anguilla"", ""Albania"", ""Armenia"", ""Netherlands Antilles"", ""Angola"", ""Antarctica"", ""Argentina"", ""American Samoa"", ""Austria"", ""Australia"", ""Aruba"", ""Azerbaijan"", ""Bosnia-Herzegovina"", ""Barbados"", ""Bangladesh"", ""Belgium"", ""Burkina Faso"", ""Bulgaria"", ""Bahrain"", ""Burundi"", ""Benin"", ""Bermuda"", ""Brunei Darussalam"", ""Bolivia"", ""Brazil"", ""Bahamas"", ""Bhutan"", ""Bouvet Island"", ""Botswana"", ""Belarus"", ""Belize"", ""Canada"", ""Cocos (Keeling) Islands"", ""Central African Republic"", ""Congo"", ""Switzerland"", ""Cote D'Ivoire"", ""Cook Islands"", ""Chile"", ""Cameroon"", ""China"", ""Columbia"", ""Costa Rica"", ""Cuba"", ""Cape Verde"", ""Christmas Island"", ""Cyprus"", ""Czech Republic"", ""Germany"", ""Djibouti"", ""Denmark and Iceland"", ""Dominica"", ""Dominican Republic"", ""Algeria"", ""Ecuador"", ""Estonia"", ""Egypt"", ""Western Sahara"", ""Eritrea""]",equijoin,Both columns represent countries and territories with significant overlap.,deepjoin;snoopy,1.0000,0.9700,1.0000,0.9900,1.0000,0.9700,3,True,True,Both columns represent countries and territories with significant overlap.,Country and territory names have strong direct overlap.,Both columns contain country names with a very high degree of exact string overlap.,
freyja-wdc,Name_world_country.csv,title,target_046326.csv,title,"[""Aruba"", ""Afghanistan"", ""Angola"", ""Anguilla"", ""Albania"", ""Andorra"", ""Netherlands Antilles"", ""United Arab Emirates"", ""Argentina"", ""Armenia"", ""American Samoa"", ""Antarctica"", ""French Southern territories"", ""Antigua and Barbuda"", ""Australia"", ""Austria"", ""Azerbaijan"", ""Burundi"", ""Belgium"", ""Benin"", ""Burkina Faso"", ""Bangladesh"", ""Bulgaria"", ""Bahrain"", ""Bahamas"", ""Bosnia and Herzegovina"", ""Belarus"", ""Belize"", ""Bermuda"", ""Bolivia"", ""Brazil"", ""Barbados"", ""Brunei"", ""Bhutan"", ""Bouvet Island"", ""Botswana"", ""Central African Republic"", ""Canada"", ""Cocos (Keeling) Islands"", ""Switzerland"", ""Chile"", ""China"", ""Côte d’Ivoire"", ""Cameroon"", ""Congo, The Democratic Republic of the"", ""Congo"", ""Cook Islands"", ""Colombia"", ""Comoros"", ""Cape Verde"", ""Costa Rica"", ""Cuba"", ""Christmas Island"", ""Cayman Islands"", ""Cyprus"", ""Czech Republic"", ""Germany"", ""Djibouti"", ""Dominica"", ""Denmark"", ""Dominican Republic"", ""Algeria"", ""Ecuador"", ""Egypt""]","[""Ascension Island"", ""Andorra"", ""United Arab Emirates"", ""Afghanistan"", ""Antigua And Barbuda"", ""Anguilla"", ""Albania"", ""Armenia"", ""Netherlands Antilles"", ""Angola"", ""Antarctica"", ""Argentina"", ""American Samoa"", ""Austria"", ""Australia"", ""Aruba"", ""Azerbaijan"", ""Bosnia And Herzegowina"", ""Barbados"", ""Belgium"", ""Burkina Faso"", ""Bulgaria"", ""Bahrain"", ""Burundi"", ""Benin"", ""Bermuda"", ""Brunei Darussalam"", ""Bolivia"", ""Brazil"", ""Bahamas"", ""Bhutan"", ""Bouvet Island"", ""Botswana"", ""Belarus"", ""Belize"", ""Canada"", ""Cocos (Keeling) Islands"", ""Congo (Democratic Republic)"", ""Central African Republic"", ""Congo (Republic)"", ""Switzerland"", ""Cote D'Ivoire"", ""Cook Islands"", ""Chile"", ""Cameroon"", ""China"", ""Colombia"", ""Costa Rica"", ""Cuba"", ""Cape Verde"", ""Christmas Island"", ""Cyprus"", ""Czech Republic"", ""Germany"", ""Djibouti"", ""Denmark"", ""Dominica"", ""Dominican Republic"", ""Algeria"", ""Ecuador"", ""Estonia"", ""Egypt"", ""Eritrea"", ""Spain""]",equijoin,Both columns list countries and territories.,snoopy,1.0000,0.9700,1.0000,0.9900,1.0000,0.9700,3,True,True,Both columns list countries and territories.,Country and territory names have strong direct overlap.,"Both columns contain country names with a very high degree of exact string overlap, making them highly suitable for an equijoin.",
freyja-wdc,Name_AdventureWorks2014_CountryRegion.csv,title,target_065929.csv,title,"[""Andorra"", ""United Arab Emirates"", ""Afghanistan"", ""Antigua and Barbuda"", ""Anguilla"", ""Albania"", ""Armenia"", ""Netherlands Antilles"", ""Angola"", ""Antarctica"", ""Argentina"", ""American Samoa"", ""Austria"", ""Australia"", ""Aruba"", ""Azerbaijan"", ""Bosnia and Herzegovina"", ""Barbados"", ""Bangladesh"", ""Belgium"", ""Burkina Faso"", ""Bulgaria"", ""Bahrain"", ""Burundi"", ""Benin"", ""Bermuda"", ""Brunei"", ""Bolivia"", ""Brazil"", ""Bahamas, The"", ""Bhutan"", ""Bouvet Island"", ""Botswana"", ""Belarus"", ""Belize"", ""Canada"", ""Cocos (Keeling) Islands"", ""Congo (DRC)"", ""Central African Republic"", ""Congo"", ""Switzerland"", ""Côte d'Ivoire"", ""Cook Islands"", ""Chile"", ""Cameroon"", ""China"", ""Colombia"", ""Costa Rica"", ""Serbia and Montenegro"", ""Cuba"", ""Cape Verde"", ""Christmas Island"", ""Cyprus"", ""Czech Republic"", ""Germany"", ""Djibouti"", ""Denmark"", ""Dominica"", ""Dominican Republic"", ""Algeria"", ""Ecuador"", ""Estonia"", ""Egypt"", ""Eritrea""]","[""Andorra"", ""United Arab Emirates"", ""Afghanistan"", ""Antigua and Barbuda"", ""Anguilla"", ""Albania"", ""Armenia"", ""Angola"", ""Antarctica"", ""Argentina"", ""Austria"", ""Australia"", ""Aruba"", ""Azerbaijan"", ""Bosnia-Herzegovina"", ""Barbados"", ""Bangladesh"", ""Belgium"", ""Burkina Faso"", ""Bulgaria"", ""Bahrain"", ""Burundi"", ""Benin"", ""Bermuda"", ""Brunei"", ""Bolivia"", ""Brazil"", ""Bahamas"", ""Bhutan"", ""Bouvet Island"", ""Botswana"", ""Belarus"", ""Belize"", ""Canada"", ""Cocos (Keeling) Islands"", ""Democratic Republic of the Congo"", ""Central African Republic"", ""Republic of the Congo"", ""Switzerland"", ""Ivory Coast"", ""Cook Islands"", ""Chile"", ""Cameroon"", ""People's Republic China"", ""Colombia"", ""Costa Rica"", ""Cuba"", ""Cape Verde"", ""Christmas Island"", ""Cyprus"", ""Czech Republic"", ""Germany"", ""Djibouti"", ""Denmark"", ""Dominica"", ""Dominican Republic"", ""Algeria"", ""Ecuador"", ""Estonia"", ""Egypt"", ""Western Sahara"", ""Eritrea"", ""Spain"", ""Ethiopia""]",equijoin,Both columns represent countries and share many values.,deepjoin;snoopy,1.0000,0.9700,1.0000,0.9900,1.0000,0.9700,3,True,True,Both columns represent countries and share many values.,Country-region names directly match after light normalization.,"Both columns contain country names with a very high degree of exact string overlap, making them highly suitable for an equijoin.",
freyja-wdc,English_short_name_lower_case_wikipedia-iso-country-codes.csv,title,target_060950.csv,title,"[""Afghanistan"", ""Åland Islands"", ""Albania"", ""Algeria"", ""American Samoa"", ""Andorra"", ""Angola"", ""Anguilla"", ""Antarctica"", ""Antigua and Barbuda"", ""Argentina"", ""Armenia"", ""Aruba"", ""Australia"", ""Austria"", ""Azerbaijan"", ""Bahamas"", ""Bahrain"", ""Bangladesh"", ""Barbados"", ""Belarus"", ""Belgium"", ""Belize"", ""Benin"", ""Bermuda"", ""Bhutan"", ""Bolivia"", ""Bosnia and Herzegovina"", ""Botswana"", ""Bouvet Island"", ""Brazil"", ""British Indian Ocean Territory"", ""Brunei Darussalam"", ""Bulgaria"", ""Burkina Faso"", ""Burundi"", ""Cambodia"", ""Cameroon"", ""Canada"", ""Cape Verde"", ""Cayman Islands"", ""Central African Republic"", ""Chad"", ""Chile"", ""China"", ""Christmas Island"", ""Cocos (Keeling) Islands"", ""Colombia"", ""Comoros"", ""Congo"", ""Congo, the Democratic Republic of the"", ""Cook Islands"", ""Costa Rica"", ""Côte d'Ivoire"", ""Croatia"", ""Cuba"", ""Cyprus"", ""Czech Republic"", ""Denmark"", ""Djibouti"", ""Dominica"", ""Dominican Republic"", ""Ecuador"", ""Egypt""]","[""Afghanistan"", ""Akrotiri"", ""Albania"", ""Algeria"", ""American Samoa"", ""Andorra"", ""Angola"", ""Anguilla"", ""Antigua and Barbuda"", ""Argentina"", ""Armenia"", ""Aruba"", ""Australia"", ""Austria"", ""Azerbaijan"", ""Bahrain"", ""Bangladesh"", ""Barbados"", ""Belarus"", ""Belgium"", ""Belize"", ""Benin"", ""Bermuda"", ""Bhutan"", ""Bolivia"", ""Bosnia and Herzegovina"", ""Botswana"", ""Brazil"", ""British Indian Ocean Territory"", ""British Virgin Islands"", ""Brunei"", ""Bulgaria"", ""Burkina Faso"", ""Burma"", ""Burundi"", ""Cambodia"", ""Cameroon"", ""Canada"", ""Cape Verde"", ""Cayman Islands"", ""Central African Republic"", ""Chad"", ""Chile"", ""China"", ""Christmas Island"", ""Cocos (Keeling) Islands"", ""Colombia"", ""Comoros"", ""Congo, Republic of the"", ""Cook Islands"", ""Costa Rica"", ""Cote d'Ivoire"", ""Croatia"", ""Cuba"", ""Cyprus"", ""Czech Republic"", ""Democratic Republic of the Congo"", ""Denmark"", ""Dhekelia"", ""Djibouti"", ""Dominica"", ""Dominican Republic"", ""East Timor"", ""Ecuador""]",equijoin,Both columns list countries and territories with high overlap.,snoopy,1.0000,0.9700,1.0000,0.9900,1.0000,0.9700,3,True,True,Both columns list countries and territories with high overlap.,Country-name columns have strong direct overlap with minor extras.,"Both columns contain country names with a very high degree of exact string overlap, making them perfect for an equijoin.",
freyja-wdc,name_countries_and_continents.csv,title,target_005422.csv,title,"[""Afghanistan"", ""Albania"", ""Algeria"", ""American Samoa"", ""Andorra"", ""Angola"", ""Anguilla"", ""Antarctica"", ""Antigua & Barbuda"", ""Argentina"", ""Armenia"", ""Aruba"", ""Australia"", ""Austria"", ""Azerbaijan"", ""Bahamas"", ""Bahrain"", ""Bangladesh"", ""Barbados"", ""Belarus"", ""Belgium"", ""Belize"", ""Benin"", ""Bermuda"", ""Bhutan"", ""Bolivia"", ""Bosnia"", ""Botswana"", ""Bouvet Island"", ""Brazil"", ""British Indian Ocean Territory"", ""British Virgin Islands"", ""Brunei"", ""Bulgaria"", ""Burkina Faso"", ""Burundi"", ""Cambodia"", ""Cameroon"", ""Canada"", ""Cape Verde"", ""Caribbean Netherlands"", ""Cayman Islands"", ""Central African Republic"", ""Chad"", ""Chile"", ""China"", ""Christmas Island"", ""Cocos (Keeling) Islands"", ""Colombia"", ""Comoros"", ""Congo - Brazzaville"", ""Congo - Kinshasa"", ""Cook Islands"", ""Costa Rica"", ""Croatia"", ""Cuba"", ""Curaçao"", ""Cyprus"", ""Czech Republic"", ""Côte d’Ivoire"", ""Denmark"", ""Djibouti"", ""Dominica"", ""Dominican Republic""]","[""Afghanistan"", ""Åland Islands"", ""Albania"", ""Algeria"", ""American Samoa"", ""Andorra"", ""Angola"", ""Anguilla"", ""Antarctica"", ""Antigua and Barbuda"", ""Argentina"", ""Armenia"", ""Aruba"", ""Australia"", ""Austria"", ""Azerbaijan"", ""Bahamas"", ""Bahrain"", ""Bangladesh"", ""Barbados"", ""Belarus"", ""Belgium"", ""Belize"", ""Benin"", ""Bermuda"", ""Bhutan"", ""Bolivia"", ""Bosnia and Herzegovina"", ""Botswana"", ""Bouvet Island"", ""Brazil"", ""British Indian Ocean Territory"", ""Brunei Darussalam"", ""Bulgaria"", ""Burkina Faso"", ""Burundi"", ""Cambodia"", ""Cameroon"", ""Canada"", ""Cape Verde"", ""Cayman Islands"", ""Central African Republic"", ""Chad"", ""Chile"", ""China"", ""Christmas Island"", ""Cocos (Keeling) Islands"", ""Colombia"", ""Comoros"", ""Congo"", ""Congo, the Democratic Republic of the"", ""Cook Islands"", ""Costa Rica"", ""Côte D'Ivoire"", ""Croatia"", ""Cuba"", ""Cyprus"", ""Czech Republic"", ""Denmark"", ""Djibouti"", ""Dominica"", ""Dominican Republic"", ""Ecuador"", ""Egypt""]",equijoin,Both attributes represent countries and share many identical values.,snoopy,1.0000,0.9700,1.0000,0.9900,1.0000,0.9700,3,True,True,Both attributes represent countries and share many identical values.,Country-name columns have strong direct overlap.,"Both columns contain country names with a very high degree of exact string overlap, making them highly joinable via equijoin.",
freyja-wdc,English_short_name_lower_case_wikipedia-iso-country-codes.csv,title,target_000063.csv,title,"[""Afghanistan"", ""Åland Islands"", ""Albania"", ""Algeria"", ""American Samoa"", ""Andorra"", ""Angola"", ""Anguilla"", ""Antarctica"", ""Antigua and Barbuda"", ""Argentina"", ""Armenia"", ""Aruba"", ""Australia"", ""Austria"", ""Azerbaijan"", ""Bahamas"", ""Bahrain"", ""Bangladesh"", ""Barbados"", ""Belarus"", ""Belgium"", ""Belize"", ""Benin"", ""Bermuda"", ""Bhutan"", ""Bolivia"", ""Bosnia and Herzegovina"", ""Botswana"", ""Bouvet Island"", ""Brazil"", ""British Indian Ocean Territory"", ""Brunei Darussalam"", ""Bulgaria"", ""Burkina Faso"", ""Burundi"", ""Cambodia"", ""Cameroon"", ""Canada"", ""Cape Verde"", ""Cayman Islands"", ""Central African Republic"", ""Chad"", ""Chile"", ""China"", ""Christmas Island"", ""Cocos (Keeling) Islands"", ""Colombia"", ""Comoros"", ""Congo"", ""Congo, the Democratic Republic of the"", ""Cook Islands"", ""Costa Rica"", ""Côte d'Ivoire"", ""Croatia"", ""Cuba"", ""Cyprus"", ""Czech Republic"", ""Denmark"", ""Djibouti"", ""Dominica"", ""Dominican Republic"", ""Ecuador"", ""Egypt""]","[""Afghanistan"", ""Albania"", ""Algeria"", ""American Samoa"", ""Angola"", ""Anguilla"", ""Antarctica"", ""Antigua and Barbuda"", ""Argentina"", ""Armenia"", ""Aruba"", ""Australia"", ""Austria"", ""Azerbaijan"", ""Bahamas, The"", ""Bahrain"", ""Bangladesh"", ""Barbados"", ""Belarus"", ""Belgium"", ""Belize"", ""Benin"", ""Bermuda"", ""Bhutan"", ""Bolivia"", ""Bosnia and Herzegovina"", ""Botswana"", ""Brazil"", ""British Indian Ocean Territory"", ""British Virgin Islands"", ""Brunei"", ""Bulgaria"", ""Burkina Faso"", ""Burma"", ""Burundi"", ""Cabo Verde"", ""Cambodia"", ""Cameroon"", ""Canada"", ""Cayman Islands"", ""Central African Republic"", ""Chad"", ""Chile"", ""China"", ""Christmas Island"", ""Cocos (Keeling) Islands"", ""Colombia"", ""Comoros"", ""Congo, Democratic Republic of the"", ""Congo, Republic of the"", ""Cook Islands"", ""Costa Rica"", ""Cote d'Ivoire"", ""Croatia"", ""Cuba"", ""Cyprus"", ""Czech Republic"", ""Denmark"", ""Djibouti"", ""Dominica"", ""Dominican Republic"", ""Ecuador"", ""Egypt"", ""El Salvador""]",equijoin,"Both columns represent country names with high overlap and minor variations like """"Bahamas, The"""".",deepjoin,1.0000,0.9700,1.0000,0.9900,1.0000,0.9700,3,True,True,"Both columns represent country names with high overlap and minor variations like """"Bahamas, The"""".",Country-name columns have strong direct overlap with minor extras.,"Both columns contain country names with a very high degree of exact string overlap, making them highly suitable for an equijoin.",
freyja-wdc,English_short_name_lower_case_wikipedia-iso-country-codes.csv,title,target_037203.csv,title,"[""Afghanistan"", ""Åland Islands"", ""Albania"", ""Algeria"", ""American Samoa"", ""Andorra"", ""Angola"", ""Anguilla"", ""Antarctica"", ""Antigua and Barbuda"", ""Argentina"", ""Armenia"", ""Aruba"", ""Australia"", ""Austria"", ""Azerbaijan"", ""Bahamas"", ""Bahrain"", ""Bangladesh"", ""Barbados"", ""Belarus"", ""Belgium"", ""Belize"", ""Benin"", ""Bermuda"", ""Bhutan"", ""Bolivia"", ""Bosnia and Herzegovina"", ""Botswana"", ""Bouvet Island"", ""Brazil"", ""British Indian Ocean Territory"", ""Brunei Darussalam"", ""Bulgaria"", ""Burkina Faso"", ""Burundi"", ""Cambodia"", ""Cameroon"", ""Canada"", ""Cape Verde"", ""Cayman Islands"", ""Central African Republic"", ""Chad"", ""Chile"", ""China"", ""Christmas Island"", ""Cocos (Keeling) Islands"", ""Colombia"", ""Comoros"", ""Congo"", ""Congo, the Democratic Republic of the"", ""Cook Islands"", ""Costa Rica"", ""Côte d'Ivoire"", ""Croatia"", ""Cuba"", ""Cyprus"", ""Czech Republic"", ""Denmark"", ""Djibouti"", ""Dominica"", ""Dominican Republic"", ""Ecuador"", ""Egypt""]","[""Afghanistan"", ""Albania"", ""Algeria"", ""American Samoa"", ""Angola"", ""Anguilla"", ""Antarctica"", ""Antigua and Barbuda"", ""Argentina"", ""Armenia"", ""Aruba"", ""Australia"", ""Austria"", ""Azerbaijan"", ""Bahamas, The"", ""Bahrain"", ""Bangladesh"", ""Barbados"", ""Belarus"", ""Belgium"", ""Belize"", ""Benin"", ""Bermuda"", ""Bhutan"", ""Bolivia"", ""Bosnia and Herzegovina"", ""Botswana"", ""Brazil"", ""British Indian Ocean Territory"", ""British Virgin Islands"", ""Brunei"", ""Bulgaria"", ""Burkina Faso"", ""Burma"", ""Burundi"", ""Cabo Verde"", ""Cambodia"", ""Cameroon"", ""Canada"", ""Cayman Islands"", ""Central African Republic"", ""Chad"", ""Chile"", ""China"", ""Christmas Island"", ""Cocos (Keeling) Islands"", ""Colombia"", ""Comoros"", ""Congo, Democratic Republic of the"", ""Congo, Republic of the"", ""Cook Islands"", ""Costa Rica"", ""Cote d'Ivoire"", ""Croatia"", ""Cuba"", ""Cyprus"", ""Czech Republic"", ""Denmark"", ""Djibouti"", ""Dominica"", ""Dominican Republic"", ""Ecuador"", ""Egypt"", ""El Salvador""]",equijoin,Both columns represent country names with high overlap and standard naming variations.,deepjoin,1.0000,0.9700,1.0000,0.9900,1.0000,0.9700,3,True,True,Both columns represent country names with high overlap and standard naming variations.,Country-name columns have strong direct overlap with minor omissions.,"Both columns contain country names with a very high degree of exact string overlap, making them highly suitable for an equijoin.",
freyja-wdc,Country_countries_of_the_world.csv,title,target_007507.csv,title,"[""Afghanistan"", ""Albania"", ""Algeria"", ""American Samoa"", ""Andorra"", ""Angola"", ""Anguilla"", ""Antigua & Barbuda"", ""Argentina"", ""Armenia"", ""Aruba"", ""Australia"", ""Austria"", ""Azerbaijan"", ""Bahamas"", ""Bahrain"", ""Bangladesh"", ""Barbados"", ""Belarus"", ""Belgium"", ""Belize"", ""Benin"", ""Bermuda"", ""Bhutan"", ""Bolivia"", ""Bosnia & Herzegovina"", ""Botswana"", ""Brazil"", ""British Virgin Is."", ""Brunei"", ""Bulgaria"", ""Burkina Faso"", ""Burma"", ""Burundi"", ""Cambodia"", ""Cameroon"", ""Canada"", ""Cape Verde"", ""Cayman Islands"", ""Central African Rep."", ""Chad"", ""Chile"", ""China"", ""Colombia"", ""Comoros"", ""Congo"", ""Cook Islands"", ""Costa Rica"", ""Cote d'Ivoire"", ""Croatia"", ""Cuba"", ""Cyprus"", ""Czech Republic"", ""Denmark"", ""Djibouti"", ""Dominica"", ""Dominican Republic"", ""East Timor"", ""Ecuador"", ""Egypt"", ""El Salvador"", ""Equatorial Guinea"", ""Eritrea"", ""Estonia""]","[""Afghanistan"", ""Albania"", ""Algeria"", ""American Samoa"", ""Andorra"", ""Angola"", ""Anguilla"", ""Antigua and Barbuda"", ""Argentina"", ""Armenia"", ""Aruba"", ""Australia"", ""Austria"", ""Azerbaijan"", ""Bahamas"", ""Bahrain"", ""Bangladesh"", ""Barbados"", ""Belarus"", ""Belgium"", ""Belize"", ""Benin"", ""Bermuda"", ""Bhutan"", ""Bolivia"", ""Bosnia and Herzegovina"", ""Botswana"", ""Brazil"", ""British Virgin Islands"", ""Brunei"", ""Bulgaria"", ""Burkina Faso"", ""Burundi"", ""Cambodia"", ""Cameroon"", ""Canada"", ""Cape Verde"", ""Cayman Islands"", ""Central African Republic"", ""Chad"", ""Chile"", ""China"", ""Christmas Island"", ""Cocos (Keeling) Islands"", ""Colombia"", ""Comoros"", ""Congo-Kinshasa"", ""Congo-Brazzaville"", ""Cook Islands"", ""Costa Rica"", ""Cote d'Ivoire (Ivory Coast)"", ""Croatia"", ""Cuba"", ""Cyprus"", ""Czech Republic"", ""Denmark"", ""Djibouti"", ""Dominica"", ""Dominican Republic"", ""East Timor"", ""Ecuador"", ""Egypt"", ""El Salvador"", ""Equatorial Guinea""]",equijoin,Both columns contain country names with significant overlap despite minor formatting differences.,snoopy,1.0000,0.9800,1.0000,0.9933,1.0000,0.9800,3,True,True,Both columns contain country names with significant overlap despite minor formatting differences.,Country-name columns directly overlap at high coverage.,Both columns contain country names with a very high degree of exact string overlap.,
freyja-wdc,English_short_name_lower_case_wikipedia-iso-country-codes.csv,title,target_004488.csv,title,"[""Afghanistan"", ""Åland Islands"", ""Albania"", ""Algeria"", ""American Samoa"", ""Andorra"", ""Angola"", ""Anguilla"", ""Antarctica"", ""Antigua and Barbuda"", ""Argentina"", ""Armenia"", ""Aruba"", ""Australia"", ""Austria"", ""Azerbaijan"", ""Bahamas"", ""Bahrain"", ""Bangladesh"", ""Barbados"", ""Belarus"", ""Belgium"", ""Belize"", ""Benin"", ""Bermuda"", ""Bhutan"", ""Bolivia"", ""Bosnia and Herzegovina"", ""Botswana"", ""Bouvet Island"", ""Brazil"", ""British Indian Ocean Territory"", ""Brunei Darussalam"", ""Bulgaria"", ""Burkina Faso"", ""Burundi"", ""Cambodia"", ""Cameroon"", ""Canada"", ""Cape Verde"", ""Cayman Islands"", ""Central African Republic"", ""Chad"", ""Chile"", ""China"", ""Christmas Island"", ""Cocos (Keeling) Islands"", ""Colombia"", ""Comoros"", ""Congo"", ""Congo, the Democratic Republic of the"", ""Cook Islands"", ""Costa Rica"", ""Côte d'Ivoire"", ""Croatia"", ""Cuba"", ""Cyprus"", ""Czech Republic"", ""Denmark"", ""Djibouti"", ""Dominica"", ""Dominican Republic"", ""Ecuador"", ""Egypt""]","[""Afghanistan"", ""Akrotiri"", ""Albania"", ""Algeria"", ""American Samoa"", ""Andorra"", ""Angola"", ""Anguilla"", ""Antigua and Barbuda"", ""Argentina"", ""Armenia"", ""Aruba"", ""Australia"", ""Austria"", ""Azerbaijan"", ""Bahrain"", ""Bangladesh"", ""Barbados"", ""Belarus"", ""Belgium"", ""Belize"", ""Benin"", ""Bermuda"", ""Bhutan"", ""Bolivia"", ""Bosnia and Herzegovina"", ""Botswana"", ""Brazil"", ""British Virgin Islands"", ""Brunei"", ""Bulgaria"", ""Burkina Faso"", ""Burma"", ""Burundi"", ""Cambodia"", ""Cameroon"", ""Canada"", ""Cape Verde"", ""Cayman Islands"", ""Central African Republic"", ""Chad"", ""Chile"", ""China"", ""Christmas Island"", ""Cocos (Keeling) Islands"", ""Colombia"", ""Comoros"", ""Congo, Republic of the"", ""Cook Islands"", ""Costa Rica"", ""Cote d'Ivoire"", ""Croatia"", ""Cuba"", ""Cyprus"", ""Czech Republic"", ""Democratic Republic of the Congo"", ""Denmark"", ""Dhekelia"", ""Djibouti"", ""Dominica"", ""Dominican Republic"", ""East Timor"", ""Ecuador"", ""Egypt""]",equijoin,"Both columns contain country names with high overlap, despite some alternative namings like """"Burma"""".",deepjoin,1.0000,0.9700,1.0000,0.9900,1.0000,0.9700,3,True,True,"Both columns contain country names with high overlap, despite some alternative namings like """"Burma"""".",Country-name columns have strong direct overlap with minor extras.,"Both columns contain country names with a very high degree of exact string overlap, making them perfectly suitable for an equijoin.",
freyja-wdc,Name_world_country.csv,title,target_007507.csv,title,"[""Aruba"", ""Afghanistan"", ""Angola"", ""Anguilla"", ""Albania"", ""Andorra"", ""Netherlands Antilles"", ""United Arab Emirates"", ""Argentina"", ""Armenia"", ""American Samoa"", ""Antarctica"", ""French Southern territories"", ""Antigua and Barbuda"", ""Australia"", ""Austria"", ""Azerbaijan"", ""Burundi"", ""Belgium"", ""Benin"", ""Burkina Faso"", ""Bangladesh"", ""Bulgaria"", ""Bahrain"", ""Bahamas"", ""Bosnia and Herzegovina"", ""Belarus"", ""Belize"", ""Bermuda"", ""Bolivia"", ""Brazil"", ""Barbados"", ""Brunei"", ""Bhutan"", ""Bouvet Island"", ""Botswana"", ""Central African Republic"", ""Canada"", ""Cocos (Keeling) Islands"", ""Switzerland"", ""Chile"", ""China"", ""Côte d’Ivoire"", ""Cameroon"", ""Congo, The Democratic Republic of the"", ""Congo"", ""Cook Islands"", ""Colombia"", ""Comoros"", ""Cape Verde"", ""Costa Rica"", ""Cuba"", ""Christmas Island"", ""Cayman Islands"", ""Cyprus"", ""Czech Republic"", ""Germany"", ""Djibouti"", ""Dominica"", ""Denmark"", ""Dominican Republic"", ""Algeria"", ""Ecuador"", ""Egypt""]","[""Afghanistan"", ""Albania"", ""Algeria"", ""American Samoa"", ""Andorra"", ""Angola"", ""Anguilla"", ""Antigua and Barbuda"", ""Argentina"", ""Armenia"", ""Aruba"", ""Australia"", ""Austria"", ""Azerbaijan"", ""Bahamas"", ""Bahrain"", ""Bangladesh"", ""Barbados"", ""Belarus"", ""Belgium"", ""Belize"", ""Benin"", ""Bermuda"", ""Bhutan"", ""Bolivia"", ""Bosnia and Herzegovina"", ""Botswana"", ""Brazil"", ""British Virgin Islands"", ""Brunei"", ""Bulgaria"", ""Burkina Faso"", ""Burundi"", ""Cambodia"", ""Cameroon"", ""Canada"", ""Cape Verde"", ""Cayman Islands"", ""Central African Republic"", ""Chad"", ""Chile"", ""China"", ""Christmas Island"", ""Cocos (Keeling) Islands"", ""Colombia"", ""Comoros"", ""Congo-Kinshasa"", ""Congo-Brazzaville"", ""Cook Islands"", ""Costa Rica"", ""Cote d'Ivoire (Ivory Coast)"", ""Croatia"", ""Cuba"", ""Cyprus"", ""Czech Republic"", ""Denmark"", ""Djibouti"", ""Dominica"", ""Dominican Republic"", ""East Timor"", ""Ecuador"", ""Egypt"", ""El Salvador"", ""Equatorial Guinea""]",equijoin,Both columns represent countries with high overlap despite minor naming variations.,deepjoin;snoopy,1.0000,0.9600,1.0000,0.9867,1.0000,0.9600,3,True,True,Both columns represent countries with high overlap despite minor naming variations.,Country and territory names overlap strongly but not completely.,"Both columns contain country names with a very high degree of exact string overlap, making them perfectly suitable for an equijoin.",
freyja-wdc,Name_world_country.csv,title,target_065929.csv,title,"[""Aruba"", ""Afghanistan"", ""Angola"", ""Anguilla"", ""Albania"", ""Andorra"", ""Netherlands Antilles"", ""United Arab Emirates"", ""Argentina"", ""Armenia"", ""American Samoa"", ""Antarctica"", ""French Southern territories"", ""Antigua and Barbuda"", ""Australia"", ""Austria"", ""Azerbaijan"", ""Burundi"", ""Belgium"", ""Benin"", ""Burkina Faso"", ""Bangladesh"", ""Bulgaria"", ""Bahrain"", ""Bahamas"", ""Bosnia and Herzegovina"", ""Belarus"", ""Belize"", ""Bermuda"", ""Bolivia"", ""Brazil"", ""Barbados"", ""Brunei"", ""Bhutan"", ""Bouvet Island"", ""Botswana"", ""Central African Republic"", ""Canada"", ""Cocos (Keeling) Islands"", ""Switzerland"", ""Chile"", ""China"", ""Côte d’Ivoire"", ""Cameroon"", ""Congo, The Democratic Republic of the"", ""Congo"", ""Cook Islands"", ""Colombia"", ""Comoros"", ""Cape Verde"", ""Costa Rica"", ""Cuba"", ""Christmas Island"", ""Cayman Islands"", ""Cyprus"", ""Czech Republic"", ""Germany"", ""Djibouti"", ""Dominica"", ""Denmark"", ""Dominican Republic"", ""Algeria"", ""Ecuador"", ""Egypt""]","[""Andorra"", ""United Arab Emirates"", ""Afghanistan"", ""Antigua and Barbuda"", ""Anguilla"", ""Albania"", ""Armenia"", ""Angola"", ""Antarctica"", ""Argentina"", ""Austria"", ""Australia"", ""Aruba"", ""Azerbaijan"", ""Bosnia-Herzegovina"", ""Barbados"", ""Bangladesh"", ""Belgium"", ""Burkina Faso"", ""Bulgaria"", ""Bahrain"", ""Burundi"", ""Benin"", ""Bermuda"", ""Brunei"", ""Bolivia"", ""Brazil"", ""Bahamas"", ""Bhutan"", ""Bouvet Island"", ""Botswana"", ""Belarus"", ""Belize"", ""Canada"", ""Cocos (Keeling) Islands"", ""Democratic Republic of the Congo"", ""Central African Republic"", ""Republic of the Congo"", ""Switzerland"", ""Ivory Coast"", ""Cook Islands"", ""Chile"", ""Cameroon"", ""People's Republic China"", ""Colombia"", ""Costa Rica"", ""Cuba"", ""Cape Verde"", ""Christmas Island"", ""Cyprus"", ""Czech Republic"", ""Germany"", ""Djibouti"", ""Denmark"", ""Dominica"", ""Dominican Republic"", ""Algeria"", ""Ecuador"", ""Estonia"", ""Egypt"", ""Western Sahara"", ""Eritrea"", ""Spain"", ""Ethiopia""]",equijoin,Both columns contain country names.,semsketch,1.0000,0.9600,1.0000,0.9867,1.0000,0.9600,3,True,True,Both columns contain country names.,Country and territory names overlap strongly but not completely.,Both columns contain country names with a very high degree of exact value overlap.,
freyja-wdc,official_name_en_countries_and_continents.csv,title,target_005422.csv,title,"[""Channel Islands"", ""Sark"", ""Afghanistan"", ""Albania"", ""Algeria"", ""American Samoa"", ""Andorra"", ""Angola"", ""Anguilla"", ""Antigua and Barbuda"", ""Argentina"", ""Armenia"", ""Aruba"", ""Australia"", ""Austria"", ""Azerbaijan"", ""Bahamas"", ""Bahrain"", ""Bangladesh"", ""Barbados"", ""Belarus"", ""Belgium"", ""Belize"", ""Benin"", ""Bermuda"", ""Bhutan"", ""Bolivia (Plurinational State of)"", ""Bosnia and Herzegovina"", ""Botswana"", ""Brazil"", ""British Virgin Islands"", ""Brunei Darussalam"", ""Bulgaria"", ""Burkina Faso"", ""Burundi"", ""Cambodia"", ""Cameroon"", ""Canada"", ""Cabo Verde"", ""Bonaire, Sint Eustatius and Saba"", ""Cayman Islands"", ""Central African Republic"", ""Chad"", ""Chile"", ""China"", ""Colombia"", ""Comoros"", ""Congo"", ""Democratic Republic of the Congo"", ""Cook Islands"", ""Costa Rica"", ""Croatia"", ""Cuba"", ""Curaçao"", ""Cyprus"", ""Czechia"", ""Côte d'Ivoire"", ""Denmark"", ""Djibouti"", ""Dominica"", ""Dominican Republic"", ""Ecuador"", ""Egypt"", ""El Salvador""]","[""Afghanistan"", ""Åland Islands"", ""Albania"", ""Algeria"", ""American Samoa"", ""Andorra"", ""Angola"", ""Anguilla"", ""Antarctica"", ""Antigua and Barbuda"", ""Argentina"", ""Armenia"", ""Aruba"", ""Australia"", ""Austria"", ""Azerbaijan"", ""Bahamas"", ""Bahrain"", ""Bangladesh"", ""Barbados"", ""Belarus"", ""Belgium"", ""Belize"", ""Benin"", ""Bermuda"", ""Bhutan"", ""Bolivia"", ""Bosnia and Herzegovina"", ""Botswana"", ""Bouvet Island"", ""Brazil"", ""British Indian Ocean Territory"", ""Brunei Darussalam"", ""Bulgaria"", ""Burkina Faso"", ""Burundi"", ""Cambodia"", ""Cameroon"", ""Canada"", ""Cape Verde"", ""Cayman Islands"", ""Central African Republic"", ""Chad"", ""Chile"", ""China"", ""Christmas Island"", ""Cocos (Keeling) Islands"", ""Colombia"", ""Comoros"", ""Congo"", ""Congo, the Democratic Republic of the"", ""Cook Islands"", ""Costa Rica"", ""Côte D'Ivoire"", ""Croatia"", ""Cuba"", ""Cyprus"", ""Czech Republic"", ""Denmark"", ""Djibouti"", ""Dominica"", ""Dominican Republic"", ""Ecuador"", ""Egypt""]",equijoin,Both columns list countries and territories with high overlap.,snoopy,1.0000,0.9600,1.0000,0.9867,1.0000,0.9600,3,True,True,Both columns list countries and territories with high overlap.,Official English names overlap strongly with country-name candidates.,"Both columns contain country and territory names with a very high degree of exact string overlap, making them highly suitable for an equijoin.",
freyja-wdc,Name_AdventureWorks2014_CountryRegion.csv,title,target_005422.csv,title,"[""Andorra"", ""United Arab Emirates"", ""Afghanistan"", ""Antigua and Barbuda"", ""Anguilla"", ""Albania"", ""Armenia"", ""Netherlands Antilles"", ""Angola"", ""Antarctica"", ""Argentina"", ""American Samoa"", ""Austria"", ""Australia"", ""Aruba"", ""Azerbaijan"", ""Bosnia and Herzegovina"", ""Barbados"", ""Bangladesh"", ""Belgium"", ""Burkina Faso"", ""Bulgaria"", ""Bahrain"", ""Burundi"", ""Benin"", ""Bermuda"", ""Brunei"", ""Bolivia"", ""Brazil"", ""Bahamas, The"", ""Bhutan"", ""Bouvet Island"", ""Botswana"", ""Belarus"", ""Belize"", ""Canada"", ""Cocos (Keeling) Islands"", ""Congo (DRC)"", ""Central African Republic"", ""Congo"", ""Switzerland"", ""Côte d'Ivoire"", ""Cook Islands"", ""Chile"", ""Cameroon"", ""China"", ""Colombia"", ""Costa Rica"", ""Serbia and Montenegro"", ""Cuba"", ""Cape Verde"", ""Christmas Island"", ""Cyprus"", ""Czech Republic"", ""Germany"", ""Djibouti"", ""Denmark"", ""Dominica"", ""Dominican Republic"", ""Algeria"", ""Ecuador"", ""Estonia"", ""Egypt"", ""Eritrea""]","[""Afghanistan"", ""Åland Islands"", ""Albania"", ""Algeria"", ""American Samoa"", ""Andorra"", ""Angola"", ""Anguilla"", ""Antarctica"", ""Antigua and Barbuda"", ""Argentina"", ""Armenia"", ""Aruba"", ""Australia"", ""Austria"", ""Azerbaijan"", ""Bahamas"", ""Bahrain"", ""Bangladesh"", ""Barbados"", ""Belarus"", ""Belgium"", ""Belize"", ""Benin"", ""Bermuda"", ""Bhutan"", ""Bolivia"", ""Bosnia and Herzegovina"", ""Botswana"", ""Bouvet Island"", ""Brazil"", ""British Indian Ocean Territory"", ""Brunei Darussalam"", ""Bulgaria"", ""Burkina Faso"", ""Burundi"", ""Cambodia"", ""Cameroon"", ""Canada"", ""Cape Verde"", ""Cayman Islands"", ""Central African Republic"", ""Chad"", ""Chile"", ""China"", ""Christmas Island"", ""Cocos (Keeling) Islands"", ""Colombia"", ""Comoros"", ""Congo"", ""Congo, the Democratic Republic of the"", ""Cook Islands"", ""Costa Rica"", ""Côte D'Ivoire"", ""Croatia"", ""Cuba"", ""Cyprus"", ""Czech Republic"", ""Denmark"", ""Djibouti"", ""Dominica"", ""Dominican Republic"", ""Ecuador"", ""Egypt""]",equijoin,Both columns list country names and share many identical values.,snoopy,1.0000,0.9600,1.0000,0.9867,1.0000,0.9600,3,True,True,Both columns list country names and share many identical values.,Country-region names overlap strongly with country-name candidates.,Both columns contain country names with a very high degree of exact string overlap.,
freyja-wdc,Name_AdventureWorks2014_CountryRegion.csv,title,target_020486.csv,title,"[""Andorra"", ""United Arab Emirates"", ""Afghanistan"", ""Antigua and Barbuda"", ""Anguilla"", ""Albania"", ""Armenia"", ""Netherlands Antilles"", ""Angola"", ""Antarctica"", ""Argentina"", ""American Samoa"", ""Austria"", ""Australia"", ""Aruba"", ""Azerbaijan"", ""Bosnia and Herzegovina"", ""Barbados"", ""Bangladesh"", ""Belgium"", ""Burkina Faso"", ""Bulgaria"", ""Bahrain"", ""Burundi"", ""Benin"", ""Bermuda"", ""Brunei"", ""Bolivia"", ""Brazil"", ""Bahamas, The"", ""Bhutan"", ""Bouvet Island"", ""Botswana"", ""Belarus"", ""Belize"", ""Canada"", ""Cocos (Keeling) Islands"", ""Congo (DRC)"", ""Central African Republic"", ""Congo"", ""Switzerland"", ""Côte d'Ivoire"", ""Cook Islands"", ""Chile"", ""Cameroon"", ""China"", ""Colombia"", ""Costa Rica"", ""Serbia and Montenegro"", ""Cuba"", ""Cape Verde"", ""Christmas Island"", ""Cyprus"", ""Czech Republic"", ""Germany"", ""Djibouti"", ""Denmark"", ""Dominica"", ""Dominican Republic"", ""Algeria"", ""Ecuador"", ""Estonia"", ""Egypt"", ""Eritrea""]","[""Ascension Island"", ""Andorra"", ""United Arab Emirates"", ""Afghanistan"", ""Antigua and Barbuda"", ""Anguilla"", ""Albania"", ""Armenia"", ""Netherlands Antilles"", ""Angola"", ""Antarctica"", ""Argentina"", ""American Samoa"", ""Austria"", ""Australia"", ""Aruba"", ""Aland Islands"", ""Azerbaijan"", ""Bosnia and Herzegowina"", ""Barbados"", ""Bangladesh"", ""Belgium"", ""Burkina Faso"", ""Bulgaria"", ""Bahrain"", ""Burundi"", ""Benin"", ""Saint Barthelemy"", ""Bermuda"", ""Brunei Darussalam"", ""Bolivia"", ""Bonaire, Saint Eustatius and Saba"", ""Brazil"", ""Bahamas"", ""Bhutan"", ""Bouvet Island"", ""Botswana"", ""Belarus"", ""Belize"", ""Canada"", ""Cocos (Keeling) Islands"", ""Congo, the Democratic Republic of the"", ""Central African Republic"", ""Congo"", ""Switzerland"", ""Cote d'Ivoire"", ""Cook Islands"", ""Chile"", ""Cameroon"", ""China"", ""Colombia"", ""Costa Rica"", ""Cuba"", ""Cape Verde"", ""Curaçao"", ""Christmas Island"", ""Cyprus"", ""Czech Republic"", ""Germany"", ""Djibouti"", ""Denmark"", ""Dominica"", ""Dominican Republic"", ""Algeria""]",equijoin,Both columns represent country names with extensive overlap in values.,snoopy,1.0000,0.9700,1.0000,0.9900,1.0000,0.9700,3,True,True,Both columns represent country names with extensive overlap in values.,Country-region names directly overlap with minor extra territories.,"Both columns contain country names with a very high degree of direct value overlap, making them perfect for an equijoin.",
freyja-wdc,name_countries_and_continents.csv,title,target_007507.csv,title,"[""Afghanistan"", ""Albania"", ""Algeria"", ""American Samoa"", ""Andorra"", ""Angola"", ""Anguilla"", ""Antarctica"", ""Antigua & Barbuda"", ""Argentina"", ""Armenia"", ""Aruba"", ""Australia"", ""Austria"", ""Azerbaijan"", ""Bahamas"", ""Bahrain"", ""Bangladesh"", ""Barbados"", ""Belarus"", ""Belgium"", ""Belize"", ""Benin"", ""Bermuda"", ""Bhutan"", ""Bolivia"", ""Bosnia"", ""Botswana"", ""Bouvet Island"", ""Brazil"", ""British Indian Ocean Territory"", ""British Virgin Islands"", ""Brunei"", ""Bulgaria"", ""Burkina Faso"", ""Burundi"", ""Cambodia"", ""Cameroon"", ""Canada"", ""Cape Verde"", ""Caribbean Netherlands"", ""Cayman Islands"", ""Central African Republic"", ""Chad"", ""Chile"", ""China"", ""Christmas Island"", ""Cocos (Keeling) Islands"", ""Colombia"", ""Comoros"", ""Congo - Brazzaville"", ""Congo - Kinshasa"", ""Cook Islands"", ""Costa Rica"", ""Croatia"", ""Cuba"", ""Curaçao"", ""Cyprus"", ""Czech Republic"", ""Côte d’Ivoire"", ""Denmark"", ""Djibouti"", ""Dominica"", ""Dominican Republic""]","[""Afghanistan"", ""Albania"", ""Algeria"", ""American Samoa"", ""Andorra"", ""Angola"", ""Anguilla"", ""Antigua and Barbuda"", ""Argentina"", ""Armenia"", ""Aruba"", ""Australia"", ""Austria"", ""Azerbaijan"", ""Bahamas"", ""Bahrain"", ""Bangladesh"", ""Barbados"", ""Belarus"", ""Belgium"", ""Belize"", ""Benin"", ""Bermuda"", ""Bhutan"", ""Bolivia"", ""Bosnia and Herzegovina"", ""Botswana"", ""Brazil"", ""British Virgin Islands"", ""Brunei"", ""Bulgaria"", ""Burkina Faso"", ""Burundi"", ""Cambodia"", ""Cameroon"", ""Canada"", ""Cape Verde"", ""Cayman Islands"", ""Central African Republic"", ""Chad"", ""Chile"", ""China"", ""Christmas Island"", ""Cocos (Keeling) Islands"", ""Colombia"", ""Comoros"", ""Congo-Kinshasa"", ""Congo-Brazzaville"", ""Cook Islands"", ""Costa Rica"", ""Cote d'Ivoire (Ivory Coast)"", ""Croatia"", ""Cuba"", ""Cyprus"", ""Czech Republic"", ""Denmark"", ""Djibouti"", ""Dominica"", ""Dominican Republic"", ""East Timor"", ""Ecuador"", ""Egypt"", ""El Salvador"", ""Equatorial Guinea""]",equijoin,Both columns are lists of country names with high intersection.,deepjoin;snoopy,1.0000,0.9800,1.0000,0.9933,1.0000,0.9800,3,True,True,Both columns are lists of country names with high intersection.,Country-name columns directly overlap at high coverage.,Both columns contain country names with a very high degree of exact value overlap.,
freyja-wdc,name_countries_and_continents.csv,title,target_060950.csv,title,"[""Afghanistan"", ""Albania"", ""Algeria"", ""American Samoa"", ""Andorra"", ""Angola"", ""Anguilla"", ""Antarctica"", ""Antigua & Barbuda"", ""Argentina"", ""Armenia"", ""Aruba"", ""Australia"", ""Austria"", ""Azerbaijan"", ""Bahamas"", ""Bahrain"", ""Bangladesh"", ""Barbados"", ""Belarus"", ""Belgium"", ""Belize"", ""Benin"", ""Bermuda"", ""Bhutan"", ""Bolivia"", ""Bosnia"", ""Botswana"", ""Bouvet Island"", ""Brazil"", ""British Indian Ocean Territory"", ""British Virgin Islands"", ""Brunei"", ""Bulgaria"", ""Burkina Faso"", ""Burundi"", ""Cambodia"", ""Cameroon"", ""Canada"", ""Cape Verde"", ""Caribbean Netherlands"", ""Cayman Islands"", ""Central African Republic"", ""Chad"", ""Chile"", ""China"", ""Christmas Island"", ""Cocos (Keeling) Islands"", ""Colombia"", ""Comoros"", ""Congo - Brazzaville"", ""Congo - Kinshasa"", ""Cook Islands"", ""Costa Rica"", ""Croatia"", ""Cuba"", ""Curaçao"", ""Cyprus"", ""Czech Republic"", ""Côte d’Ivoire"", ""Denmark"", ""Djibouti"", ""Dominica"", ""Dominican Republic""]","[""Afghanistan"", ""Akrotiri"", ""Albania"", ""Algeria"", ""American Samoa"", ""Andorra"", ""Angola"", ""Anguilla"", ""Antigua and Barbuda"", ""Argentina"", ""Armenia"", ""Aruba"", ""Australia"", ""Austria"", ""Azerbaijan"", ""Bahrain"", ""Bangladesh"", ""Barbados"", ""Belarus"", ""Belgium"", ""Belize"", ""Benin"", ""Bermuda"", ""Bhutan"", ""Bolivia"", ""Bosnia and Herzegovina"", ""Botswana"", ""Brazil"", ""British Indian Ocean Territory"", ""British Virgin Islands"", ""Brunei"", ""Bulgaria"", ""Burkina Faso"", ""Burma"", ""Burundi"", ""Cambodia"", ""Cameroon"", ""Canada"", ""Cape Verde"", ""Cayman Islands"", ""Central African Republic"", ""Chad"", ""Chile"", ""China"", ""Christmas Island"", ""Cocos (Keeling) Islands"", ""Colombia"", ""Comoros"", ""Congo, Republic of the"", ""Cook Islands"", ""Costa Rica"", ""Cote d'Ivoire"", ""Croatia"", ""Cuba"", ""Cyprus"", ""Czech Republic"", ""Democratic Republic of the Congo"", ""Denmark"", ""Dhekelia"", ""Djibouti"", ""Dominica"", ""Dominican Republic"", ""East Timor"", ""Ecuador""]",equijoin,Both attributes list country names with high overlap.,snoopy,1.0000,0.9600,1.0000,0.9867,1.0000,0.9600,3,True,True,Both attributes list country names with high overlap.,Country-name columns overlap strongly with minor territorial extras.,Both columns contain country names with a very high degree of exact string overlap.,
freyja-wdc,English_short_name_lower_case_wikipedia-iso-country-codes.csv,title,target_073713.csv,title,"[""Afghanistan"", ""Åland Islands"", ""Albania"", ""Algeria"", ""American Samoa"", ""Andorra"", ""Angola"", ""Anguilla"", ""Antarctica"", ""Antigua and Barbuda"", ""Argentina"", ""Armenia"", ""Aruba"", ""Australia"", ""Austria"", ""Azerbaijan"", ""Bahamas"", ""Bahrain"", ""Bangladesh"", ""Barbados"", ""Belarus"", ""Belgium"", ""Belize"", ""Benin"", ""Bermuda"", ""Bhutan"", ""Bolivia"", ""Bosnia and Herzegovina"", ""Botswana"", ""Bouvet Island"", ""Brazil"", ""British Indian Ocean Territory"", ""Brunei Darussalam"", ""Bulgaria"", ""Burkina Faso"", ""Burundi"", ""Cambodia"", ""Cameroon"", ""Canada"", ""Cape Verde"", ""Cayman Islands"", ""Central African Republic"", ""Chad"", ""Chile"", ""China"", ""Christmas Island"", ""Cocos (Keeling) Islands"", ""Colombia"", ""Comoros"", ""Congo"", ""Congo, the Democratic Republic of the"", ""Cook Islands"", ""Costa Rica"", ""Côte d'Ivoire"", ""Croatia"", ""Cuba"", ""Cyprus"", ""Czech Republic"", ""Denmark"", ""Djibouti"", ""Dominica"", ""Dominican Republic"", ""Ecuador"", ""Egypt""]","[""Afghanistan"", ""Albania"", ""Algeria"", ""American Samoa"", ""Andorra"", ""Angola"", ""Anguilla"", ""Antigua and Barbuda"", ""Argentina"", ""Armenia"", ""Aruba"", ""Australia"", ""Austria"", ""Azerbaijan"", ""Bahamas, The"", ""Bahrain"", ""Bangladesh"", ""Barbados"", ""Belarus"", ""Belgium"", ""Belize"", ""Benin"", ""Bermuda"", ""Bhutan"", ""Bolivia"", ""Bosnia and Herzegovina"", ""Botswana"", ""Brazil"", ""British Virgin Islands"", ""Brunei"", ""Bulgaria"", ""Burkina Faso"", ""Burma"", ""Burundi"", ""Cabo Verde"", ""Cambodia"", ""Cameroon"", ""Canada"", ""Cayman Islands"", ""Central African Republic"", ""Chad"", ""Chile"", ""China"", ""Christmas Island"", ""Cocos (Keeling) Islands"", ""Colombia"", ""Comoros"", ""Congo, Democratic Republic of the"", ""Congo, Republic of the"", ""Cook Islands"", ""Costa Rica"", ""Cote d'Ivoire"", ""Croatia"", ""Cuba"", ""Curacao"", ""Cyprus"", ""Czech Republic"", ""Denmark"", ""Djibouti"", ""Dominica"", ""Dominican Republic"", ""Ecuador"", ""Egypt"", ""El Salvador""]",equijoin,Both columns represent country names with high overlap and standard naming variations.,deepjoin,1.0000,0.9700,1.0000,0.9900,1.0000,0.9700,3,True,True,Both columns represent country names with high overlap and standard naming variations.,Country-name columns directly overlap after light normalization.,Both columns contain country names with a very high degree of exact string overlap.,
freyja-wdc,English_short_name_lower_case_wikipedia-iso-country-codes.csv,title,target_020486.csv,title,"[""Afghanistan"", ""Åland Islands"", ""Albania"", ""Algeria"", ""American Samoa"", ""Andorra"", ""Angola"", ""Anguilla"", ""Antarctica"", ""Antigua and Barbuda"", ""Argentina"", ""Armenia"", ""Aruba"", ""Australia"", ""Austria"", ""Azerbaijan"", ""Bahamas"", ""Bahrain"", ""Bangladesh"", ""Barbados"", ""Belarus"", ""Belgium"", ""Belize"", ""Benin"", ""Bermuda"", ""Bhutan"", ""Bolivia"", ""Bosnia and Herzegovina"", ""Botswana"", ""Bouvet Island"", ""Brazil"", ""British Indian Ocean Territory"", ""Brunei Darussalam"", ""Bulgaria"", ""Burkina Faso"", ""Burundi"", ""Cambodia"", ""Cameroon"", ""Canada"", ""Cape Verde"", ""Cayman Islands"", ""Central African Republic"", ""Chad"", ""Chile"", ""China"", ""Christmas Island"", ""Cocos (Keeling) Islands"", ""Colombia"", ""Comoros"", ""Congo"", ""Congo, the Democratic Republic of the"", ""Cook Islands"", ""Costa Rica"", ""Côte d'Ivoire"", ""Croatia"", ""Cuba"", ""Cyprus"", ""Czech Republic"", ""Denmark"", ""Djibouti"", ""Dominica"", ""Dominican Republic"", ""Ecuador"", ""Egypt""]","[""Ascension Island"", ""Andorra"", ""United Arab Emirates"", ""Afghanistan"", ""Antigua and Barbuda"", ""Anguilla"", ""Albania"", ""Armenia"", ""Netherlands Antilles"", ""Angola"", ""Antarctica"", ""Argentina"", ""American Samoa"", ""Austria"", ""Australia"", ""Aruba"", ""Aland Islands"", ""Azerbaijan"", ""Bosnia and Herzegowina"", ""Barbados"", ""Bangladesh"", ""Belgium"", ""Burkina Faso"", ""Bulgaria"", ""Bahrain"", ""Burundi"", ""Benin"", ""Saint Barthelemy"", ""Bermuda"", ""Brunei Darussalam"", ""Bolivia"", ""Bonaire, Saint Eustatius and Saba"", ""Brazil"", ""Bahamas"", ""Bhutan"", ""Bouvet Island"", ""Botswana"", ""Belarus"", ""Belize"", ""Canada"", ""Cocos (Keeling) Islands"", ""Congo, the Democratic Republic of the"", ""Central African Republic"", ""Congo"", ""Switzerland"", ""Cote d'Ivoire"", ""Cook Islands"", ""Chile"", ""Cameroon"", ""China"", ""Colombia"", ""Costa Rica"", ""Cuba"", ""Cape Verde"", ""Curaçao"", ""Christmas Island"", ""Cyprus"", ""Czech Republic"", ""Germany"", ""Djibouti"", ""Denmark"", ""Dominica"", ""Dominican Republic"", ""Algeria""]",equijoin,Both columns list countries and territories with high overlap.,deepjoin;snoopy,1.0000,0.9600,1.0000,0.9867,1.0000,0.9600,3,True,True,Both columns list countries and territories with high overlap.,Country-name columns overlap strongly with minor extra territories.,Both columns contain country names with a very high degree of exact value overlap.,
freyja-wdc,official_name_en_countries_and_continents.csv,title,target_007507.csv,title,"[""Channel Islands"", ""Sark"", ""Afghanistan"", ""Albania"", ""Algeria"", ""American Samoa"", ""Andorra"", ""Angola"", ""Anguilla"", ""Antigua and Barbuda"", ""Argentina"", ""Armenia"", ""Aruba"", ""Australia"", ""Austria"", ""Azerbaijan"", ""Bahamas"", ""Bahrain"", ""Bangladesh"", ""Barbados"", ""Belarus"", ""Belgium"", ""Belize"", ""Benin"", ""Bermuda"", ""Bhutan"", ""Bolivia (Plurinational State of)"", ""Bosnia and Herzegovina"", ""Botswana"", ""Brazil"", ""British Virgin Islands"", ""Brunei Darussalam"", ""Bulgaria"", ""Burkina Faso"", ""Burundi"", ""Cambodia"", ""Cameroon"", ""Canada"", ""Cabo Verde"", ""Bonaire, Sint Eustatius and Saba"", ""Cayman Islands"", ""Central African Republic"", ""Chad"", ""Chile"", ""China"", ""Colombia"", ""Comoros"", ""Congo"", ""Democratic Republic of the Congo"", ""Cook Islands"", ""Costa Rica"", ""Croatia"", ""Cuba"", ""Curaçao"", ""Cyprus"", ""Czechia"", ""Côte d'Ivoire"", ""Denmark"", ""Djibouti"", ""Dominica"", ""Dominican Republic"", ""Ecuador"", ""Egypt"", ""El Salvador""]","[""Afghanistan"", ""Albania"", ""Algeria"", ""American Samoa"", ""Andorra"", ""Angola"", ""Anguilla"", ""Antigua and Barbuda"", ""Argentina"", ""Armenia"", ""Aruba"", ""Australia"", ""Austria"", ""Azerbaijan"", ""Bahamas"", ""Bahrain"", ""Bangladesh"", ""Barbados"", ""Belarus"", ""Belgium"", ""Belize"", ""Benin"", ""Bermuda"", ""Bhutan"", ""Bolivia"", ""Bosnia and Herzegovina"", ""Botswana"", ""Brazil"", ""British Virgin Islands"", ""Brunei"", ""Bulgaria"", ""Burkina Faso"", ""Burundi"", ""Cambodia"", ""Cameroon"", ""Canada"", ""Cape Verde"", ""Cayman Islands"", ""Central African Republic"", ""Chad"", ""Chile"", ""China"", ""Christmas Island"", ""Cocos (Keeling) Islands"", ""Colombia"", ""Comoros"", ""Congo-Kinshasa"", ""Congo-Brazzaville"", ""Cook Islands"", ""Costa Rica"", ""Cote d'Ivoire (Ivory Coast)"", ""Croatia"", ""Cuba"", ""Cyprus"", ""Czech Republic"", ""Denmark"", ""Djibouti"", ""Dominica"", ""Dominican Republic"", ""East Timor"", ""Ecuador"", ""Egypt"", ""El Salvador"", ""Equatorial Guinea""]",equijoin,Attributes represent country names with significant overlap.,deepjoin;snoopy,1.0000,0.9600,1.0000,0.9867,1.0000,0.9600,3,True,True,Attributes represent country names with significant overlap.,Official English country names overlap strongly with candidate countries.,"Both columns contain country names with a very high degree of exact string overlap, making them perfectly suitable for an equijoin.",
freyja-wdc,English_short_name_lower_case_wikipedia-iso-country-codes.csv,title,target_019019.csv,title,"[""Afghanistan"", ""Åland Islands"", ""Albania"", ""Algeria"", ""American Samoa"", ""Andorra"", ""Angola"", ""Anguilla"", ""Antarctica"", ""Antigua and Barbuda"", ""Argentina"", ""Armenia"", ""Aruba"", ""Australia"", ""Austria"", ""Azerbaijan"", ""Bahamas"", ""Bahrain"", ""Bangladesh"", ""Barbados"", ""Belarus"", ""Belgium"", ""Belize"", ""Benin"", ""Bermuda"", ""Bhutan"", ""Bolivia"", ""Bosnia and Herzegovina"", ""Botswana"", ""Bouvet Island"", ""Brazil"", ""British Indian Ocean Territory"", ""Brunei Darussalam"", ""Bulgaria"", ""Burkina Faso"", ""Burundi"", ""Cambodia"", ""Cameroon"", ""Canada"", ""Cape Verde"", ""Cayman Islands"", ""Central African Republic"", ""Chad"", ""Chile"", ""China"", ""Christmas Island"", ""Cocos (Keeling) Islands"", ""Colombia"", ""Comoros"", ""Congo"", ""Congo, the Democratic Republic of the"", ""Cook Islands"", ""Costa Rica"", ""Côte d'Ivoire"", ""Croatia"", ""Cuba"", ""Cyprus"", ""Czech Republic"", ""Denmark"", ""Djibouti"", ""Dominica"", ""Dominican Republic"", ""Ecuador"", ""Egypt""]","[""Abkhazia"", ""Afghanistan"", ""Åland Islands"", ""Albania"", ""Algeria"", ""American Samoa"", ""Andorra"", ""Angola"", ""Anguilla"", ""Antigua and Barbuda"", ""Argentina"", ""Armenia"", ""Aruba"", ""Ascension"", ""Australia"", ""Australian External Territories"", ""Austria"", ""Azerbaijan"", ""Bahamas"", ""Bahrain"", ""Bangladesh"", ""Barbados"", ""Barbuda"", ""Belarus"", ""Belgium"", ""Belize"", ""Benin"", ""Bermuda"", ""Bhutan"", ""Bolivia"", ""Bonaire"", ""Bosnia and Herzegovina"", ""Botswana"", ""Brazil"", ""British Indian Ocean Territory"", ""British Virgin Islands"", ""Brunei Darussalam"", ""Bulgaria"", ""Burkina Faso"", ""Burundi"", ""Cambodia"", ""Cameroon"", ""Canada"", ""Cape Verde"", ""Caribbean Netherlands"", ""Cayman Islands"", ""Central African Republic"", ""Chad"", ""Chatham Island, New Zealand"", ""Chile"", ""China"", ""Christmas Island"", ""Cocos (Keeling) Islands"", ""Colombia"", ""Comoros"", ""Congo"", ""Congo, Democratic Republic of the (Zaire)"", ""Cook Islands"", ""Costa Rica"", ""Côte d'Ivoire"", ""Croatia"", ""Cuba"", ""Guantanamo Bay, Cuba"", ""Curaçao""]",equijoin,Both columns contain country names and territories with significant overlap.,snoopy,1.0000,0.9500,1.0000,0.9833,1.0000,0.9500,3,True,True,Both columns contain country names and territories with significant overlap.,Country names overlap strongly despite disputed or extra territories.,Both columns contain country and territory names with a very high degree of exact string overlap.,
freyja-wdc,name_countries_and_continents.csv,title,target_065849.csv,title,"[""Afghanistan"", ""Albania"", ""Algeria"", ""American Samoa"", ""Andorra"", ""Angola"", ""Anguilla"", ""Antarctica"", ""Antigua & Barbuda"", ""Argentina"", ""Armenia"", ""Aruba"", ""Australia"", ""Austria"", ""Azerbaijan"", ""Bahamas"", ""Bahrain"", ""Bangladesh"", ""Barbados"", ""Belarus"", ""Belgium"", ""Belize"", ""Benin"", ""Bermuda"", ""Bhutan"", ""Bolivia"", ""Bosnia"", ""Botswana"", ""Bouvet Island"", ""Brazil"", ""British Indian Ocean Territory"", ""British Virgin Islands"", ""Brunei"", ""Bulgaria"", ""Burkina Faso"", ""Burundi"", ""Cambodia"", ""Cameroon"", ""Canada"", ""Cape Verde"", ""Caribbean Netherlands"", ""Cayman Islands"", ""Central African Republic"", ""Chad"", ""Chile"", ""China"", ""Christmas Island"", ""Cocos (Keeling) Islands"", ""Colombia"", ""Comoros"", ""Congo - Brazzaville"", ""Congo - Kinshasa"", ""Cook Islands"", ""Costa Rica"", ""Croatia"", ""Cuba"", ""Curaçao"", ""Cyprus"", ""Czech Republic"", ""Côte d’Ivoire"", ""Denmark"", ""Djibouti"", ""Dominica"", ""Dominican Republic""]","[""Afghanistan"", ""African Other"", ""Albania"", ""Algeria"", ""American Samoa"", ""Andorra"", ""Angola"", ""Anguilla"", ""Antarctica"", ""Antigua and Barbuda"", ""Argentina"", ""Armenia"", ""Aruba"", ""Australia"", ""Austria"", ""Azerbaijan"", ""Bahamas"", ""Bahrain"", ""Bangladesh"", ""Barbados"", ""Belarus"", ""Belgium"", ""Belize"", ""Benin"", ""Bermuda"", ""Bhutan"", ""Bolivia"", ""Bosnia-Herzegovina"", ""Botswana"", ""Bouvet Island"", ""Brazil"", ""British Indian Ocean Territory"", ""Brunei Darussalam"", ""Bulgaria"", ""Burkina Faso"", ""Burundi"", ""Cambodia"", ""Cameroon"", ""Canada"", ""Cape Verde"", ""Cayman Islands"", ""Central African Republic"", ""Chad"", ""Chile"", ""China"", ""Christmas Island"", ""CIS-Comm. of Indep. States"", ""Cocos (Keeling) Islands"", ""Columbia"", ""Comoros"", ""Congo"", ""Cook Islands"", ""Costa Rica"", ""Cote D'Ivoire"", ""Croatia"", ""Cuba"", ""Cyprus"", ""Czech Republic"", ""Democratic People's Republic of Korea"", ""Denmark and Iceland"", ""Djibouti"", ""Dominica"", ""Dominican Republic"", ""East Timor""]",equijoin,The columns contain matching country names and territories.,deepjoin;snoopy,1.0000,0.9500,1.0000,0.9833,1.0000,0.9500,3,True,True,The columns contain matching country names and territories.,Country names overlap strongly despite an extra region category.,"The columns contain country names with a very high degree of exact string overlap, making them highly suitable for an equijoin.",
wt-wdc,AJ-new-york-govs-4_source_Home_Town__According_to_the_official_N_Y__State_Governor_s_website_,title,target_080239,title,"[""Ulster County"", ""New York City"", ""Dutchess County"", ""Richmond County"", ""Albany"", ""Schenectady"", ""Sandy Hill"", ""Kinderhook"", ""Auburn"", ""Troy"", ""Fultonham"", ""Canton"", ""Geneseo"", ""Lockport"", ""Deerfield"", ""Canandaigua"", ""Queens County"", ""Frewsburg"", ""Elmira"", ""Buffalo"", ""Oyster Bay"", ""Olean"", ""Syracuse"", ""Thompson"", ""Hyde Park"", ""Harriman"", ""Tarrytown"", ""Yonkers"", ""Brooklyn"", ""Queens"", ""Garrison"", ""The Bronx""]","[""Albany"", ""Allegany"", ""Bronx"", ""Broome"", ""Cattaraugus"", ""Cayuga"", ""Chautauqua"", ""Chemung"", ""Chenango"", ""Clinton"", ""Columbia"", ""Cortland"", ""Delaware"", ""Dutchess"", ""Erie**"", ""Essex"", ""Franklin"", ""Fulton"", ""Genesee"", ""Greene"", ""Hamilton"", ""Herkimer"", ""Jefferson"", ""Kings"", ""Lewis"", ""Livingston"", ""Madison"", ""Monroe*"", ""Montgomery"", ""Nassau"", ""New York"", ""Niagara"", ""Oneida**"", ""Onondaga**"", ""Ontario"", ""Orange"", ""Orleans"", ""Oswego"", ""Otsego"", ""Putnam"", ""Queens"", ""Rensselaer"", ""Richmond"", ""Rockland"", ""Saratoga"", ""Schenectady"", ""Schoharie"", ""Schuyler"", ""Seneca"", ""St. Lawrence"", ""Steuben"", ""Suffolk"", ""Sullivan"", ""Tioga"", ""Tompkins"", ""Ulster"", ""Warren"", ""Washington"", ""Wayne"", ""Westchester"", ""Wyoming"", ""Yates""]",semantic,"The query column contains New York cities and counties, which can be mapped to the New York counties in the candidate column.",semsketch,1.0000,0.7500,0.9000,0.8833,0.9000,0.7500,3,True,True,"The query column contains New York cities and counties, which can be mapped to the New York counties in the candidate column.","Home towns can be mapped to New York counties, though some require geocoding.",The query column contains New York cities and counties which can be semantically mapped to the New York counties in the candidate column.,
wt-wdc,AJ-new-york-govs-4_source_Home_Town__According_to_the_official_N_Y__State_Governor_s_website_,title,target_035152,title,"[""Ulster County"", ""New York City"", ""Dutchess County"", ""Richmond County"", ""Albany"", ""Schenectady"", ""Sandy Hill"", ""Kinderhook"", ""Auburn"", ""Troy"", ""Fultonham"", ""Canton"", ""Geneseo"", ""Lockport"", ""Deerfield"", ""Canandaigua"", ""Queens County"", ""Frewsburg"", ""Elmira"", ""Buffalo"", ""Oyster Bay"", ""Olean"", ""Syracuse"", ""Thompson"", ""Hyde Park"", ""Harriman"", ""Tarrytown"", ""Yonkers"", ""Brooklyn"", ""Queens"", ""Garrison"", ""The Bronx""]","[""Albany"", ""Allegany"", ""Bronx"", ""Broome"", ""Cattauragus"", ""Cayuga"", ""Chautauqua"", ""Chemung"", ""Chenango"", ""Clinton"", ""Columbia"", ""Cortland"", ""Delaware"", ""Dutchess"", ""Erie"", ""Essex"", ""Franklin"", ""Fulton"", ""Genesee"", ""Greene"", ""Hamilton"", ""Herkimer"", ""Jefferson"", ""Kings"", ""Lewis"", ""Livingston"", ""Madison"", ""Monroe"", ""Montgomery"", ""Nassau"", ""New York"", ""Niagara"", ""Oneida"", ""Onondaga"", ""Ontario"", ""Orange"", ""Orleans"", ""Oswego"", ""Otsego"", ""Out of State"", ""Putnam"", ""Queens"", ""Rensselaer"", ""Richmond"", ""Rockland"", ""Saratoga"", ""Schenectady"", ""Schoharie"", ""Schuyler"", ""Seneca""]",semantic,"The query column contains New York cities and counties, which can be mapped to the New York counties in the candidate column.",semsketch,1.0000,0.7400,0.9000,0.8800,0.9000,0.7400,3,True,True,"The query column contains New York cities and counties, which can be mapped to the New York counties in the candidate column.","Home towns can map to counties, but spelling noise lowers certainty.","The query column contains New York towns, cities, and counties, many of which can be directly normalized or mapped to the New York counties in the candidate column.",
wt-wdc,AJ-new-york-govs-4_source_Home_Town__According_to_the_official_N_Y__State_Governor_s_website_,title,target_047313,title,"[""Ulster County"", ""New York City"", ""Dutchess County"", ""Richmond County"", ""Albany"", ""Schenectady"", ""Sandy Hill"", ""Kinderhook"", ""Auburn"", ""Troy"", ""Fultonham"", ""Canton"", ""Geneseo"", ""Lockport"", ""Deerfield"", ""Canandaigua"", ""Queens County"", ""Frewsburg"", ""Elmira"", ""Buffalo"", ""Oyster Bay"", ""Olean"", ""Syracuse"", ""Thompson"", ""Hyde Park"", ""Harriman"", ""Tarrytown"", ""Yonkers"", ""Brooklyn"", ""Queens"", ""Garrison"", ""The Bronx""]","[""Albany"", ""Allegany"", ""Bronx"", ""Broome"", ""Cattauragus"", ""Cayuga"", ""Chautauqua"", ""Chemung"", ""Chenango"", ""Clinton"", ""Columbia"", ""Cortland"", ""Delaware"", ""Dutchess"", ""Erie"", ""Essex"", ""Franklin"", ""Fulton"", ""Genesee"", ""Greene"", ""Hamilton"", ""Herkimer"", ""Jefferson"", ""Kings"", ""Lewis"", ""Livingston"", ""Madison"", ""Monroe"", ""Montgomery"", ""Nassau"", ""New York"", ""Niagara"", ""Oneida"", ""Onondaga"", ""Ontario"", ""Orange"", ""Orleans"", ""Oswego"", ""Otsego"", ""Out of State"", ""Putnam"", ""Queens"", ""Rensselaer"", ""Richmond"", ""Rockland"", ""Saratoga"", ""Schenectady"", ""Schoharie"", ""Schuyler"", ""Seneca""]",semantic,"The query column contains New York cities and counties, which can be mapped to the New York counties in the candidate column.",semsketch,1.0000,0.7400,0.9000,0.8800,0.9000,0.7400,3,True,True,"The query column contains New York cities and counties, which can be mapped to the New York counties in the candidate column.","Cities and counties can map to county names, but coverage is partial.","The query column contains New York cities and counties, which can be semantically mapped to the New York counties in the candidate column.",
wt-wdc,AJ-new-york-govs-4_source_Home_Town__According_to_the_official_N_Y__State_Governor_s_website_,title,target_039298,title,"[""Ulster County"", ""New York City"", ""Dutchess County"", ""Richmond County"", ""Albany"", ""Schenectady"", ""Sandy Hill"", ""Kinderhook"", ""Auburn"", ""Troy"", ""Fultonham"", ""Canton"", ""Geneseo"", ""Lockport"", ""Deerfield"", ""Canandaigua"", ""Queens County"", ""Frewsburg"", ""Elmira"", ""Buffalo"", ""Oyster Bay"", ""Olean"", ""Syracuse"", ""Thompson"", ""Hyde Park"", ""Harriman"", ""Tarrytown"", ""Yonkers"", ""Brooklyn"", ""Queens"", ""Garrison"", ""The Bronx""]","[""Statewide Totals"", ""Albany"", ""Allegany"", ""Broome"", ""Cattaraugus"", ""Cayuga"", ""Chautauqua"", ""Chemung"", ""Chenango"", ""Clinton"", ""Columbia"", ""Cortland"", ""Delaware"", ""Dutchess"", ""Erie"", ""Essex"", ""Franklin"", ""Fulton"", ""Genesee"", ""Greene"", ""Hamilton"", ""Herkimer"", ""Jefferson"", ""Lewis"", ""Livingston"", ""Madison"", ""Monroe"", ""Montgomery"", ""Nassau"", ""New York"", ""Niagara"", ""Oneida"", ""Onondaga"", ""Ontario"", ""Orange"", ""Orleans"", ""Oswego"", ""Otsego"", ""Putnam"", ""Rensselaer"", ""Rockland"", ""Saratoga"", ""Schenectady"", ""Schoharie"", ""Schuyler"", ""Seneca"", ""St. Lawrence"", ""Steuben"", ""Suffolk"", ""Sullivan"", ""Tioga"", ""Tompkins"", ""Ulster"", ""Warren"", ""Washington"", ""Wayne"", ""Westchester"", ""Wyoming"", ""Yates""]",semantic,"The query column contains New York cities and counties, which can be mapped to the New York counties in the candidate column.",semsketch,1.0000,0.7200,0.9000,0.8733,0.9000,0.7200,3,True,True,"The query column contains New York cities and counties, which can be mapped to the New York counties in the candidate column.",The county mapping is plausible but includes aggregate/non-county noise.,The query column contains New York cities and counties which can be semantically mapped to the candidate's New York counties via normalization and geographic containment.,
wt-wdc,AJ-us-presidents-5_source_State_of_Birth,title,target_017636,title,"[""Virginia"", ""Massachusetts"", ""South/North Carolina"", ""New York"", ""North Carolina"", ""New Hampshire"", ""Pennsylvania"", ""Kentucky"", ""Ohio"", ""Vermont"", ""New Jersey"", ""Iowa"", ""Missouri"", ""Texas"", ""California"", ""Nebraska"", ""Georgia"", ""Illinois"", ""Arkansas"", ""Connecticut"", ""Hawaii""]","[""Alabama"", ""Alaska"", ""Arizona"", ""Arkansas"", ""California"", ""Colorado"", ""Connecticut"", ""Delaware"", ""District of Columbia"", ""Florida"", ""Georgia"", ""Guam"", ""Hawaii"", ""Idaho"", ""Illinois"", ""Indiana"", ""Iowa"", ""Kansas"", ""Kentucky"", ""Louisiana"", ""Maine"", ""Maryland"", ""Massachusetts"", ""Michigan"", ""Minnesota"", ""Mississippi"", ""Missouri"", ""Montana"", ""Nebraska"", ""Nevada"", ""New Hampshire"", ""New Jersey"", ""New Mexico"", ""New York"", ""North Carolina"", ""North Dakota"", ""Ohio"", ""Oklahoma"", ""Oregon"", ""Pennsylvania"", ""Puerto Rico"", ""Rhode Island"", ""South Carolina"", ""South Dakota"", ""Tennessee"", ""Texas"", ""Utah"", ""Vermont"", ""Virgin Islands"", ""Virginia"", ""Washington"", ""West Virginia"", ""Wisconsin"", ""Wyoming""]",equijoin,Both columns contain US state names and share a high degree of value overlap.,semsketch,1.0000,0.9500,1.0000,0.9833,1.0000,0.9500,3,True,True,Both columns contain US state names and share a high degree of value overlap.,US state names directly match after light normalization.,"Both columns contain US state names with a high degree of direct value overlap, making them suitable for an equijoin.",
wt-wdc,AJ-us-presidents-5_source_State_of_Birth,title,target_028625,title,"[""Virginia"", ""Massachusetts"", ""South/North Carolina"", ""New York"", ""North Carolina"", ""New Hampshire"", ""Pennsylvania"", ""Kentucky"", ""Ohio"", ""Vermont"", ""New Jersey"", ""Iowa"", ""Missouri"", ""Texas"", ""California"", ""Nebraska"", ""Georgia"", ""Illinois"", ""Arkansas"", ""Connecticut"", ""Hawaii""]","[""Alabama"", ""Alaska"", ""Arizona"", ""Arkansas"", ""California"", ""Colorado"", ""Connecticut"", ""Delaware"", ""District of Columbia"", ""Florida"", ""Georgia"", ""Guam"", ""Hawaii"", ""Idaho"", ""Illinois"", ""Indiana"", ""Iowa"", ""Kansas"", ""Kentucky"", ""Louisiana"", ""Maine"", ""Maryland"", ""Massachusetts"", ""Michigan"", ""Minnesota"", ""Mississippi"", ""Missouri"", ""Montana"", ""Nebraska"", ""Nevada"", ""New Hampshire"", ""New Jersey"", ""New Mexico"", ""New York"", ""North Carolina"", ""North Dakota"", ""Ohio"", ""Oklahoma"", ""Oregon"", ""Pennsylvania"", ""Puerto Rico"", ""Rhode Island"", ""South Carolina"", ""South Dakota"", ""Tennessee"", ""Texas"", ""Utah"", ""Vermont"", ""Virgin Islands"", ""Virginia"", ""Washington"", ""West Virginia"", ""Wisconsin"", ""Wyoming""]",equijoin,Both columns contain US state names and share a high degree of value overlap.,semsketch,1.0000,0.9500,1.0000,0.9833,1.0000,0.9500,3,True,True,Both columns contain US state names and share a high degree of value overlap.,US state names directly match after light normalization.,"Both columns contain US state names with a high degree of direct value overlap, making them suitable for an equijoin.",
wt-wdc,AJ-us-presidents-5_source_State_of_Birth,title,target_041149,title,"[""Virginia"", ""Massachusetts"", ""South/North Carolina"", ""New York"", ""North Carolina"", ""New Hampshire"", ""Pennsylvania"", ""Kentucky"", ""Ohio"", ""Vermont"", ""New Jersey"", ""Iowa"", ""Missouri"", ""Texas"", ""California"", ""Nebraska"", ""Georgia"", ""Illinois"", ""Arkansas"", ""Connecticut"", ""Hawaii""]","[""Alabama"", ""Alaska"", ""Arizona"", ""Arkansas"", ""California"", ""Colorado"", ""Connecticut"", ""Delaware"", ""District of Columbia"", ""Florida"", ""Georgia"", ""Guam"", ""Hawaii"", ""Idaho"", ""Illinois"", ""Indiana"", ""Iowa"", ""Kansas"", ""Kentucky"", ""Louisiana"", ""Maine"", ""Maryland"", ""Massachusetts"", ""Michigan"", ""Minnesota"", ""Mississippi"", ""Missouri"", ""Montana"", ""Nebraska"", ""Nevada"", ""New Hampshire"", ""New Jersey"", ""New Mexico"", ""New York"", ""North Carolina"", ""North Dakota"", ""Ohio"", ""Oklahoma"", ""Oregon"", ""Pennsylvania"", ""Puerto Rico"", ""Rhode Island"", ""South Carolina"", ""South Dakota"", ""Tennessee"", ""Texas"", ""Utah"", ""Vermont"", ""Virgin Islands"", ""Virginia"", ""Washington"", ""West Virginia"", ""Wisconsin"", ""Wyoming""]",equijoin,Both columns contain US state names and share a high degree of value overlap.,semsketch,1.0000,0.9500,1.0000,0.9833,1.0000,0.9500,3,True,True,Both columns contain US state names and share a high degree of value overlap.,US state names directly match after light normalization.,Both columns contain US state names with a high degree of exact string overlap.,
wt-wdc,AJ-us-presidents-6_source_State_of_Birth,title,target_017636,title,"[""Virginia"", ""Massachusetts"", ""South/North Carolina"", ""New York"", ""North Carolina"", ""New Hampshire"", ""Pennsylvania"", ""Kentucky"", ""Ohio"", ""Vermont"", ""New Jersey"", ""Iowa"", ""Missouri"", ""Texas"", ""California"", ""Nebraska"", ""Georgia"", ""Illinois"", ""Arkansas"", ""Connecticut"", ""Hawaii""]","[""Alabama"", ""Alaska"", ""Arizona"", ""Arkansas"", ""California"", ""Colorado"", ""Connecticut"", ""Delaware"", ""District of Columbia"", ""Florida"", ""Georgia"", ""Guam"", ""Hawaii"", ""Idaho"", ""Illinois"", ""Indiana"", ""Iowa"", ""Kansas"", ""Kentucky"", ""Louisiana"", ""Maine"", ""Maryland"", ""Massachusetts"", ""Michigan"", ""Minnesota"", ""Mississippi"", ""Missouri"", ""Montana"", ""Nebraska"", ""Nevada"", ""New Hampshire"", ""New Jersey"", ""New Mexico"", ""New York"", ""North Carolina"", ""North Dakota"", ""Ohio"", ""Oklahoma"", ""Oregon"", ""Pennsylvania"", ""Puerto Rico"", ""Rhode Island"", ""South Carolina"", ""South Dakota"", ""Tennessee"", ""Texas"", ""Utah"", ""Vermont"", ""Virgin Islands"", ""Virginia"", ""Washington"", ""West Virginia"", ""Wisconsin"", ""Wyoming""]",equijoin,"Both columns contain US state names, and the query values are a subset of the candidate values.",semsketch,1.0000,0.9500,1.0000,0.9833,1.0000,0.9500,3,True,True,"Both columns contain US state names, and the query values are a subset of the candidate values.",US state names directly match after light normalization.,Both columns contain US state names and can be joined directly via equijoin.,
wt-wdc,AJ-us-presidents-6_source_State_of_Birth,title,target_028625,title,"[""Virginia"", ""Massachusetts"", ""South/North Carolina"", ""New York"", ""North Carolina"", ""New Hampshire"", ""Pennsylvania"", ""Kentucky"", ""Ohio"", ""Vermont"", ""New Jersey"", ""Iowa"", ""Missouri"", ""Texas"", ""California"", ""Nebraska"", ""Georgia"", ""Illinois"", ""Arkansas"", ""Connecticut"", ""Hawaii""]","[""Alabama"", ""Alaska"", ""Arizona"", ""Arkansas"", ""California"", ""Colorado"", ""Connecticut"", ""Delaware"", ""District of Columbia"", ""Florida"", ""Georgia"", ""Guam"", ""Hawaii"", ""Idaho"", ""Illinois"", ""Indiana"", ""Iowa"", ""Kansas"", ""Kentucky"", ""Louisiana"", ""Maine"", ""Maryland"", ""Massachusetts"", ""Michigan"", ""Minnesota"", ""Mississippi"", ""Missouri"", ""Montana"", ""Nebraska"", ""Nevada"", ""New Hampshire"", ""New Jersey"", ""New Mexico"", ""New York"", ""North Carolina"", ""North Dakota"", ""Ohio"", ""Oklahoma"", ""Oregon"", ""Pennsylvania"", ""Puerto Rico"", ""Rhode Island"", ""South Carolina"", ""South Dakota"", ""Tennessee"", ""Texas"", ""Utah"", ""Vermont"", ""Virgin Islands"", ""Virginia"", ""Washington"", ""West Virginia"", ""Wisconsin"", ""Wyoming""]",equijoin,"Both columns contain US state names, and the query values are a subset of the candidate values.",semsketch,1.0000,0.9500,1.0000,0.9833,1.0000,0.9500,3,True,True,"Both columns contain US state names, and the query values are a subset of the candidate values.",US state names directly match after light normalization.,"Both columns contain US state names with a high degree of direct string overlap, making them highly suitable for an equijoin.",
wt-wdc,AJ-us-presidents-6_source_State_of_Birth,title,target_041149,title,"[""Virginia"", ""Massachusetts"", ""South/North Carolina"", ""New York"", ""North Carolina"", ""New Hampshire"", ""Pennsylvania"", ""Kentucky"", ""Ohio"", ""Vermont"", ""New Jersey"", ""Iowa"", ""Missouri"", ""Texas"", ""California"", ""Nebraska"", ""Georgia"", ""Illinois"", ""Arkansas"", ""Connecticut"", ""Hawaii""]","[""Alabama"", ""Alaska"", ""Arizona"", ""Arkansas"", ""California"", ""Colorado"", ""Connecticut"", ""Delaware"", ""District of Columbia"", ""Florida"", ""Georgia"", ""Guam"", ""Hawaii"", ""Idaho"", ""Illinois"", ""Indiana"", ""Iowa"", ""Kansas"", ""Kentucky"", ""Louisiana"", ""Maine"", ""Maryland"", ""Massachusetts"", ""Michigan"", ""Minnesota"", ""Mississippi"", ""Missouri"", ""Montana"", ""Nebraska"", ""Nevada"", ""New Hampshire"", ""New Jersey"", ""New Mexico"", ""New York"", ""North Carolina"", ""North Dakota"", ""Ohio"", ""Oklahoma"", ""Oregon"", ""Pennsylvania"", ""Puerto Rico"", ""Rhode Island"", ""South Carolina"", ""South Dakota"", ""Tennessee"", ""Texas"", ""Utah"", ""Vermont"", ""Virgin Islands"", ""Virginia"", ""Washington"", ""West Virginia"", ""Wisconsin"", ""Wyoming""]",equijoin,"Both columns contain US state names, and the query values are a subset of the candidate values.",semsketch,1.0000,0.9500,1.0000,0.9833,1.0000,0.9500,3,True,True,"Both columns contain US state names, and the query values are a subset of the candidate values.",US state names directly match after light normalization.,Both columns contain US state names with a high degree of direct value overlap.,
wt-wdc,AJ-us-presidents-5_source_State_of_Birth,title,target_017786,title,"[""Virginia"", ""Massachusetts"", ""South/North Carolina"", ""New York"", ""North Carolina"", ""New Hampshire"", ""Pennsylvania"", ""Kentucky"", ""Ohio"", ""Vermont"", ""New Jersey"", ""Iowa"", ""Missouri"", ""Texas"", ""California"", ""Nebraska"", ""Georgia"", ""Illinois"", ""Arkansas"", ""Connecticut"", ""Hawaii""]","[""Connecticut"", ""Maine"", ""Massachusetts"", ""New Hampshire"", ""Rhode Island"", ""Vermont"", ""Delaware"", ""Maryland"", ""New Jersey"", ""New York"", ""Pennsylvania"", ""Illinois"", ""Indiana"", ""Michigan"", ""Ohio"", ""Wisconsin"", ""Iowa"", ""Kansas"", ""Minnesota"", ""Missouri"", ""Nebraska"", ""North Dakota"", ""South Dakota"", ""Alabama"", ""Arkansas"", ""Florida"", ""Georgia"", ""Kentucky"", ""Louisiana"", ""Mississippi"", ""North Carolina"", ""South Carolina"", ""Tennessee"", ""Virginia"", ""West Virginia"", ""Arizona"", ""New Mexico"", ""Oklahoma"", ""Texas"", ""Colorado"", ""Idaho"", ""Montana"", ""Utah"", ""Wyoming"", ""Alaska"", ""California"", ""Hawaii"", ""Nevada"", ""Oregon"", ""Washington""]",equijoin,Both columns contain US state names and share a high degree of value overlap.,semsketch,1.0000,0.9400,1.0000,0.9800,1.0000,0.9400,3,True,True,Both columns contain US state names and share a high degree of value overlap.,US state names directly overlap with the candidate state list.,"Both columns contain US state names with a high degree of direct value overlap, making them highly suitable for an equijoin.",
wt-wdc,AJ-us-presidents-5_source_State_of_Birth,title,target_022882,title,"[""Virginia"", ""Massachusetts"", ""South/North Carolina"", ""New York"", ""North Carolina"", ""New Hampshire"", ""Pennsylvania"", ""Kentucky"", ""Ohio"", ""Vermont"", ""New Jersey"", ""Iowa"", ""Missouri"", ""Texas"", ""California"", ""Nebraska"", ""Georgia"", ""Illinois"", ""Arkansas"", ""Connecticut"", ""Hawaii""]","[""Texas"", ""North Dakota"", ""South Dakota"", ""Kansas"", ""Oklahoma"", ""Florida"", ""California"", ""Nebraska"", ""Georgia"", ""Minnesota"", ""Montana"", ""Iowa"", ""Colorado"", ""North Carolina"", ""Missouri"", ""Arkansas"", ""Alabama"", ""Ohio"", ""Mississippi"", ""Michigan"", ""Illinois"", ""Wisconsin"", ""Washington"", ""Louisiana"", ""New Mexico"", ""Kentucky"", ""Tennessee"", ""Indiana"", ""Virginia"", ""Idaho"", ""South Carolina"", ""New York"", ""Wyoming"", ""Oregon"", ""Pennsylvania"", ""Utah"", ""Arizona"", ""Maryland"", ""New Jersey"", ""Massachusetts"", ""Vermont"", ""Nevada"", ""Maine"", ""Hawaii"", ""Connecticut"", ""West Virginia"", ""Delaware"", ""New Hampshire"", ""Alaska"", ""Rhode Island""]",equijoin,Both columns contain US state names and share a high degree of value overlap.,semsketch,1.0000,0.9400,1.0000,0.9800,1.0000,0.9400,3,True,True,Both columns contain US state names and share a high degree of value overlap.,US state names directly overlap with the candidate state list.,Both columns contain US state names with a high degree of direct value overlap.,
wt-wdc,AJ-us-presidents-5_source_State_of_Birth,title,target_026037,title,"[""Virginia"", ""Massachusetts"", ""South/North Carolina"", ""New York"", ""North Carolina"", ""New Hampshire"", ""Pennsylvania"", ""Kentucky"", ""Ohio"", ""Vermont"", ""New Jersey"", ""Iowa"", ""Missouri"", ""Texas"", ""California"", ""Nebraska"", ""Georgia"", ""Illinois"", ""Arkansas"", ""Connecticut"", ""Hawaii""]","[""Iowa"", ""Illinois"", ""Texas"", ""Kansas"", ""Nebraska"", ""Minnesota"", ""Arkansas"", ""North Dakota"", ""Indiana"", ""Missouri"", ""Ohio"", ""North Carolina"", ""South Dakota"", ""California"", ""Louisiana"", ""Mississippi"", ""Georgia"", ""Oklahoma"", ""Wisconsin"", ""Montana"", ""Kentucky"", ""Michigan"", ""Colorado"", ""Washington"", ""Tennessee"", ""Idaho"", ""Alabama"", ""South Carolina"", ""Virginia"", ""Arizona"", ""Oregon"", ""New York"", ""Pennsylvania"", ""New Mexico"", ""Maryland"", ""Florida"", ""Wyoming"", ""Utah"", ""Delaware"", ""New Jersey"", ""Maine"", ""West Virginia"", ""Vermont"", ""Massachusetts"", ""Connecticut"", ""Nevada"", ""New Hampshire"", ""Alaska"", ""Hawaii"", ""Rhode Island""]",equijoin,Both columns contain US state names and share a high degree of value overlap.,semsketch,1.0000,0.9400,1.0000,0.9800,1.0000,0.9400,3,True,True,Both columns contain US state names and share a high degree of value overlap.,US state names directly overlap with the candidate state list.,"Both columns contain US state names with a high degree of exact value overlap, making them highly suitable for an equijoin.",
wt-wdc,AJ-us-presidents-5_source_State_of_Birth,title,target_034286,title,"[""Virginia"", ""Massachusetts"", ""South/North Carolina"", ""New York"", ""North Carolina"", ""New Hampshire"", ""Pennsylvania"", ""Kentucky"", ""Ohio"", ""Vermont"", ""New Jersey"", ""Iowa"", ""Missouri"", ""Texas"", ""California"", ""Nebraska"", ""Georgia"", ""Illinois"", ""Arkansas"", ""Connecticut"", ""Hawaii""]","[""Texas"", ""Oklahoma"", ""South Dakota"", ""Nebraska"", ""Montana"", ""California"", ""Missouri"", ""Georgia"", ""North Dakota"", ""New Mexico"", ""Arkansas"", ""Alabama"", ""Kansas"", ""Colorado"", ""Iowa"", ""Kentucky"", ""Tennessee"", ""Wyoming"", ""Florida"", ""Louisiana"", ""Minnesota"", ""Mississippi"", ""Wisconsin"", ""Utah"", ""North Carolina"", ""Virginia"", ""Idaho"", ""New York"", ""Illinois"", ""Arizona"", ""Ohio"", ""Pennsylvania"", ""Oregon"", ""Indiana"", ""South Carolina"", ""Michigan"", ""Washington"", ""Hawaii"", ""Nevada"", ""West Virginia"", ""Vermont"", ""Maryland"", ""Massachusetts"", ""Maine"", ""Connecticut"", ""New Jersey"", ""New Hampshire"", ""Delaware"", ""Alaska"", ""Rhode Island""]",equijoin,Both columns contain US state names and share a high degree of value overlap.,semsketch,1.0000,0.9400,1.0000,0.9800,1.0000,0.9400,3,True,True,Both columns contain US state names and share a high degree of value overlap.,US state names directly overlap with the candidate state list.,Both columns contain US state names with a high degree of direct value overlap.,
wt-wdc,AJ-us-presidents-5_source_State_of_Birth,title,target_034444,title,"[""Virginia"", ""Massachusetts"", ""South/North Carolina"", ""New York"", ""North Carolina"", ""New Hampshire"", ""Pennsylvania"", ""Kentucky"", ""Ohio"", ""Vermont"", ""New Jersey"", ""Iowa"", ""Missouri"", ""Texas"", ""California"", ""Nebraska"", ""Georgia"", ""Illinois"", ""Arkansas"", ""Connecticut"", ""Hawaii""]","[""Iowa"", ""Texas"", ""Illinois"", ""Nebraska"", ""Minnesota"", ""Kansas"", ""Arkansas"", ""Indiana"", ""California"", ""North Dakota"", ""Mississippi"", ""Missouri"", ""South Dakota"", ""Ohio"", ""Wisconsin"", ""Georgia"", ""Louisiana"", ""North Carolina"", ""Oklahoma"", ""Michigan"", ""Montana"", ""Tennessee"", ""Colorado"", ""Kentucky"", ""Washington"", ""Alabama"", ""Idaho"", ""New York"", ""Arizona"", ""Pennsylvania"", ""Virginia"", ""South Carolina"", ""Oregon"", ""Maryland"", ""New Mexico"", ""Florida"", ""Utah"", ""Wyoming"", ""Delaware"", ""Vermont"", ""New Jersey"", ""West Virginia"", ""Maine"", ""Connecticut"", ""Massachusetts"", ""Nevada"", ""New Hampshire"", ""Alaska"", ""Rhode Island"", ""Hawaii""]",equijoin,Both columns contain US state names and share a high degree of value overlap.,semsketch,1.0000,0.9400,1.0000,0.9800,1.0000,0.9400,3,True,True,Both columns contain US state names and share a high degree of value overlap.,US state names directly overlap with the candidate state list.,"Both columns contain US state names with a high degree of direct value overlap, making them suitable for an equijoin.",
wt-wdc,AJ-us-presidents-5_source_State_of_Birth,title,target_037174,title,"[""Virginia"", ""Massachusetts"", ""South/North Carolina"", ""New York"", ""North Carolina"", ""New Hampshire"", ""Pennsylvania"", ""Kentucky"", ""Ohio"", ""Vermont"", ""New Jersey"", ""Iowa"", ""Missouri"", ""Texas"", ""California"", ""Nebraska"", ""Georgia"", ""Illinois"", ""Arkansas"", ""Connecticut"", ""Hawaii""]","[""Georgia"", ""Texas"", ""Utah"", ""Nebraska"", ""North Carolina"", ""Minnesota"", ""Washington"", ""Colorado"", ""Virginia"", ""North Dakota"", ""South Dakota"", ""Iowa"", ""Arizona"", ""Tennessee"", ""Kansas"", ""Idaho"", ""Wisconsin"", ""Ohio"", ""Indiana"", ""Florida"", ""Wyoming"", ""Oregon"", ""Missouri"", ""South Carolina"", ""Massachusetts"", ""Michigan"", ""Illinois"", ""Oklahoma"", ""Nevada"", ""Arkansas"", ""New Hampshire"", ""California"", ""Montana"", ""Alabama"", ""Maryland"", ""Mississippi"", ""New Mexico"", ""Delaware"", ""Kentucky"", ""Louisiana"", ""New York"", ""Vermont"", ""New Jersey"", ""Pennsylvania"", ""Maine"", ""Connecticut"", ""Alaska"", ""West Virginia"", ""Hawaii"", ""Rhode Island""]",equijoin,Both columns contain US state names and share a high degree of value overlap.,semsketch,1.0000,0.9400,1.0000,0.9800,1.0000,0.9400,3,True,True,Both columns contain US state names and share a high degree of value overlap.,US state names directly overlap with the candidate state list.,Both columns contain US state names with a high degree of direct value overlap.,
wt-wdc,AJ-us-presidents-5_source_State_of_Birth,title,target_039023,title,"[""Virginia"", ""Massachusetts"", ""South/North Carolina"", ""New York"", ""North Carolina"", ""New Hampshire"", ""Pennsylvania"", ""Kentucky"", ""Ohio"", ""Vermont"", ""New Jersey"", ""Iowa"", ""Missouri"", ""Texas"", ""California"", ""Nebraska"", ""Georgia"", ""Illinois"", ""Arkansas"", ""Connecticut"", ""Hawaii""]","[""Vermont"", ""Oregon"", ""Washington"", ""Hawaii"", ""Maryland"", ""Connecticut"", ""New Jersey"", ""Rhode Island"", ""New York"", ""Arizona"", ""Massachusetts"", ""Idaho"", ""Colorado"", ""California"", ""Minnesota"", ""Wisconsin"", ""Nevada"", ""New Mexico"", ""New Hampshire"", ""Florida"", ""South Dakota"", ""Montana"", ""Virginia"", ""Michigan"", ""Maine"", ""North Carolina"", ""Illinois"", ""Utah"", ""Georgia"", ""Delaware"", ""Kansas"", ""Pennsylvania"", ""Nebraska"", ""Texas"", ""Iowa"", ""South Carolina"", ""Wyoming"", ""Oklahoma"", ""Ohio"", ""Alaska"", ""Missouri"", ""North Dakota"", ""Tennessee"", ""Arkansas"", ""Kentucky"", ""Mississippi"", ""Louisiana"", ""Alabama"", ""Indiana"", ""West Virginia""]",equijoin,Both columns contain US state names and share a high degree of value overlap.,semsketch,1.0000,0.9400,1.0000,0.9800,1.0000,0.9400,3,True,True,Both columns contain US state names and share a high degree of value overlap.,US state names directly overlap with the candidate state list.,Both columns contain US state names with a high degree of direct value overlap.,
wt-wdc,AJ-us-presidents-6_source_State_of_Birth,title,target_017786,title,"[""Virginia"", ""Massachusetts"", ""South/North Carolina"", ""New York"", ""North Carolina"", ""New Hampshire"", ""Pennsylvania"", ""Kentucky"", ""Ohio"", ""Vermont"", ""New Jersey"", ""Iowa"", ""Missouri"", ""Texas"", ""California"", ""Nebraska"", ""Georgia"", ""Illinois"", ""Arkansas"", ""Connecticut"", ""Hawaii""]","[""Connecticut"", ""Maine"", ""Massachusetts"", ""New Hampshire"", ""Rhode Island"", ""Vermont"", ""Delaware"", ""Maryland"", ""New Jersey"", ""New York"", ""Pennsylvania"", ""Illinois"", ""Indiana"", ""Michigan"", ""Ohio"", ""Wisconsin"", ""Iowa"", ""Kansas"", ""Minnesota"", ""Missouri"", ""Nebraska"", ""North Dakota"", ""South Dakota"", ""Alabama"", ""Arkansas"", ""Florida"", ""Georgia"", ""Kentucky"", ""Louisiana"", ""Mississippi"", ""North Carolina"", ""South Carolina"", ""Tennessee"", ""Virginia"", ""West Virginia"", ""Arizona"", ""New Mexico"", ""Oklahoma"", ""Texas"", ""Colorado"", ""Idaho"", ""Montana"", ""Utah"", ""Wyoming"", ""Alaska"", ""California"", ""Hawaii"", ""Nevada"", ""Oregon"", ""Washington""]",equijoin,"Both columns contain US state names, and the query values are a subset of the candidate values.",semsketch,1.0000,0.9400,1.0000,0.9800,1.0000,0.9400,3,True,True,"Both columns contain US state names, and the query values are a subset of the candidate values.",US state names directly overlap with the candidate state list.,Both columns contain US state names with a high degree of exact string overlap.,
wt-wdc,AJ-us-presidents-6_source_State_of_Birth,title,target_022882,title,"[""Virginia"", ""Massachusetts"", ""South/North Carolina"", ""New York"", ""North Carolina"", ""New Hampshire"", ""Pennsylvania"", ""Kentucky"", ""Ohio"", ""Vermont"", ""New Jersey"", ""Iowa"", ""Missouri"", ""Texas"", ""California"", ""Nebraska"", ""Georgia"", ""Illinois"", ""Arkansas"", ""Connecticut"", ""Hawaii""]","[""Texas"", ""North Dakota"", ""South Dakota"", ""Kansas"", ""Oklahoma"", ""Florida"", ""California"", ""Nebraska"", ""Georgia"", ""Minnesota"", ""Montana"", ""Iowa"", ""Colorado"", ""North Carolina"", ""Missouri"", ""Arkansas"", ""Alabama"", ""Ohio"", ""Mississippi"", ""Michigan"", ""Illinois"", ""Wisconsin"", ""Washington"", ""Louisiana"", ""New Mexico"", ""Kentucky"", ""Tennessee"", ""Indiana"", ""Virginia"", ""Idaho"", ""South Carolina"", ""New York"", ""Wyoming"", ""Oregon"", ""Pennsylvania"", ""Utah"", ""Arizona"", ""Maryland"", ""New Jersey"", ""Massachusetts"", ""Vermont"", ""Nevada"", ""Maine"", ""Hawaii"", ""Connecticut"", ""West Virginia"", ""Delaware"", ""New Hampshire"", ""Alaska"", ""Rhode Island""]",equijoin,"Both columns contain US state names, and the query values are a subset of the candidate values.",semsketch,1.0000,0.9400,1.0000,0.9800,1.0000,0.9400,3,True,True,"Both columns contain US state names, and the query values are a subset of the candidate values.",US state names directly overlap with the candidate state list.,Both columns contain US state names with a very high degree of exact value overlap.,
wt-wdc,AJ-us-presidents-6_source_State_of_Birth,title,target_026037,title,"[""Virginia"", ""Massachusetts"", ""South/North Carolina"", ""New York"", ""North Carolina"", ""New Hampshire"", ""Pennsylvania"", ""Kentucky"", ""Ohio"", ""Vermont"", ""New Jersey"", ""Iowa"", ""Missouri"", ""Texas"", ""California"", ""Nebraska"", ""Georgia"", ""Illinois"", ""Arkansas"", ""Connecticut"", ""Hawaii""]","[""Iowa"", ""Illinois"", ""Texas"", ""Kansas"", ""Nebraska"", ""Minnesota"", ""Arkansas"", ""North Dakota"", ""Indiana"", ""Missouri"", ""Ohio"", ""North Carolina"", ""South Dakota"", ""California"", ""Louisiana"", ""Mississippi"", ""Georgia"", ""Oklahoma"", ""Wisconsin"", ""Montana"", ""Kentucky"", ""Michigan"", ""Colorado"", ""Washington"", ""Tennessee"", ""Idaho"", ""Alabama"", ""South Carolina"", ""Virginia"", ""Arizona"", ""Oregon"", ""New York"", ""Pennsylvania"", ""New Mexico"", ""Maryland"", ""Florida"", ""Wyoming"", ""Utah"", ""Delaware"", ""New Jersey"", ""Maine"", ""West Virginia"", ""Vermont"", ""Massachusetts"", ""Connecticut"", ""Nevada"", ""New Hampshire"", ""Alaska"", ""Hawaii"", ""Rhode Island""]",equijoin,"Both columns contain US state names, and the query values are a subset of the candidate values.",semsketch,1.0000,0.9400,1.0000,0.9800,1.0000,0.9400,3,True,True,"Both columns contain US state names, and the query values are a subset of the candidate values.",US state names directly overlap with the candidate state list.,Both columns contain US state names with a very high degree of exact value overlap.,
wt-wdc,AJ-us-presidents-6_source_State_of_Birth,title,target_029311,title,"[""Virginia"", ""Massachusetts"", ""South/North Carolina"", ""New York"", ""North Carolina"", ""New Hampshire"", ""Pennsylvania"", ""Kentucky"", ""Ohio"", ""Vermont"", ""New Jersey"", ""Iowa"", ""Missouri"", ""Texas"", ""California"", ""Nebraska"", ""Georgia"", ""Illinois"", ""Arkansas"", ""Connecticut"", ""Hawaii""]","[""Texas"", ""Oklahoma"", ""South Dakota"", ""Nebraska"", ""Montana"", ""California"", ""Missouri"", ""Georgia"", ""North Dakota"", ""New Mexico"", ""Arkansas"", ""Alabama"", ""Kansas"", ""Colorado"", ""Iowa"", ""Kentucky"", ""Tennessee"", ""Wyoming"", ""Florida"", ""Louisiana"", ""Minnesota"", ""Mississippi"", ""Wisconsin"", ""Utah"", ""North Carolina"", ""Virginia"", ""Idaho"", ""New York"", ""Illinois"", ""Arizona"", ""Ohio"", ""Pennsylvania"", ""Oregon"", ""Indiana"", ""South Carolina"", ""Michigan"", ""Washington"", ""Hawaii"", ""Nevada"", ""West Virginia"", ""Vermont"", ""Maryland"", ""Massachusetts"", ""Maine"", ""Connecticut"", ""New Jersey"", ""New Hampshire"", ""Delaware"", ""Alaska"", ""Rhode Island""]",equijoin,"Both columns contain US state names, and the query values are a subset of the candidate values.",semsketch,1.0000,0.9400,1.0000,0.9800,1.0000,0.9400,3,True,True,"Both columns contain US state names, and the query values are a subset of the candidate values.",US state names directly overlap with the candidate state list.,Both columns contain US state names with a high degree of exact string overlap.,
wt-wdc,AJ-us-presidents-6_source_State_of_Birth,title,target_034286,title,"[""Virginia"", ""Massachusetts"", ""South/North Carolina"", ""New York"", ""North Carolina"", ""New Hampshire"", ""Pennsylvania"", ""Kentucky"", ""Ohio"", ""Vermont"", ""New Jersey"", ""Iowa"", ""Missouri"", ""Texas"", ""California"", ""Nebraska"", ""Georgia"", ""Illinois"", ""Arkansas"", ""Connecticut"", ""Hawaii""]","[""Texas"", ""Oklahoma"", ""South Dakota"", ""Nebraska"", ""Montana"", ""California"", ""Missouri"", ""Georgia"", ""North Dakota"", ""New Mexico"", ""Arkansas"", ""Alabama"", ""Kansas"", ""Colorado"", ""Iowa"", ""Kentucky"", ""Tennessee"", ""Wyoming"", ""Florida"", ""Louisiana"", ""Minnesota"", ""Mississippi"", ""Wisconsin"", ""Utah"", ""North Carolina"", ""Virginia"", ""Idaho"", ""New York"", ""Illinois"", ""Arizona"", ""Ohio"", ""Pennsylvania"", ""Oregon"", ""Indiana"", ""South Carolina"", ""Michigan"", ""Washington"", ""Hawaii"", ""Nevada"", ""West Virginia"", ""Vermont"", ""Maryland"", ""Massachusetts"", ""Maine"", ""Connecticut"", ""New Jersey"", ""New Hampshire"", ""Delaware"", ""Alaska"", ""Rhode Island""]",equijoin,"Both columns contain US state names, and the query values are a subset of the candidate values.",semsketch,1.0000,0.9400,1.0000,0.9800,1.0000,0.9400,3,True,True,"Both columns contain US state names, and the query values are a subset of the candidate values.",US state names directly overlap with the candidate state list.,Both columns contain US state names with a high degree of exact value overlap.,
wt-wdc,AJ-us-presidents-6_source_State_of_Birth,title,target_037174,title,"[""Virginia"", ""Massachusetts"", ""South/North Carolina"", ""New York"", ""North Carolina"", ""New Hampshire"", ""Pennsylvania"", ""Kentucky"", ""Ohio"", ""Vermont"", ""New Jersey"", ""Iowa"", ""Missouri"", ""Texas"", ""California"", ""Nebraska"", ""Georgia"", ""Illinois"", ""Arkansas"", ""Connecticut"", ""Hawaii""]","[""Georgia"", ""Texas"", ""Utah"", ""Nebraska"", ""North Carolina"", ""Minnesota"", ""Washington"", ""Colorado"", ""Virginia"", ""North Dakota"", ""South Dakota"", ""Iowa"", ""Arizona"", ""Tennessee"", ""Kansas"", ""Idaho"", ""Wisconsin"", ""Ohio"", ""Indiana"", ""Florida"", ""Wyoming"", ""Oregon"", ""Missouri"", ""South Carolina"", ""Massachusetts"", ""Michigan"", ""Illinois"", ""Oklahoma"", ""Nevada"", ""Arkansas"", ""New Hampshire"", ""California"", ""Montana"", ""Alabama"", ""Maryland"", ""Mississippi"", ""New Mexico"", ""Delaware"", ""Kentucky"", ""Louisiana"", ""New York"", ""Vermont"", ""New Jersey"", ""Pennsylvania"", ""Maine"", ""Connecticut"", ""Alaska"", ""West Virginia"", ""Hawaii"", ""Rhode Island""]",equijoin,"Both columns contain US state names, and the query values are a subset of the candidate values.",semsketch,1.0000,0.9400,1.0000,0.9800,1.0000,0.9400,3,True,True,"Both columns contain US state names, and the query values are a subset of the candidate values.",US state names directly overlap with the candidate state list.,Both columns contain US state names with a high degree of direct value overlap.,
wt-wdc,AJ-us-presidents-6_source_State_of_Birth,title,target_039023,title,"[""Virginia"", ""Massachusetts"", ""South/North Carolina"", ""New York"", ""North Carolina"", ""New Hampshire"", ""Pennsylvania"", ""Kentucky"", ""Ohio"", ""Vermont"", ""New Jersey"", ""Iowa"", ""Missouri"", ""Texas"", ""California"", ""Nebraska"", ""Georgia"", ""Illinois"", ""Arkansas"", ""Connecticut"", ""Hawaii""]","[""Vermont"", ""Oregon"", ""Washington"", ""Hawaii"", ""Maryland"", ""Connecticut"", ""New Jersey"", ""Rhode Island"", ""New York"", ""Arizona"", ""Massachusetts"", ""Idaho"", ""Colorado"", ""California"", ""Minnesota"", ""Wisconsin"", ""Nevada"", ""New Mexico"", ""New Hampshire"", ""Florida"", ""South Dakota"", ""Montana"", ""Virginia"", ""Michigan"", ""Maine"", ""North Carolina"", ""Illinois"", ""Utah"", ""Georgia"", ""Delaware"", ""Kansas"", ""Pennsylvania"", ""Nebraska"", ""Texas"", ""Iowa"", ""South Carolina"", ""Wyoming"", ""Oklahoma"", ""Ohio"", ""Alaska"", ""Missouri"", ""North Dakota"", ""Tennessee"", ""Arkansas"", ""Kentucky"", ""Mississippi"", ""Louisiana"", ""Alabama"", ""Indiana"", ""West Virginia""]",equijoin,"Both columns contain US state names, and the query values are a subset of the candidate values.",semsketch,1.0000,0.9400,1.0000,0.9800,1.0000,0.9400,3,True,True,"Both columns contain US state names, and the query values are a subset of the candidate values.",US state names directly overlap with the candidate state list.,Both columns contain US state names with a very high degree of exact value overlap.,
wt-wdc,AJ-us-presidents-2_source_State,title,target_036945,title,"[""Virginia"", ""Massachusetts"", ""Tennessee"", ""New York"", ""Ohio"", ""Louisiana"", ""New Hampshire"", ""Pennsylvania"", ""Illinois"", ""Indiana"", ""New Jersey"", ""Iowa"", ""Missouri"", ""Kansas"", ""Texas"", ""California"", ""Michigan"", ""Georgia"", ""Arkansas""]","[""Alabama"", ""Alaska"", ""Arizona"", ""Arkansas"", ""California"", ""Colorado"", ""Connecticut"", ""Delaware"", ""District of Columbia"", ""Florida"", ""Georgia"", ""Hawaii"", ""Idaho"", ""Illinois"", ""Indiana"", ""Iowa"", ""Kansas"", ""Kentucky"", ""Louisiana"", ""Maine"", ""Maryland"", ""Massachusetts"", ""Michigan"", ""Minnesota"", ""Mississippi"", ""Missouri"", ""Montana"", ""Nebraska"", ""Nevada"", ""New Hampshire"", ""New Jersey"", ""New Mexico"", ""New York"", ""North Carolina"", ""North Dakota"", ""Ohio"", ""Oklahoma"", ""Oregon"", ""Pennsylvania"", ""Rhode Island"", ""South Carolina"", ""South Dakota"", ""Tennessee"", ""Texas"", ""Utah"", ""Vermont"", ""Virginia"", ""Washington"", ""West Virginia"", ""Wyoming""]",equijoin,"Both columns contain US state names, and the query values are a subset of the candidate values.",semsketch,1.0000,0.9400,1.0000,0.9800,1.0000,0.9400,3,True,True,"Both columns contain US state names, and the query values are a subset of the candidate values.",US state names directly overlap with the candidate state list.,"Both columns contain US state names with a high degree of direct value overlap, making them perfectly suitable for an equijoin.",
wt-wdc,AJ-us-presidents-1_source_State,title,target_036945,title,"[""Virginia"", ""Massachusetts"", ""Tennessee"", ""New York"", ""Ohio"", ""Louisiana"", ""New Hampshire"", ""Pennsylvania"", ""Illinois"", ""Indiana"", ""New Jersey"", ""Iowa"", ""Missouri"", ""Kansas"", ""Texas"", ""California"", ""Michigan"", ""Georgia"", ""Arkansas""]","[""Alabama"", ""Alaska"", ""Arizona"", ""Arkansas"", ""California"", ""Colorado"", ""Connecticut"", ""Delaware"", ""District of Columbia"", ""Florida"", ""Georgia"", ""Hawaii"", ""Idaho"", ""Illinois"", ""Indiana"", ""Iowa"", ""Kansas"", ""Kentucky"", ""Louisiana"", ""Maine"", ""Maryland"", ""Massachusetts"", ""Michigan"", ""Minnesota"", ""Mississippi"", ""Missouri"", ""Montana"", ""Nebraska"", ""Nevada"", ""New Hampshire"", ""New Jersey"", ""New Mexico"", ""New York"", ""North Carolina"", ""North Dakota"", ""Ohio"", ""Oklahoma"", ""Oregon"", ""Pennsylvania"", ""Rhode Island"", ""South Carolina"", ""South Dakota"", ""Tennessee"", ""Texas"", ""Utah"", ""Vermont"", ""Virginia"", ""Washington"", ""West Virginia"", ""Wyoming""]",equijoin,Both columns contain US state names and the query values are a subset of the candidate values.,semsketch,1.0000,0.9400,1.0000,0.9800,1.0000,0.9400,3,True,True,Both columns contain US state names and the query values are a subset of the candidate values.,US state names directly overlap with the candidate state list.,Both columns contain US state names with a high degree of direct value overlap.,
wt-wdc,AJ-us-presidents-2_source_State,title,target_026037,title,"[""Virginia"", ""Massachusetts"", ""Tennessee"", ""New York"", ""Ohio"", ""Louisiana"", ""New Hampshire"", ""Pennsylvania"", ""Illinois"", ""Indiana"", ""New Jersey"", ""Iowa"", ""Missouri"", ""Kansas"", ""Texas"", ""California"", ""Michigan"", ""Georgia"", ""Arkansas""]","[""Iowa"", ""Illinois"", ""Texas"", ""Kansas"", ""Nebraska"", ""Minnesota"", ""Arkansas"", ""North Dakota"", ""Indiana"", ""Missouri"", ""Ohio"", ""North Carolina"", ""South Dakota"", ""California"", ""Louisiana"", ""Mississippi"", ""Georgia"", ""Oklahoma"", ""Wisconsin"", ""Montana"", ""Kentucky"", ""Michigan"", ""Colorado"", ""Washington"", ""Tennessee"", ""Idaho"", ""Alabama"", ""South Carolina"", ""Virginia"", ""Arizona"", ""Oregon"", ""New York"", ""Pennsylvania"", ""New Mexico"", ""Maryland"", ""Florida"", ""Wyoming"", ""Utah"", ""Delaware"", ""New Jersey"", ""Maine"", ""West Virginia"", ""Vermont"", ""Massachusetts"", ""Connecticut"", ""Nevada"", ""New Hampshire"", ""Alaska"", ""Hawaii"", ""Rhode Island""]",equijoin,Both columns contain US state names with a high degree of value overlap.,semsketch,1.0000,0.9400,1.0000,0.9800,1.0000,0.9400,3,True,True,Both columns contain US state names with a high degree of value overlap.,US state names directly overlap with the candidate state list.,"Both columns contain US state names with a high degree of direct value overlap, making them perfect candidates for an equijoin.",
wt-wdc,AJ-us-presidents-2_source_State,title,target_032430,title,"[""Virginia"", ""Massachusetts"", ""Tennessee"", ""New York"", ""Ohio"", ""Louisiana"", ""New Hampshire"", ""Pennsylvania"", ""Illinois"", ""Indiana"", ""New Jersey"", ""Iowa"", ""Missouri"", ""Kansas"", ""Texas"", ""California"", ""Michigan"", ""Georgia"", ""Arkansas""]","[""Tennessee"", ""Alabama"", ""West Virginia"", ""Utah"", ""Mississippi"", ""Arkansas"", ""Oklahoma"", ""North Carolina"", ""Georgia"", ""Arizona"", ""Kentucky"", ""Maryland"", ""New Mexico"", ""Idaho"", ""South Carolina"", ""Indiana"", ""Nevada"", ""Kansas"", ""Florida"", ""Virginia"", ""Louisiana"", ""New Jersey"", ""Oregon"", ""Wyoming"", ""Texas"", ""New Hampshire"", ""Washington"", ""Delaware"", ""Ohio"", ""Vermont"", ""Maine"", ""Missouri"", ""Pennsylvania"", ""California"", ""New York"", ""Rhode Island"", ""Connecticut"", ""Hawaii"", ""Colorado"", ""Michigan"", ""South Dakota"", ""Massachusetts"", ""Alaska"", ""Nebraska"", ""Montana"", ""Minnesota"", ""Iowa"", ""Illinois"", ""Wisconsin"", ""North Dakota""]",equijoin,Both columns contain US state names with a high degree of value overlap.,semsketch,1.0000,0.9400,1.0000,0.9800,1.0000,0.9400,3,True,True,Both columns contain US state names with a high degree of value overlap.,US state names directly overlap with the candidate state list.,Both columns contain US state names with a high degree of exact string overlap.,
wt-wdc,AJ-us-presidents-2_source_State,title,target_039023,title,"[""Virginia"", ""Massachusetts"", ""Tennessee"", ""New York"", ""Ohio"", ""Louisiana"", ""New Hampshire"", ""Pennsylvania"", ""Illinois"", ""Indiana"", ""New Jersey"", ""Iowa"", ""Missouri"", ""Kansas"", ""Texas"", ""California"", ""Michigan"", ""Georgia"", ""Arkansas""]","[""Vermont"", ""Oregon"", ""Washington"", ""Hawaii"", ""Maryland"", ""Connecticut"", ""New Jersey"", ""Rhode Island"", ""New York"", ""Arizona"", ""Massachusetts"", ""Idaho"", ""Colorado"", ""California"", ""Minnesota"", ""Wisconsin"", ""Nevada"", ""New Mexico"", ""New Hampshire"", ""Florida"", ""South Dakota"", ""Montana"", ""Virginia"", ""Michigan"", ""Maine"", ""North Carolina"", ""Illinois"", ""Utah"", ""Georgia"", ""Delaware"", ""Kansas"", ""Pennsylvania"", ""Nebraska"", ""Texas"", ""Iowa"", ""South Carolina"", ""Wyoming"", ""Oklahoma"", ""Ohio"", ""Alaska"", ""Missouri"", ""North Dakota"", ""Tennessee"", ""Arkansas"", ""Kentucky"", ""Mississippi"", ""Louisiana"", ""Alabama"", ""Indiana"", ""West Virginia""]",equijoin,Both columns contain US state names with a high degree of value overlap.,semsketch,1.0000,0.9400,1.0000,0.9800,1.0000,0.9400,3,True,True,Both columns contain US state names with a high degree of value overlap.,US state names directly overlap with the candidate state list.,Both columns contain US state names with a high degree of direct value overlap.,
wt-wdc,AJ-us-presidents-2_source_State,title,target_052499,title,"[""Virginia"", ""Massachusetts"", ""Tennessee"", ""New York"", ""Ohio"", ""Louisiana"", ""New Hampshire"", ""Pennsylvania"", ""Illinois"", ""Indiana"", ""New Jersey"", ""Iowa"", ""Missouri"", ""Kansas"", ""Texas"", ""California"", ""Michigan"", ""Georgia"", ""Arkansas""]","[""Iowa"", ""Illinois"", ""Texas"", ""Kansas"", ""Nebraska"", ""Minnesota"", ""Arkansas"", ""North Dakota"", ""Indiana"", ""Missouri"", ""Ohio"", ""North Carolina"", ""South Dakota"", ""California"", ""Louisiana"", ""Mississippi"", ""Georgia"", ""Oklahoma"", ""Wisconsin"", ""Montana"", ""Kentucky"", ""Michigan"", ""Colorado"", ""Washington"", ""Tennessee"", ""Idaho"", ""Alabama"", ""South Carolina"", ""Virginia"", ""Arizona"", ""Oregon"", ""New York"", ""Pennsylvania"", ""New Mexico"", ""Maryland"", ""Florida"", ""Wyoming"", ""Utah"", ""Delaware"", ""New Jersey"", ""Maine"", ""West Virginia"", ""Vermont"", ""Massachusetts"", ""Connecticut"", ""Nevada"", ""New Hampshire"", ""Alaska"", ""Hawaii"", ""Rhode Island""]",equijoin,Both columns contain US state names with a high degree of value overlap.,semsketch,1.0000,0.9400,1.0000,0.9800,1.0000,0.9400,3,True,True,Both columns contain US state names with a high degree of value overlap.,US state names directly overlap with the candidate state list.,"Both columns contain US state names with a high degree of direct value overlap, making them perfect for an equijoin.",
wt-wdc,AJ-us-presidents-2_source_State,title,target_075925,title,"[""Virginia"", ""Massachusetts"", ""Tennessee"", ""New York"", ""Ohio"", ""Louisiana"", ""New Hampshire"", ""Pennsylvania"", ""Illinois"", ""Indiana"", ""New Jersey"", ""Iowa"", ""Missouri"", ""Kansas"", ""Texas"", ""California"", ""Michigan"", ""Georgia"", ""Arkansas""]","[""Iowa"", ""Illinois"", ""Texas"", ""Kansas"", ""Nebraska"", ""Minnesota"", ""Arkansas"", ""North Dakota"", ""Indiana"", ""Missouri"", ""Ohio"", ""North Carolina"", ""South Dakota"", ""California"", ""Louisiana"", ""Mississippi"", ""Georgia"", ""Oklahoma"", ""Wisconsin"", ""Montana"", ""Kentucky"", ""Michigan"", ""Colorado"", ""Washington"", ""Tennessee"", ""Idaho"", ""Alabama"", ""South Carolina"", ""Virginia"", ""Arizona"", ""Oregon"", ""New York"", ""Pennsylvania"", ""New Mexico"", ""Maryland"", ""Florida"", ""Wyoming"", ""Utah"", ""Delaware"", ""New Jersey"", ""Maine"", ""West Virginia"", ""Vermont"", ""Massachusetts"", ""Connecticut"", ""Nevada"", ""New Hampshire"", ""Alaska"", ""Hawaii"", ""Rhode Island""]",equijoin,Both columns contain US state names with a high degree of value overlap.,semsketch,1.0000,0.9400,1.0000,0.9800,1.0000,0.9400,3,True,True,Both columns contain US state names with a high degree of value overlap.,US state names directly overlap with the candidate state list.,"Both columns contain US state names with a high degree of direct value overlap, making them perfect for an equijoin.",
wt-wdc,AJ-us-presidents-2_source_State,title,target_091044,title,"[""Virginia"", ""Massachusetts"", ""Tennessee"", ""New York"", ""Ohio"", ""Louisiana"", ""New Hampshire"", ""Pennsylvania"", ""Illinois"", ""Indiana"", ""New Jersey"", ""Iowa"", ""Missouri"", ""Kansas"", ""Texas"", ""California"", ""Michigan"", ""Georgia"", ""Arkansas""]","[""Iowa"", ""Illinois"", ""Texas"", ""Kansas"", ""Nebraska"", ""Minnesota"", ""Arkansas"", ""North Dakota"", ""Indiana"", ""Missouri"", ""Ohio"", ""North Carolina"", ""South Dakota"", ""California"", ""Louisiana"", ""Mississippi"", ""Georgia"", ""Oklahoma"", ""Wisconsin"", ""Montana"", ""Kentucky"", ""Michigan"", ""Colorado"", ""Washington"", ""Tennessee"", ""Idaho"", ""Alabama"", ""South Carolina"", ""Virginia"", ""Arizona"", ""Oregon"", ""New York"", ""Pennsylvania"", ""New Mexico"", ""Maryland"", ""Florida"", ""Wyoming"", ""Utah"", ""Delaware"", ""New Jersey"", ""Maine"", ""West Virginia"", ""Vermont"", ""Massachusetts"", ""Connecticut"", ""Nevada"", ""New Hampshire"", ""Alaska"", ""Hawaii"", ""Rhode Island""]",equijoin,Both columns contain US state names with a high degree of value overlap.,semsketch,1.0000,0.9400,1.0000,0.9800,1.0000,0.9400,3,True,True,Both columns contain US state names with a high degree of value overlap.,US state names directly overlap with the candidate state list.,"Both columns contain US state names with a high degree of direct value overlap, making them suitable for an equijoin.",
wt-wdc,AJ-us-presidents-2_source_State,title,target_020193,title,"[""Virginia"", ""Massachusetts"", ""Tennessee"", ""New York"", ""Ohio"", ""Louisiana"", ""New Hampshire"", ""Pennsylvania"", ""Illinois"", ""Indiana"", ""New Jersey"", ""Iowa"", ""Missouri"", ""Kansas"", ""Texas"", ""California"", ""Michigan"", ""Georgia"", ""Arkansas""]","[""Texas"", ""Iowa"", ""North Dakota"", ""Illinois"", ""Kansas"", ""Minnesota"", ""Nebraska"", ""South Dakota"", ""Missouri"", ""Indiana"", ""Ohio"", ""Arkansas"", ""California"", ""Montana"", ""Oklahoma"", ""Wisconsin"", ""Washington"", ""Colorado"", ""Mississippi"", ""North Carolina"", ""Georgia"", ""Kentucky"", ""Louisiana"", ""Michigan"", ""Idaho"", ""Tennessee"", ""Florida"", ""Oregon"", ""Alabama"", ""South Carolina"", ""Virginia"", ""Pennsylvania"", ""New Mexico"", ""Arizona"", ""New York"", ""Maryland"", ""Wyoming"", ""Utah"", ""Delaware"", ""New Jersey"", ""Vermont"", ""Maine"", ""New Hampshire"", ""Hawaii"", ""West Virginia"", ""Connecticut"", ""Massachusetts"", ""Nevada"", ""Alaska"", ""Rhode Island""]",equijoin,Both columns contain US state names with a high degree of value overlap.,semsketch,1.0000,0.9400,1.0000,0.9800,1.0000,0.9400,3,True,True,Both columns contain US state names with a high degree of value overlap.,US state names directly overlap with the candidate state list.,Both columns contain US state names with a high degree of direct value overlap.,
wt-wdc,AJ-us-presidents-2_source_State,title,target_020198,title,"[""Virginia"", ""Massachusetts"", ""Tennessee"", ""New York"", ""Ohio"", ""Louisiana"", ""New Hampshire"", ""Pennsylvania"", ""Illinois"", ""Indiana"", ""New Jersey"", ""Iowa"", ""Missouri"", ""Kansas"", ""Texas"", ""California"", ""Michigan"", ""Georgia"", ""Arkansas""]","[""Alabama"", ""Alaska"", ""Arizona"", ""Arkansas"", ""California"", ""Colorado"", ""Connecticut"", ""Delaware"", ""Florida"", ""Georgia"", ""Hawaii"", ""Idaho"", ""Illinois"", ""Indiana"", ""Iowa"", ""Kansas"", ""Kentucky"", ""Louisiana"", ""Maine"", ""Maryland"", ""Massachusetts"", ""Michigan"", ""Minnesota"", ""Mississippi"", ""Missouri"", ""Montana"", ""Nebraska"", ""Nevada"", ""New Hampshire"", ""New Jersey"", ""New Mexico"", ""New York"", ""North Carolina"", ""North Dakota"", ""Ohio"", ""Oklahoma"", ""Oregon"", ""Pennsylvania"", ""Rhode Island"", ""South Carolina"", ""South Dakota"", ""Tennessee"", ""Texas"", ""Utah"", ""Vermont"", ""Virginia"", ""Washington"", ""West Virginia"", ""Wisconsin"", ""Wyoming""]",equijoin,"Both columns contain US state names, and the query values are a subset of the candidate values.",semsketch,1.0000,0.9400,1.0000,0.9800,1.0000,0.9400,3,True,True,"Both columns contain US state names, and the query values are a subset of the candidate values.",US state names directly overlap with the candidate state list.,"Both columns contain US state names with exact string matches, making them perfectly joinable via equijoin.",
wt-wdc,AJ-us-presidents-2_source_State,title,target_022975,title,"[""Virginia"", ""Massachusetts"", ""Tennessee"", ""New York"", ""Ohio"", ""Louisiana"", ""New Hampshire"", ""Pennsylvania"", ""Illinois"", ""Indiana"", ""New Jersey"", ""Iowa"", ""Missouri"", ""Kansas"", ""Texas"", ""California"", ""Michigan"", ""Georgia"", ""Arkansas""]","[""Hawaii"", ""Colorado"", ""Tennessee"", ""South Dakota"", ""Virginia"", ""Montana"", ""Alaska"", ""Oregon"", ""North Carolina"", ""Pennsylvania"", ""Washington"", ""Kentucky"", ""Iowa"", ""Oklahoma"", ""Vermont"", ""Wisconsin"", ""Wyoming"", ""Florida"", ""North Dakota"", ""Missouri"", ""New Hampshire"", ""Indiana"", ""Idaho"", ""Nebraska"", ""Arizona"", ""Michigan"", ""Maine"", ""Ohio"", ""Delaware"", ""Maryland"", ""South Carolina"", ""New Mexico"", ""Kansas"", ""New York"", ""Georgia"", ""Minnesota"", ""Rhode Island"", ""Texas"", ""Massachusetts"", ""West Virginia"", ""Arkansas"", ""Connecticut"", ""Nevada"", ""Alabama"", ""Louisiana"", ""Utah"", ""Mississippi"", ""New Jersey"", ""Illinois"", ""California""]",equijoin,Both columns contain US state names with a high degree of value overlap.,semsketch,1.0000,0.9400,1.0000,0.9800,1.0000,0.9400,3,True,True,Both columns contain US state names with a high degree of value overlap.,US state names directly overlap with the candidate state list.,"Both columns contain US state names with direct value overlap, making them highly suitable for an equijoin.",
wt-wdc,AJ-us-presidents-1_source_State,title,target_032430,title,"[""Virginia"", ""Massachusetts"", ""Tennessee"", ""New York"", ""Ohio"", ""Louisiana"", ""New Hampshire"", ""Pennsylvania"", ""Illinois"", ""Indiana"", ""New Jersey"", ""Iowa"", ""Missouri"", ""Kansas"", ""Texas"", ""California"", ""Michigan"", ""Georgia"", ""Arkansas""]","[""Tennessee"", ""Alabama"", ""West Virginia"", ""Utah"", ""Mississippi"", ""Arkansas"", ""Oklahoma"", ""North Carolina"", ""Georgia"", ""Arizona"", ""Kentucky"", ""Maryland"", ""New Mexico"", ""Idaho"", ""South Carolina"", ""Indiana"", ""Nevada"", ""Kansas"", ""Florida"", ""Virginia"", ""Louisiana"", ""New Jersey"", ""Oregon"", ""Wyoming"", ""Texas"", ""New Hampshire"", ""Washington"", ""Delaware"", ""Ohio"", ""Vermont"", ""Maine"", ""Missouri"", ""Pennsylvania"", ""California"", ""New York"", ""Rhode Island"", ""Connecticut"", ""Hawaii"", ""Colorado"", ""Michigan"", ""South Dakota"", ""Massachusetts"", ""Alaska"", ""Nebraska"", ""Montana"", ""Minnesota"", ""Iowa"", ""Illinois"", ""Wisconsin"", ""North Dakota""]",equijoin,Both columns contain US state names and the query values are a subset of the candidate values.,semsketch,1.0000,0.9400,1.0000,0.9800,1.0000,0.9400,3,True,True,Both columns contain US state names and the query values are a subset of the candidate values.,US state names directly overlap with the candidate state list.,"Both columns contain US state names with a high degree of direct value overlap, making them perfectly suitable for an equijoin.",
wt-wdc,AJ-us-presidents-1_source_State,title,target_017786,title,"[""Virginia"", ""Massachusetts"", ""Tennessee"", ""New York"", ""Ohio"", ""Louisiana"", ""New Hampshire"", ""Pennsylvania"", ""Illinois"", ""Indiana"", ""New Jersey"", ""Iowa"", ""Missouri"", ""Kansas"", ""Texas"", ""California"", ""Michigan"", ""Georgia"", ""Arkansas""]","[""Connecticut"", ""Maine"", ""Massachusetts"", ""New Hampshire"", ""Rhode Island"", ""Vermont"", ""Delaware"", ""Maryland"", ""New Jersey"", ""New York"", ""Pennsylvania"", ""Illinois"", ""Indiana"", ""Michigan"", ""Ohio"", ""Wisconsin"", ""Iowa"", ""Kansas"", ""Minnesota"", ""Missouri"", ""Nebraska"", ""North Dakota"", ""South Dakota"", ""Alabama"", ""Arkansas"", ""Florida"", ""Georgia"", ""Kentucky"", ""Louisiana"", ""Mississippi"", ""North Carolina"", ""South Carolina"", ""Tennessee"", ""Virginia"", ""West Virginia"", ""Arizona"", ""New Mexico"", ""Oklahoma"", ""Texas"", ""Colorado"", ""Idaho"", ""Montana"", ""Utah"", ""Wyoming"", ""Alaska"", ""California"", ""Hawaii"", ""Nevada"", ""Oregon"", ""Washington""]",equijoin,Both columns contain US state names and the query values are a subset of the candidate values.,semsketch,1.0000,0.9400,1.0000,0.9800,1.0000,0.9400,3,True,True,Both columns contain US state names and the query values are a subset of the candidate values.,US state names directly overlap with the candidate state list.,"Both columns contain US state names with a high degree of direct value overlap, making them perfectly suitable for an equijoin.",
wt-wdc,AJ-us-presidents-1_source_State,title,target_017900,title,"[""Virginia"", ""Massachusetts"", ""Tennessee"", ""New York"", ""Ohio"", ""Louisiana"", ""New Hampshire"", ""Pennsylvania"", ""Illinois"", ""Indiana"", ""New Jersey"", ""Iowa"", ""Missouri"", ""Kansas"", ""Texas"", ""California"", ""Michigan"", ""Georgia"", ""Arkansas""]","[""Alabama"", ""Alaska"", ""Arizona"", ""Arkansas"", ""California"", ""Colorado"", ""Connecticut"", ""Delaware"", ""Florida"", ""Georgia"", ""Hawaii"", ""Idaho"", ""Illinois"", ""Indiana"", ""Iowa"", ""Kansas"", ""Kentucky"", ""Louisiana"", ""Maine"", ""Maryland"", ""Massachusetts"", ""Michigan"", ""Minnesota"", ""Mississippi"", ""Missouri"", ""Montana"", ""Nebraska"", ""Nevada"", ""New Hampshire"", ""New Jersey"", ""New Mexico"", ""New York"", ""North Carolina"", ""North Dakota"", ""Ohio"", ""Oklahoma"", ""Oregon"", ""Pennsylvania"", ""Rhode Island"", ""South Carolina"", ""South Dakota"", ""Tennessee"", ""Texas"", ""Utah"", ""Vermont"", ""Virginia"", ""Washington"", ""West Virginia"", ""Wisconsin"", ""Wyoming""]",equijoin,Both columns contain US state names and the query values are a subset of the candidate values.,semsketch,1.0000,0.9400,1.0000,0.9800,1.0000,0.9400,3,True,True,Both columns contain US state names and the query values are a subset of the candidate values.,US state names directly overlap with the candidate state list.,"Both columns contain US state names with a high degree of direct value overlap, making them perfectly suitable for an equijoin.",
wt-wdc,AJ-us-presidents-1_source_State,title,target_020193,title,"[""Virginia"", ""Massachusetts"", ""Tennessee"", ""New York"", ""Ohio"", ""Louisiana"", ""New Hampshire"", ""Pennsylvania"", ""Illinois"", ""Indiana"", ""New Jersey"", ""Iowa"", ""Missouri"", ""Kansas"", ""Texas"", ""California"", ""Michigan"", ""Georgia"", ""Arkansas""]","[""Texas"", ""Iowa"", ""North Dakota"", ""Illinois"", ""Kansas"", ""Minnesota"", ""Nebraska"", ""South Dakota"", ""Missouri"", ""Indiana"", ""Ohio"", ""Arkansas"", ""California"", ""Montana"", ""Oklahoma"", ""Wisconsin"", ""Washington"", ""Colorado"", ""Mississippi"", ""North Carolina"", ""Georgia"", ""Kentucky"", ""Louisiana"", ""Michigan"", ""Idaho"", ""Tennessee"", ""Florida"", ""Oregon"", ""Alabama"", ""South Carolina"", ""Virginia"", ""Pennsylvania"", ""New Mexico"", ""Arizona"", ""New York"", ""Maryland"", ""Wyoming"", ""Utah"", ""Delaware"", ""New Jersey"", ""Vermont"", ""Maine"", ""New Hampshire"", ""Hawaii"", ""West Virginia"", ""Connecticut"", ""Massachusetts"", ""Nevada"", ""Alaska"", ""Rhode Island""]",equijoin,Both columns contain US state names and the query values are a subset of the candidate values.,semsketch,1.0000,0.9400,1.0000,0.9800,1.0000,0.9400,3,True,True,Both columns contain US state names and the query values are a subset of the candidate values.,US state names directly overlap with the candidate state list.,Both columns contain US state names with a high degree of direct value overlap.,
wt-wdc,AJ-us-presidents-1_source_State,title,target_020198,title,"[""Virginia"", ""Massachusetts"", ""Tennessee"", ""New York"", ""Ohio"", ""Louisiana"", ""New Hampshire"", ""Pennsylvania"", ""Illinois"", ""Indiana"", ""New Jersey"", ""Iowa"", ""Missouri"", ""Kansas"", ""Texas"", ""California"", ""Michigan"", ""Georgia"", ""Arkansas""]","[""Alabama"", ""Alaska"", ""Arizona"", ""Arkansas"", ""California"", ""Colorado"", ""Connecticut"", ""Delaware"", ""Florida"", ""Georgia"", ""Hawaii"", ""Idaho"", ""Illinois"", ""Indiana"", ""Iowa"", ""Kansas"", ""Kentucky"", ""Louisiana"", ""Maine"", ""Maryland"", ""Massachusetts"", ""Michigan"", ""Minnesota"", ""Mississippi"", ""Missouri"", ""Montana"", ""Nebraska"", ""Nevada"", ""New Hampshire"", ""New Jersey"", ""New Mexico"", ""New York"", ""North Carolina"", ""North Dakota"", ""Ohio"", ""Oklahoma"", ""Oregon"", ""Pennsylvania"", ""Rhode Island"", ""South Carolina"", ""South Dakota"", ""Tennessee"", ""Texas"", ""Utah"", ""Vermont"", ""Virginia"", ""Washington"", ""West Virginia"", ""Wisconsin"", ""Wyoming""]",equijoin,Both columns contain US state names and the query values are a subset of the candidate values.,semsketch,1.0000,0.9400,1.0000,0.9800,1.0000,0.9400,3,True,True,Both columns contain US state names and the query values are a subset of the candidate values.,US state names directly overlap with the candidate state list.,Both columns contain US state names with a high degree of direct value overlap.,
wt-wdc,AJ-us-presidents-1_source_State,title,target_022975,title,"[""Virginia"", ""Massachusetts"", ""Tennessee"", ""New York"", ""Ohio"", ""Louisiana"", ""New Hampshire"", ""Pennsylvania"", ""Illinois"", ""Indiana"", ""New Jersey"", ""Iowa"", ""Missouri"", ""Kansas"", ""Texas"", ""California"", ""Michigan"", ""Georgia"", ""Arkansas""]","[""Hawaii"", ""Colorado"", ""Tennessee"", ""South Dakota"", ""Virginia"", ""Montana"", ""Alaska"", ""Oregon"", ""North Carolina"", ""Pennsylvania"", ""Washington"", ""Kentucky"", ""Iowa"", ""Oklahoma"", ""Vermont"", ""Wisconsin"", ""Wyoming"", ""Florida"", ""North Dakota"", ""Missouri"", ""New Hampshire"", ""Indiana"", ""Idaho"", ""Nebraska"", ""Arizona"", ""Michigan"", ""Maine"", ""Ohio"", ""Delaware"", ""Maryland"", ""South Carolina"", ""New Mexico"", ""Kansas"", ""New York"", ""Georgia"", ""Minnesota"", ""Rhode Island"", ""Texas"", ""Massachusetts"", ""West Virginia"", ""Arkansas"", ""Connecticut"", ""Nevada"", ""Alabama"", ""Louisiana"", ""Utah"", ""Mississippi"", ""New Jersey"", ""Illinois"", ""California""]",equijoin,Both columns contain US state names and the query values are a subset of the candidate values.,semsketch,1.0000,0.9400,1.0000,0.9800,1.0000,0.9400,3,True,True,Both columns contain US state names and the query values are a subset of the candidate values.,US state names directly overlap with the candidate state list.,"Both columns contain US state names with high overlap, allowing for a direct equijoin.",
wt-wdc,AJ-us-presidents-1_source_State,title,target_026037,title,"[""Virginia"", ""Massachusetts"", ""Tennessee"", ""New York"", ""Ohio"", ""Louisiana"", ""New Hampshire"", ""Pennsylvania"", ""Illinois"", ""Indiana"", ""New Jersey"", ""Iowa"", ""Missouri"", ""Kansas"", ""Texas"", ""California"", ""Michigan"", ""Georgia"", ""Arkansas""]","[""Iowa"", ""Illinois"", ""Texas"", ""Kansas"", ""Nebraska"", ""Minnesota"", ""Arkansas"", ""North Dakota"", ""Indiana"", ""Missouri"", ""Ohio"", ""North Carolina"", ""South Dakota"", ""California"", ""Louisiana"", ""Mississippi"", ""Georgia"", ""Oklahoma"", ""Wisconsin"", ""Montana"", ""Kentucky"", ""Michigan"", ""Colorado"", ""Washington"", ""Tennessee"", ""Idaho"", ""Alabama"", ""South Carolina"", ""Virginia"", ""Arizona"", ""Oregon"", ""New York"", ""Pennsylvania"", ""New Mexico"", ""Maryland"", ""Florida"", ""Wyoming"", ""Utah"", ""Delaware"", ""New Jersey"", ""Maine"", ""West Virginia"", ""Vermont"", ""Massachusetts"", ""Connecticut"", ""Nevada"", ""New Hampshire"", ""Alaska"", ""Hawaii"", ""Rhode Island""]",equijoin,Both columns contain US state names and the query values are a subset of the candidate values.,semsketch,1.0000,0.9400,1.0000,0.9800,1.0000,0.9400,3,True,True,Both columns contain US state names and the query values are a subset of the candidate values.,US state names directly overlap with the candidate state list.,Both columns contain US state names with a high degree of direct value overlap.,
wt-wdc,AJ-us-presidents-1_source_State,title,target_026162,title,"[""Virginia"", ""Massachusetts"", ""Tennessee"", ""New York"", ""Ohio"", ""Louisiana"", ""New Hampshire"", ""Pennsylvania"", ""Illinois"", ""Indiana"", ""New Jersey"", ""Iowa"", ""Missouri"", ""Kansas"", ""Texas"", ""California"", ""Michigan"", ""Georgia"", ""Arkansas""]","[""Texas"", ""California"", ""Georgia"", ""Florida"", ""Tennessee"", ""North Carolina"", ""Alabama"", ""Oklahoma"", ""Missouri"", ""Kentucky"", ""Illinois"", ""Virginia"", ""South Carolina"", ""Arkansas"", ""Mississippi"", ""Ohio"", ""Michigan"", ""Indiana"", ""Louisiana"", ""Pennsylvania"", ""Wisconsin"", ""Washington"", ""New York"", ""Minnesota"", ""Arizona"", ""Colorado"", ""Kansas"", ""Maryland"", ""Oregon"", ""Iowa"", ""Nebraska"", ""New Mexico"", ""New Jersey"", ""West Virginia"", ""Massachusetts"", ""Idaho"", ""Nevada"", ""South Dakota"", ""Montana"", ""Hawaii"", ""Connecticut"", ""Alaska"", ""North Dakota"", ""Wyoming"", ""Utah"", ""Maine"", ""Delaware"", ""New Hampshire"", ""Rhode Island"", ""Vermont""]",equijoin,Both columns contain US state names and the query values are a subset of the candidate values.,semsketch,1.0000,0.9400,1.0000,0.9800,1.0000,0.9400,3,True,True,Both columns contain US state names and the query values are a subset of the candidate values.,US state names directly overlap with the candidate state list.,Both columns contain US state names with a very high overlap of exact string values.,
wt-wdc,AJ-us-presidents-1_source_State,title,target_029311,title,"[""Virginia"", ""Massachusetts"", ""Tennessee"", ""New York"", ""Ohio"", ""Louisiana"", ""New Hampshire"", ""Pennsylvania"", ""Illinois"", ""Indiana"", ""New Jersey"", ""Iowa"", ""Missouri"", ""Kansas"", ""Texas"", ""California"", ""Michigan"", ""Georgia"", ""Arkansas""]","[""Texas"", ""Oklahoma"", ""South Dakota"", ""Nebraska"", ""Montana"", ""California"", ""Missouri"", ""Georgia"", ""North Dakota"", ""New Mexico"", ""Arkansas"", ""Alabama"", ""Kansas"", ""Colorado"", ""Iowa"", ""Kentucky"", ""Tennessee"", ""Wyoming"", ""Florida"", ""Louisiana"", ""Minnesota"", ""Mississippi"", ""Wisconsin"", ""Utah"", ""North Carolina"", ""Virginia"", ""Idaho"", ""New York"", ""Illinois"", ""Arizona"", ""Ohio"", ""Pennsylvania"", ""Oregon"", ""Indiana"", ""South Carolina"", ""Michigan"", ""Washington"", ""Hawaii"", ""Nevada"", ""West Virginia"", ""Vermont"", ""Maryland"", ""Massachusetts"", ""Maine"", ""Connecticut"", ""New Jersey"", ""New Hampshire"", ""Delaware"", ""Alaska"", ""Rhode Island""]",equijoin,Both columns contain US state names and the query values are a subset of the candidate values.,semsketch,1.0000,0.9400,1.0000,0.9800,1.0000,0.9400,3,True,True,Both columns contain US state names and the query values are a subset of the candidate values.,US state names directly overlap with the candidate state list.,"Both columns contain US state names with a high degree of direct value overlap, making them perfect for an equijoin.",
wt-wdc,AJ-us-presidents-4_source_State,title,target_036945,title,"[""Virginia"", ""Massachusetts"", ""Tennessee"", ""New York"", ""Ohio"", ""Louisiana"", ""New Hampshire"", ""Pennsylvania"", ""Illinois"", ""Indiana"", ""New Jersey"", ""Iowa"", ""Missouri"", ""Kansas"", ""Texas"", ""California"", ""Michigan"", ""Georgia"", ""Arkansas""]","[""Alabama"", ""Alaska"", ""Arizona"", ""Arkansas"", ""California"", ""Colorado"", ""Connecticut"", ""Delaware"", ""District of Columbia"", ""Florida"", ""Georgia"", ""Hawaii"", ""Idaho"", ""Illinois"", ""Indiana"", ""Iowa"", ""Kansas"", ""Kentucky"", ""Louisiana"", ""Maine"", ""Maryland"", ""Massachusetts"", ""Michigan"", ""Minnesota"", ""Mississippi"", ""Missouri"", ""Montana"", ""Nebraska"", ""Nevada"", ""New Hampshire"", ""New Jersey"", ""New Mexico"", ""New York"", ""North Carolina"", ""North Dakota"", ""Ohio"", ""Oklahoma"", ""Oregon"", ""Pennsylvania"", ""Rhode Island"", ""South Carolina"", ""South Dakota"", ""Tennessee"", ""Texas"", ""Utah"", ""Vermont"", ""Virginia"", ""Washington"", ""West Virginia"", ""Wyoming""]",equijoin,Both columns contain US state names and the query values are a subset of the candidate values.,semsketch,1.0000,0.9400,1.0000,0.9800,1.0000,0.9400,3,True,True,Both columns contain US state names and the query values are a subset of the candidate values.,US state names directly overlap with the candidate state list.,Both columns contain US state names with a high degree of direct value overlap.,
wt-wdc,AJ-us-presidents-4_source_State,title,target_032430,title,"[""Virginia"", ""Massachusetts"", ""Tennessee"", ""New York"", ""Ohio"", ""Louisiana"", ""New Hampshire"", ""Pennsylvania"", ""Illinois"", ""Indiana"", ""New Jersey"", ""Iowa"", ""Missouri"", ""Kansas"", ""Texas"", ""California"", ""Michigan"", ""Georgia"", ""Arkansas""]","[""Tennessee"", ""Alabama"", ""West Virginia"", ""Utah"", ""Mississippi"", ""Arkansas"", ""Oklahoma"", ""North Carolina"", ""Georgia"", ""Arizona"", ""Kentucky"", ""Maryland"", ""New Mexico"", ""Idaho"", ""South Carolina"", ""Indiana"", ""Nevada"", ""Kansas"", ""Florida"", ""Virginia"", ""Louisiana"", ""New Jersey"", ""Oregon"", ""Wyoming"", ""Texas"", ""New Hampshire"", ""Washington"", ""Delaware"", ""Ohio"", ""Vermont"", ""Maine"", ""Missouri"", ""Pennsylvania"", ""California"", ""New York"", ""Rhode Island"", ""Connecticut"", ""Hawaii"", ""Colorado"", ""Michigan"", ""South Dakota"", ""Massachusetts"", ""Alaska"", ""Nebraska"", ""Montana"", ""Minnesota"", ""Iowa"", ""Illinois"", ""Wisconsin"", ""North Dakota""]",equijoin,Both columns contain US state names and the query values are a subset of the candidate values.,semsketch,1.0000,0.9400,1.0000,0.9800,1.0000,0.9400,3,True,True,Both columns contain US state names and the query values are a subset of the candidate values.,US state names directly overlap with the candidate state list.,"Both columns contain US state names with a high degree of direct value overlap, making them perfectly suitable for an equijoin.",
wt-wdc,AJ-us-presidents-4_source_State,title,target_039023,title,"[""Virginia"", ""Massachusetts"", ""Tennessee"", ""New York"", ""Ohio"", ""Louisiana"", ""New Hampshire"", ""Pennsylvania"", ""Illinois"", ""Indiana"", ""New Jersey"", ""Iowa"", ""Missouri"", ""Kansas"", ""Texas"", ""California"", ""Michigan"", ""Georgia"", ""Arkansas""]","[""Vermont"", ""Oregon"", ""Washington"", ""Hawaii"", ""Maryland"", ""Connecticut"", ""New Jersey"", ""Rhode Island"", ""New York"", ""Arizona"", ""Massachusetts"", ""Idaho"", ""Colorado"", ""California"", ""Minnesota"", ""Wisconsin"", ""Nevada"", ""New Mexico"", ""New Hampshire"", ""Florida"", ""South Dakota"", ""Montana"", ""Virginia"", ""Michigan"", ""Maine"", ""North Carolina"", ""Illinois"", ""Utah"", ""Georgia"", ""Delaware"", ""Kansas"", ""Pennsylvania"", ""Nebraska"", ""Texas"", ""Iowa"", ""South Carolina"", ""Wyoming"", ""Oklahoma"", ""Ohio"", ""Alaska"", ""Missouri"", ""North Dakota"", ""Tennessee"", ""Arkansas"", ""Kentucky"", ""Mississippi"", ""Louisiana"", ""Alabama"", ""Indiana"", ""West Virginia""]",equijoin,Both columns contain US state names and the query values are a subset of the candidate values.,semsketch,1.0000,0.9400,1.0000,0.9800,1.0000,0.9400,3,True,True,Both columns contain US state names and the query values are a subset of the candidate values.,US state names directly overlap with the candidate state list.,"Both columns contain US state names with high direct value overlap, making them perfectly suitable for an equijoin.",
wt-wdc,AJ-us-presidents-4_source_State,title,target_017786,title,"[""Virginia"", ""Massachusetts"", ""Tennessee"", ""New York"", ""Ohio"", ""Louisiana"", ""New Hampshire"", ""Pennsylvania"", ""Illinois"", ""Indiana"", ""New Jersey"", ""Iowa"", ""Missouri"", ""Kansas"", ""Texas"", ""California"", ""Michigan"", ""Georgia"", ""Arkansas""]","[""Connecticut"", ""Maine"", ""Massachusetts"", ""New Hampshire"", ""Rhode Island"", ""Vermont"", ""Delaware"", ""Maryland"", ""New Jersey"", ""New York"", ""Pennsylvania"", ""Illinois"", ""Indiana"", ""Michigan"", ""Ohio"", ""Wisconsin"", ""Iowa"", ""Kansas"", ""Minnesota"", ""Missouri"", ""Nebraska"", ""North Dakota"", ""South Dakota"", ""Alabama"", ""Arkansas"", ""Florida"", ""Georgia"", ""Kentucky"", ""Louisiana"", ""Mississippi"", ""North Carolina"", ""South Carolina"", ""Tennessee"", ""Virginia"", ""West Virginia"", ""Arizona"", ""New Mexico"", ""Oklahoma"", ""Texas"", ""Colorado"", ""Idaho"", ""Montana"", ""Utah"", ""Wyoming"", ""Alaska"", ""California"", ""Hawaii"", ""Nevada"", ""Oregon"", ""Washington""]",equijoin,Both columns contain US state names and the query values are a subset of the candidate values.,semsketch,1.0000,0.9400,1.0000,0.9800,1.0000,0.9400,3,True,True,Both columns contain US state names and the query values are a subset of the candidate values.,US state names directly overlap with the candidate state list.,Both columns contain US state names with a high degree of exact value overlap.,
wt-wdc,AJ-us-presidents-4_source_State,title,target_017900,title,"[""Virginia"", ""Massachusetts"", ""Tennessee"", ""New York"", ""Ohio"", ""Louisiana"", ""New Hampshire"", ""Pennsylvania"", ""Illinois"", ""Indiana"", ""New Jersey"", ""Iowa"", ""Missouri"", ""Kansas"", ""Texas"", ""California"", ""Michigan"", ""Georgia"", ""Arkansas""]","[""Alabama"", ""Alaska"", ""Arizona"", ""Arkansas"", ""California"", ""Colorado"", ""Connecticut"", ""Delaware"", ""Florida"", ""Georgia"", ""Hawaii"", ""Idaho"", ""Illinois"", ""Indiana"", ""Iowa"", ""Kansas"", ""Kentucky"", ""Louisiana"", ""Maine"", ""Maryland"", ""Massachusetts"", ""Michigan"", ""Minnesota"", ""Mississippi"", ""Missouri"", ""Montana"", ""Nebraska"", ""Nevada"", ""New Hampshire"", ""New Jersey"", ""New Mexico"", ""New York"", ""North Carolina"", ""North Dakota"", ""Ohio"", ""Oklahoma"", ""Oregon"", ""Pennsylvania"", ""Rhode Island"", ""South Carolina"", ""South Dakota"", ""Tennessee"", ""Texas"", ""Utah"", ""Vermont"", ""Virginia"", ""Washington"", ""West Virginia"", ""Wisconsin"", ""Wyoming""]",equijoin,Both columns contain US state names and the query values are a subset of the candidate values.,semsketch,1.0000,0.9400,1.0000,0.9800,1.0000,0.9400,3,True,True,Both columns contain US state names and the query values are a subset of the candidate values.,US state names directly overlap with the candidate state list.,Both columns contain US state names with a high degree of direct value overlap.,
wt-wdc,AJ-us-presidents-4_source_State,title,target_020193,title,"[""Virginia"", ""Massachusetts"", ""Tennessee"", ""New York"", ""Ohio"", ""Louisiana"", ""New Hampshire"", ""Pennsylvania"", ""Illinois"", ""Indiana"", ""New Jersey"", ""Iowa"", ""Missouri"", ""Kansas"", ""Texas"", ""California"", ""Michigan"", ""Georgia"", ""Arkansas""]","[""Texas"", ""Iowa"", ""North Dakota"", ""Illinois"", ""Kansas"", ""Minnesota"", ""Nebraska"", ""South Dakota"", ""Missouri"", ""Indiana"", ""Ohio"", ""Arkansas"", ""California"", ""Montana"", ""Oklahoma"", ""Wisconsin"", ""Washington"", ""Colorado"", ""Mississippi"", ""North Carolina"", ""Georgia"", ""Kentucky"", ""Louisiana"", ""Michigan"", ""Idaho"", ""Tennessee"", ""Florida"", ""Oregon"", ""Alabama"", ""South Carolina"", ""Virginia"", ""Pennsylvania"", ""New Mexico"", ""Arizona"", ""New York"", ""Maryland"", ""Wyoming"", ""Utah"", ""Delaware"", ""New Jersey"", ""Vermont"", ""Maine"", ""New Hampshire"", ""Hawaii"", ""West Virginia"", ""Connecticut"", ""Massachusetts"", ""Nevada"", ""Alaska"", ""Rhode Island""]",equijoin,Both columns contain US state names and the query values are a subset of the candidate values.,semsketch,1.0000,0.9400,1.0000,0.9800,1.0000,0.9400,3,True,True,Both columns contain US state names and the query values are a subset of the candidate values.,US state names directly overlap with the candidate state list.,"Both columns contain US state names with a high degree of direct value overlap, making them suitable for an equijoin.",
wt-wdc,AJ-us-presidents-4_source_State,title,target_020198,title,"[""Virginia"", ""Massachusetts"", ""Tennessee"", ""New York"", ""Ohio"", ""Louisiana"", ""New Hampshire"", ""Pennsylvania"", ""Illinois"", ""Indiana"", ""New Jersey"", ""Iowa"", ""Missouri"", ""Kansas"", ""Texas"", ""California"", ""Michigan"", ""Georgia"", ""Arkansas""]","[""Alabama"", ""Alaska"", ""Arizona"", ""Arkansas"", ""California"", ""Colorado"", ""Connecticut"", ""Delaware"", ""Florida"", ""Georgia"", ""Hawaii"", ""Idaho"", ""Illinois"", ""Indiana"", ""Iowa"", ""Kansas"", ""Kentucky"", ""Louisiana"", ""Maine"", ""Maryland"", ""Massachusetts"", ""Michigan"", ""Minnesota"", ""Mississippi"", ""Missouri"", ""Montana"", ""Nebraska"", ""Nevada"", ""New Hampshire"", ""New Jersey"", ""New Mexico"", ""New York"", ""North Carolina"", ""North Dakota"", ""Ohio"", ""Oklahoma"", ""Oregon"", ""Pennsylvania"", ""Rhode Island"", ""South Carolina"", ""South Dakota"", ""Tennessee"", ""Texas"", ""Utah"", ""Vermont"", ""Virginia"", ""Washington"", ""West Virginia"", ""Wisconsin"", ""Wyoming""]",equijoin,Both columns contain US state names and the query values are a subset of the candidate values.,semsketch,1.0000,0.9400,1.0000,0.9800,1.0000,0.9400,3,True,True,Both columns contain US state names and the query values are a subset of the candidate values.,US state names directly overlap with the candidate state list.,Both columns contain US state names with a high degree of direct value overlap.,
wt-wdc,AJ-us-presidents-4_source_State,title,target_022882,title,"[""Virginia"", ""Massachusetts"", ""Tennessee"", ""New York"", ""Ohio"", ""Louisiana"", ""New Hampshire"", ""Pennsylvania"", ""Illinois"", ""Indiana"", ""New Jersey"", ""Iowa"", ""Missouri"", ""Kansas"", ""Texas"", ""California"", ""Michigan"", ""Georgia"", ""Arkansas""]","[""Texas"", ""North Dakota"", ""South Dakota"", ""Kansas"", ""Oklahoma"", ""Florida"", ""California"", ""Nebraska"", ""Georgia"", ""Minnesota"", ""Montana"", ""Iowa"", ""Colorado"", ""North Carolina"", ""Missouri"", ""Arkansas"", ""Alabama"", ""Ohio"", ""Mississippi"", ""Michigan"", ""Illinois"", ""Wisconsin"", ""Washington"", ""Louisiana"", ""New Mexico"", ""Kentucky"", ""Tennessee"", ""Indiana"", ""Virginia"", ""Idaho"", ""South Carolina"", ""New York"", ""Wyoming"", ""Oregon"", ""Pennsylvania"", ""Utah"", ""Arizona"", ""Maryland"", ""New Jersey"", ""Massachusetts"", ""Vermont"", ""Nevada"", ""Maine"", ""Hawaii"", ""Connecticut"", ""West Virginia"", ""Delaware"", ""New Hampshire"", ""Alaska"", ""Rhode Island""]",equijoin,Both columns contain US state names and the query values are a subset of the candidate values.,semsketch,1.0000,0.9400,1.0000,0.9800,1.0000,0.9400,3,True,True,Both columns contain US state names and the query values are a subset of the candidate values.,US state names directly overlap with the candidate state list.,Both columns contain US state names and can be joined directly via equijoin.,
wt-wdc,AJ-us-presidents-4_source_State,title,target_026162,title,"[""Virginia"", ""Massachusetts"", ""Tennessee"", ""New York"", ""Ohio"", ""Louisiana"", ""New Hampshire"", ""Pennsylvania"", ""Illinois"", ""Indiana"", ""New Jersey"", ""Iowa"", ""Missouri"", ""Kansas"", ""Texas"", ""California"", ""Michigan"", ""Georgia"", ""Arkansas""]","[""Texas"", ""California"", ""Georgia"", ""Florida"", ""Tennessee"", ""North Carolina"", ""Alabama"", ""Oklahoma"", ""Missouri"", ""Kentucky"", ""Illinois"", ""Virginia"", ""South Carolina"", ""Arkansas"", ""Mississippi"", ""Ohio"", ""Michigan"", ""Indiana"", ""Louisiana"", ""Pennsylvania"", ""Wisconsin"", ""Washington"", ""New York"", ""Minnesota"", ""Arizona"", ""Colorado"", ""Kansas"", ""Maryland"", ""Oregon"", ""Iowa"", ""Nebraska"", ""New Mexico"", ""New Jersey"", ""West Virginia"", ""Massachusetts"", ""Idaho"", ""Nevada"", ""South Dakota"", ""Montana"", ""Hawaii"", ""Connecticut"", ""Alaska"", ""North Dakota"", ""Wyoming"", ""Utah"", ""Maine"", ""Delaware"", ""New Hampshire"", ""Rhode Island"", ""Vermont""]",equijoin,Both columns contain US state names and the query values are a subset of the candidate values.,semsketch,1.0000,0.9400,1.0000,0.9800,1.0000,0.9400,3,True,True,Both columns contain US state names and the query values are a subset of the candidate values.,US state names directly overlap with the candidate state list.,"Both columns contain US state names with high direct value overlap, making them perfect for an equijoin.",
wt-wdc,AJ-us-presidents-4_source_State,title,target_030412,title,"[""Virginia"", ""Massachusetts"", ""Tennessee"", ""New York"", ""Ohio"", ""Louisiana"", ""New Hampshire"", ""Pennsylvania"", ""Illinois"", ""Indiana"", ""New Jersey"", ""Iowa"", ""Missouri"", ""Kansas"", ""Texas"", ""California"", ""Michigan"", ""Georgia"", ""Arkansas""]","[""California"", ""New York"", ""Texas"", ""Florida"", ""Pennsylvania"", ""Illinois"", ""Ohio"", ""Michigan"", ""New Jersey"", ""North Carolina"", ""Georgia"", ""Virginia"", ""Massachusetts"", ""Indiana"", ""Missouri"", ""Wisconsin"", ""Tennessee"", ""Washington"", ""Maryland"", ""Minnesota"", ""Louisiana"", ""Alabama"", ""Kentucky"", ""Arizona"", ""South Carolina"", ""Colorado"", ""Connecticut"", ""Oklahoma"", ""Oregon"", ""Iowa"", ""Mississippi"", ""Kansas"", ""Arkansas"", ""West Virginia"", ""Utah"", ""Nebraska"", ""New Mexico"", ""Maine"", ""Nevada"", ""New Hampshire"", ""Hawaii"", ""Idaho"", ""Rhode Island"", ""Montana"", ""South Dakota"", ""Delaware"", ""North Dakota"", ""Vermont"", ""Alaska"", ""Wyoming""]",equijoin,Both columns contain US state names and the query values are a subset of the candidate values.,semsketch,1.0000,0.9400,1.0000,0.9800,1.0000,0.9400,3,True,True,Both columns contain US state names and the query values are a subset of the candidate values.,US state names directly overlap with the candidate state list.,"Both columns contain US state names with exact string matches, making them perfectly joinable via equijoin.",
autofj-wdc,Country_left.csv,title,target_096575,title,"[""Algeria"", ""Andorra"", ""Aruba"", ""Angola"", ""Albania"", ""Afghanistan"", ""Azerbaijan"", ""Antigua and Barbuda"", ""Anguilla"", ""Akkadian Empire"", ""Almoravid dynasty"", ""Ammon"", ""Assyria"", ""Antigonid dynasty"", ""Austria-Hungary"", ""Durrani Empire"", ""Archbishopric of Riga"", ""Belgium"", ""Brazil"", ""Bulgaria"", ""Bassas da India"", ""Bangladesh"", ""Barbados"", ""The Bahamas"", ""Belarus"", ""Benin"", ""Belize"", ""Bermuda"", ""Bolivia"", ""Bosnia and Herzegovina"", ""Botswana"", ""Brunei"", ""British Virgin Islands"", ""Burkina Faso"", ""Bishopric of Brandenburg"", ""British Empire"", ""Colombia"", ""Czechoslovakia"", ""Czech Republic"", ""Comoros"", ""China"", ""Cameroon"", ""Cayman Islands"", ""Central African Republic"", ""Chad"", ""Chile"", ""Cocos (Keeling) Islands"", ""Christmas Island"", ""Costa Rica"", ""Croatia"", ""Cyprus"", ""Central Powers"", ""Confederate States of America"", ""Cook Islands"", ""Commonwealth of England"", ""Dominican Republic"", ""Dejima"", ""Dahomey"", ""European Union"", ""Ecuador"", ""El Salvador"", ""Equatorial Guinea"", ""Europa Island"", ""European Free Trade Association""]","[""Afghanistan"", ""Albania"", ""Algeria"", ""American Samoa"", ""Andorra"", ""Angola"", ""Anguilla"", ""Antigua and Barbuda"", ""Argentina"", ""Armenia"", ""Aruba"", ""Australia"", ""Austria"", ""Azerbaijan"", ""Bahrain"", ""Bangladesh"", ""Barbados"", ""Belarus"", ""Belgium"", ""Belize"", ""Benin"", ""Bermuda"", ""Bhutan"", ""Bolivia"", ""Bosnia and Herzegovina"", ""Botswana"", ""Brazil"", ""British Virgin Islands"", ""Brunei"", ""Bulgaria"", ""Burkina Faso"", ""Burma"", ""Burundi"", ""Cambodia"", ""Cameroon"", ""Canada"", ""Cape Verde"", ""Cayman Islands"", ""Central African Republic"", ""Chad"", ""Chile"", ""China"", ""Christmas Island"", ""Cocos (Keeling) Islands"", ""Colombia"", ""Comoros"", ""Congo, Republic of the"", ""Cook Islands"", ""Costa Rica"", ""Cote d'Ivoire"", ""Croatia"", ""Cuba"", ""Cyprus"", ""Czech Republic"", ""Democratic Republic of the Congo"", ""Denmark"", ""Djibouti"", ""Dominica"", ""Dominican Republic"", ""East Timor"", ""Ecuador"", ""Egypt"", ""El Salvador"", ""Equatorial Guinea""]",equijoin,Both columns contain a large overlapping set of country names.,semsketch,1.0000,0.9700,1.0000,0.9900,1.0000,0.9700,3,True,True,Both columns contain a large overlapping set of country names.,Country names have large direct overlap after light normalization.,Both columns contain country names with a high degree of exact string overlap.,
autofj-wdc,NCAATeamSeason_left.csv,title,target_084316.csv,title,"[""1899 Sewanee Tigers football team"", ""2005 Texas Longhorns football team"", ""1995 Nebraska Cornhuskers football team"", ""2006 Texas Longhorns football team"", ""2006 Colorado Buffaloes football team"", ""2005 Colorado Buffaloes football team"", ""2006 Oklahoma Sooners football team"", ""2006 Michigan Wolverines football team"", ""2006 Nebraska Cornhuskers football team"", ""2005 Nebraska Cornhuskers football team"", ""2006 Washington Huskies football team"", ""2005 LSU Tigers football team"", ""2006 LSU Tigers football team"", ""2003 LSU Tigers football team"", ""2004 LSU Tigers football team"", ""2002 LSU Tigers football team"", ""2006 Georgia Tech Yellow Jackets football team"", ""2005 USC Trojans football team"", ""2006 USC Trojans football team"", ""2005 Notre Dame Fighting Irish football team"", ""2006 Notre Dame Fighting Irish football team"", ""2004 Texas Longhorns football team"", ""2006 Penn State Nittany Lions football team"", ""2006 Florida Gators football team"", ""1893 LSU Tigers football team"", ""1894 LSU Tigers football team"", ""1895 LSU Tigers football team"", ""1896 LSU Tigers football team"", ""1897 LSU Tigers football team"", ""1898 LSU Tigers football team"", ""1899 LSU Tigers football team"", ""1900 LSU Tigers football team"", ""1901 LSU Tigers football team"", ""1902 LSU Tigers football team"", ""2006 Ohio State Buckeyes football team"", ""2006 Minnesota Golden Gophers football team"", ""2005 Minnesota Golden Gophers football team"", ""2004 Minnesota Golden Gophers football team"", ""2003 Minnesota Golden Gophers football team"", ""2002 Minnesota Golden Gophers football team"", ""2001 Minnesota Golden Gophers football team"", ""2005 Miami Hurricanes football team"", ""2006 Miami Hurricanes football team"", ""2006 Florida State Seminoles football team"", ""2001 Miami Hurricanes football team"", ""2006 Hawaii Warriors football team"", ""2006 Miami RedHawks football team"", ""2006 Arizona State Sun Devils football team"", ""2000 Minnesota Golden Gophers football team"", ""2006 Tennessee Volunteers football team"", ""2006 Purdue Boilermakers football team"", ""2001 LSU Tigers football team"", ""1903 LSU Tigers football team"", ""2006 Auburn Tigers football team"", ""2006 Clemson Tigers football team"", ""1939 Iowa Hawkeyes football team"", ""1902 Auburn Tigers football team"", ""2006 Washington State Cougars football team"", ""2007 Washington State Cougars football team"", ""1903 Auburn Tigers football team"", ""1904 Auburn Tigers football team"", ""2006 California Golden Bears football team"", ""1905 Auburn Tigers football team"", ""1906 Auburn Tigers football team""]","[""Florida Gators"", ""Texas Longhorns"", ""USC Trojans"", ""Alabama Crimson Tide"", ""Oklahoma State Cowboys"", ""California Golden Bears"", ""Mississippi Rebels"", ""Oklahoma Sooners"", ""LSU Tigers"", ""Penn State Nittany Lions"", ""Ohio State Buckeyes"", ""Missouri Tigers"", ""Georgia Tech Yellow Jackets"", ""West Virginia Mountaineers"", ""Virginia Tech Hokies"", ""Brigham Young Cougars"", ""Notre Dame Fighting Irish"", ""Boise State Broncos"", ""Georgia Bulldogs"", ""Nebraska Cornhuskers"", ""Team"", ""TCU Horned Frogs"", ""Houston Cougars"", ""Oregon Ducks"", ""Kansas Jayhawks"", ""Tennessee Volunteers"", ""Utah Utes"", ""Florida State Seminoles"", ""Air Force Falcons"", ""Oregon State Beavers"", ""Southern Miss Golden Eagles"", ""Rutgers Scarlet Knights"", ""North Carolina Tar Heels"", ""Baylor Bears"", ""Arizona Wildcats"", ""Clemson Tigers"", ""Michigan State Spartans"", ""Texas Tech Red Raiders"", ""South Florida Bulls"", ""Pittsburgh Panthers"", ""Iowa Hawkeyes"", ""Miami (FL) Hurricanes"", ""Michigan Wolverines"", ""Illinois Fighting Illini"", ""Tulsa Golden Hurricane"", ""Arkansas State Red Wolves"", ""Arkansas Razorbacks"", ""Arizona State Sun Devils"", ""Cincinnati Bearcats"", ""Wisconsin Badgers"", ""Stanford Cardinal"", ""Navy Midshipmen"", ""Vanderbilt Commodores"", ""Maryland Terrapins"", ""East Carolina Pirates"", ""Nevada Wolf Pack"", ""Fresno State Bulldogs"", ""Northwestern Wildcats"", ""Wake Forest Demon Deacons"", ""Boston College Eagles"", ""Minnesota Golden Gophers"", ""Connecticut Huskies"", ""North Carolina State Wolfpack"", ""Auburn Tigers""]",semantic,"The query column contains team names with years, while the candidate column contains just the team names, indicating a hierarchical relationship.",semsketch,1.0000,0.9300,1.0000,0.9767,1.0000,0.9300,3,True,True,"The query column contains team names with years, while the candidate column contains just the team names, indicating a hierarchical relationship.",Team-season titles can be parsed to their underlying NCAA team names.,The query column contains NCAA football team seasons which can be semantically mapped to the corresponding NCAA teams in the candidate column by extracting the team name.,
autofj-wdc,NCAATeamSeason_left.csv,title,target_005206.csv,title,"[""1899 Sewanee Tigers football team"", ""2005 Texas Longhorns football team"", ""1995 Nebraska Cornhuskers football team"", ""2006 Texas Longhorns football team"", ""2006 Colorado Buffaloes football team"", ""2005 Colorado Buffaloes football team"", ""2006 Oklahoma Sooners football team"", ""2006 Michigan Wolverines football team"", ""2006 Nebraska Cornhuskers football team"", ""2005 Nebraska Cornhuskers football team"", ""2006 Washington Huskies football team"", ""2005 LSU Tigers football team"", ""2006 LSU Tigers football team"", ""2003 LSU Tigers football team"", ""2004 LSU Tigers football team"", ""2002 LSU Tigers football team"", ""2006 Georgia Tech Yellow Jackets football team"", ""2005 USC Trojans football team"", ""2006 USC Trojans football team"", ""2005 Notre Dame Fighting Irish football team"", ""2006 Notre Dame Fighting Irish football team"", ""2004 Texas Longhorns football team"", ""2006 Penn State Nittany Lions football team"", ""2006 Florida Gators football team"", ""1893 LSU Tigers football team"", ""1894 LSU Tigers football team"", ""1895 LSU Tigers football team"", ""1896 LSU Tigers football team"", ""1897 LSU Tigers football team"", ""1898 LSU Tigers football team"", ""1899 LSU Tigers football team"", ""1900 LSU Tigers football team"", ""1901 LSU Tigers football team"", ""1902 LSU Tigers football team"", ""2006 Ohio State Buckeyes football team"", ""2006 Minnesota Golden Gophers football team"", ""2005 Minnesota Golden Gophers football team"", ""2004 Minnesota Golden Gophers football team"", ""2003 Minnesota Golden Gophers football team"", ""2002 Minnesota Golden Gophers football team"", ""2001 Minnesota Golden Gophers football team"", ""2005 Miami Hurricanes football team"", ""2006 Miami Hurricanes football team"", ""2006 Florida State Seminoles football team"", ""2001 Miami Hurricanes football team"", ""2006 Hawaii Warriors football team"", ""2006 Miami RedHawks football team"", ""2006 Arizona State Sun Devils football team"", ""2000 Minnesota Golden Gophers football team"", ""2006 Tennessee Volunteers football team"", ""2006 Purdue Boilermakers football team"", ""2001 LSU Tigers football team"", ""1903 LSU Tigers football team"", ""2006 Auburn Tigers football team"", ""2006 Clemson Tigers football team"", ""1939 Iowa Hawkeyes football team"", ""1902 Auburn Tigers football team"", ""2006 Washington State Cougars football team"", ""2007 Washington State Cougars football team"", ""1903 Auburn Tigers football team"", ""1904 Auburn Tigers football team"", ""2006 California Golden Bears football team"", ""1905 Auburn Tigers football team"", ""1906 Auburn Tigers football team""]","[""Oregon Ducks"", ""Ohio State Buckeyes"", ""TCU Horned Frogs"", ""Boise State Broncos"", ""Wisconsin Badgers"", ""Stanford Cardinal"", ""Iowa Hawkeyes"", ""Alabama Crimson Tide"", ""Virginia Tech Hokies"", ""South Carolina Gamecocks"", ""LSU Tigers"", ""Auburn Tigers"", ""Arkansas Razorbacks"", ""Oklahoma Sooners"", ""North Carolina Tar Heels"", ""Oklahoma State Cowboys"", ""Arizona Wildcats"", ""Texas A&M Aggies"", ""Nebraska Cornhuskers"", ""Michigan State Spartans"", ""Team"", ""Pittsburgh Panthers"", ""Florida State Seminoles"", ""Utah Utes"", ""West Virginia Mountaineers"", ""Penn State Nittany Lions"", ""Miami (FL) Hurricanes"", ""Georgia Tech Yellow Jackets"", ""Florida Gators"", ""Missouri Tigers"", ""Georgia Bulldogs"", ""Northwestern Wildcats"", ""Arizona State Sun Devils"", ""Texas Tech Red Raiders"", ""San Diego State Aztecs"", ""USC Trojans"", ""Cincinnati Bearcats"", ""Notre Dame Fighting Irish"", ""Hawaii Warriors"", ""Texas Longhorns"", ""Nevada Wolf Pack"", ""Connecticut Huskies"", ""Mississippi State Bulldogs"", ""North Carolina State Wolfpack"", ""Northern Illinois Huskies"", ""Temple Owls"", ""Southern Miss Golden Eagles"", ""Clemson Tigers"", ""Ohio Bobcats"", ""Baylor Bears"", ""Oregon State Beavers"", ""Syracuse Orange"", ""Kentucky Wildcats"", ""UCF Knights"", ""California Golden Bears"", ""Mississippi Rebels"", ""Michigan Wolverines"", ""Fresno State Bulldogs"", ""Air Force Falcons"", ""South Florida Bulls"", ""Purdue Boilermakers"", ""Brigham Young Cougars"", ""Louisville Cardinals"", ""Idaho Vandals""]",semantic,"The query column contains team names with years, while the candidate column contains just the team names, indicating a hierarchical relationship.",semsketch,1.0000,0.8600,1.0000,0.9533,1.0000,0.8600,3,True,True,"The query column contains team names with years, while the candidate column contains just the team names, indicating a hierarchical relationship.","Team-season titles map to teams, but visible candidate coverage is partial.",The query column contains specific team seasons which can be semantically mapped to the general team names in the candidate column via substring extraction.,
autofj-wdc,NCAATeamSeason_left.csv,title,target_011132.csv,title,"[""1899 Sewanee Tigers football team"", ""2005 Texas Longhorns football team"", ""1995 Nebraska Cornhuskers football team"", ""2006 Texas Longhorns football team"", ""2006 Colorado Buffaloes football team"", ""2005 Colorado Buffaloes football team"", ""2006 Oklahoma Sooners football team"", ""2006 Michigan Wolverines football team"", ""2006 Nebraska Cornhuskers football team"", ""2005 Nebraska Cornhuskers football team"", ""2006 Washington Huskies football team"", ""2005 LSU Tigers football team"", ""2006 LSU Tigers football team"", ""2003 LSU Tigers football team"", ""2004 LSU Tigers football team"", ""2002 LSU Tigers football team"", ""2006 Georgia Tech Yellow Jackets football team"", ""2005 USC Trojans football team"", ""2006 USC Trojans football team"", ""2005 Notre Dame Fighting Irish football team"", ""2006 Notre Dame Fighting Irish football team"", ""2004 Texas Longhorns football team"", ""2006 Penn State Nittany Lions football team"", ""2006 Florida Gators football team"", ""1893 LSU Tigers football team"", ""1894 LSU Tigers football team"", ""1895 LSU Tigers football team"", ""1896 LSU Tigers football team"", ""1897 LSU Tigers football team"", ""1898 LSU Tigers football team"", ""1899 LSU Tigers football team"", ""1900 LSU Tigers football team"", ""1901 LSU Tigers football team"", ""1902 LSU Tigers football team"", ""2006 Ohio State Buckeyes football team"", ""2006 Minnesota Golden Gophers football team"", ""2005 Minnesota Golden Gophers football team"", ""2004 Minnesota Golden Gophers football team"", ""2003 Minnesota Golden Gophers football team"", ""2002 Minnesota Golden Gophers football team"", ""2001 Minnesota Golden Gophers football team"", ""2005 Miami Hurricanes football team"", ""2006 Miami Hurricanes football team"", ""2006 Florida State Seminoles football team"", ""2001 Miami Hurricanes football team"", ""2006 Hawaii Warriors football team"", ""2006 Miami RedHawks football team"", ""2006 Arizona State Sun Devils football team"", ""2000 Minnesota Golden Gophers football team"", ""2006 Tennessee Volunteers football team"", ""2006 Purdue Boilermakers football team"", ""2001 LSU Tigers football team"", ""1903 LSU Tigers football team"", ""2006 Auburn Tigers football team"", ""2006 Clemson Tigers football team"", ""1939 Iowa Hawkeyes football team"", ""1902 Auburn Tigers football team"", ""2006 Washington State Cougars football team"", ""2007 Washington State Cougars football team"", ""1903 Auburn Tigers football team"", ""1904 Auburn Tigers football team"", ""2006 California Golden Bears football team"", ""1905 Auburn Tigers football team"", ""1906 Auburn Tigers football team""]","[""Florida Gators"", ""Alabama Crimson Tide"", ""USC Trojans"", ""Boise State Broncos"", ""Texas Longhorns"", ""Virginia Tech Hokies"", ""TCU Horned Frogs"", ""Cincinnati Bearcats"", ""Nebraska Cornhuskers"", ""Ohio State Buckeyes"", ""South Florida Bulls"", ""Iowa Hawkeyes"", ""Oregon Ducks"", ""Oklahoma Sooners"", ""Brigham Young Cougars"", ""Oklahoma State Cowboys"", ""Penn State Nittany Lions"", ""LSU Tigers"", ""West Virginia Mountaineers"", ""Missouri Tigers"", ""Team"", ""Miami (FL) Hurricanes"", ""Utah Utes"", ""Kansas Jayhawks"", ""Notre Dame Fighting Irish"", ""Arkansas Razorbacks"", ""Stanford Cardinal"", ""Connecticut Huskies"", ""Auburn Tigers"", ""Fresno State Bulldogs"", ""Tennessee Volunteers"", ""South Carolina Gamecocks"", ""Wisconsin Badgers"", ""Central Michigan Chippewas"", ""Houston Cougars"", ""Baylor Bears"", ""Michigan State Spartans"", ""California Golden Bears"", ""Georgia Tech Yellow Jackets"", ""Texas Tech Red Raiders"", ""Pittsburgh Panthers"", ""Wake Forest Demon Deacons"", ""Air Force Falcons"", ""Arizona Wildcats"", ""Mississippi Rebels"", ""Rutgers Scarlet Knights"", ""Oregon State Beavers"", ""Texas A&M Aggies"", ""Idaho Vandals"", ""Tulsa Golden Hurricane"", ""Nevada Wolf Pack"", ""Georgia Bulldogs"", ""Florida State Seminoles"", ""Clemson Tigers"", ""North Carolina State Wolfpack"", ""Northern Illinois Huskies"", ""Arkansas State Red Wolves"", ""Wyoming Cowboys"", ""Michigan Wolverines"", ""Louisiana-Monroe Warhawks"", ""Washington Huskies"", ""Navy Midshipmen"", ""Boston College Eagles"", ""North Carolina Tar Heels""]",semantic,"The query column contains team names with years, while the candidate column contains just the team names, indicating a hierarchical relationship.",semsketch,1.0000,0.8800,1.0000,0.9600,1.0000,0.8800,3,True,True,"The query column contains team names with years, while the candidate column contains just the team names, indicating a hierarchical relationship.",Team-season titles can be parsed to teams with partial candidate coverage.,The query column contains NCAA team seasons from which the team names in the candidate column can be directly extracted.,
autofj-wdc,NCAATeamSeason_left.csv,title,target_047755.csv,title,"[""1899 Sewanee Tigers football team"", ""2005 Texas Longhorns football team"", ""1995 Nebraska Cornhuskers football team"", ""2006 Texas Longhorns football team"", ""2006 Colorado Buffaloes football team"", ""2005 Colorado Buffaloes football team"", ""2006 Oklahoma Sooners football team"", ""2006 Michigan Wolverines football team"", ""2006 Nebraska Cornhuskers football team"", ""2005 Nebraska Cornhuskers football team"", ""2006 Washington Huskies football team"", ""2005 LSU Tigers football team"", ""2006 LSU Tigers football team"", ""2003 LSU Tigers football team"", ""2004 LSU Tigers football team"", ""2002 LSU Tigers football team"", ""2006 Georgia Tech Yellow Jackets football team"", ""2005 USC Trojans football team"", ""2006 USC Trojans football team"", ""2005 Notre Dame Fighting Irish football team"", ""2006 Notre Dame Fighting Irish football team"", ""2004 Texas Longhorns football team"", ""2006 Penn State Nittany Lions football team"", ""2006 Florida Gators football team"", ""1893 LSU Tigers football team"", ""1894 LSU Tigers football team"", ""1895 LSU Tigers football team"", ""1896 LSU Tigers football team"", ""1897 LSU Tigers football team"", ""1898 LSU Tigers football team"", ""1899 LSU Tigers football team"", ""1900 LSU Tigers football team"", ""1901 LSU Tigers football team"", ""1902 LSU Tigers football team"", ""2006 Ohio State Buckeyes football team"", ""2006 Minnesota Golden Gophers football team"", ""2005 Minnesota Golden Gophers football team"", ""2004 Minnesota Golden Gophers football team"", ""2003 Minnesota Golden Gophers football team"", ""2002 Minnesota Golden Gophers football team"", ""2001 Minnesota Golden Gophers football team"", ""2005 Miami Hurricanes football team"", ""2006 Miami Hurricanes football team"", ""2006 Florida State Seminoles football team"", ""2001 Miami Hurricanes football team"", ""2006 Hawaii Warriors football team"", ""2006 Miami RedHawks football team"", ""2006 Arizona State Sun Devils football team"", ""2000 Minnesota Golden Gophers football team"", ""2006 Tennessee Volunteers football team"", ""2006 Purdue Boilermakers football team"", ""2001 LSU Tigers football team"", ""1903 LSU Tigers football team"", ""2006 Auburn Tigers football team"", ""2006 Clemson Tigers football team"", ""1939 Iowa Hawkeyes football team"", ""1902 Auburn Tigers football team"", ""2006 Washington State Cougars football team"", ""2007 Washington State Cougars football team"", ""1903 Auburn Tigers football team"", ""1904 Auburn Tigers football team"", ""2006 California Golden Bears football team"", ""1905 Auburn Tigers football team"", ""1906 Auburn Tigers football team""]","[""Florida Gators"", ""Texas Longhorns"", ""USC Trojans"", ""Alabama Crimson Tide"", ""California Golden Bears"", ""Brigham Young Cougars"", ""Oklahoma Sooners"", ""Mississippi Rebels"", ""Oklahoma State Cowboys"", ""Ohio State Buckeyes"", ""Nebraska Cornhuskers"", ""LSU Tigers"", ""Penn State Nittany Lions"", ""Houston Cougars"", ""Virginia Tech Hokies"", ""Boise State Broncos"", ""Kansas Jayhawks"", ""West Virginia Mountaineers"", ""Iowa Hawkeyes"", ""Pittsburgh Panthers"", ""Team"", ""Georgia Tech Yellow Jackets"", ""Clemson Tigers"", ""Notre Dame Fighting Irish"", ""TCU Horned Frogs"", ""Texas Tech Red Raiders"", ""Georgia Bulldogs"", ""Michigan Wolverines"", ""Missouri Tigers"", ""Cincinnati Bearcats"", ""Rutgers Scarlet Knights"", ""Utah Utes"", ""Baylor Bears"", ""North Carolina Tar Heels"", ""Arizona Wildcats"", ""Oregon Ducks"", ""Southern Miss Golden Eagles"", ""Tulsa Golden Hurricane"", ""Miami (FL) Hurricanes"", ""Florida State Seminoles"", ""Navy Midshipmen"", ""Vanderbilt Commodores"", ""Air Force Falcons"", ""Illinois Fighting Illini"", ""South Florida Bulls"", ""Oregon State Beavers"", ""Tennessee Volunteers"", ""Michigan State Spartans"", ""UCLA Bruins"", ""Fresno State Bulldogs"", ""Wake Forest Demon Deacons"", ""Minnesota Golden Gophers"", ""South Carolina Gamecocks"", ""Arkansas Razorbacks"", ""Arizona State Sun Devils"", ""Stanford Cardinal"", ""Central Michigan Chippewas"", ""Boston College Eagles"", ""Wisconsin Badgers"", ""Bowling Green Falcons"", ""Purdue Boilermakers"", ""Maryland Terrapins"", ""Auburn Tigers"", ""Nevada Wolf Pack""]",semantic,"The query column contains team names with years, while the candidate column contains just the team names, indicating a hierarchical relationship.",semsketch,1.0000,0.9100,1.0000,0.9700,1.0000,0.9100,3,True,True,"The query column contains team names with years, while the candidate column contains just the team names, indicating a hierarchical relationship.",Team-season titles map cleanly to many candidate team names.,The query column contains specific team seasons from which the general team names in the candidate column can be extracted for a semantic join.,
autofj-wdc,NCAATeamSeason_left.csv,title,target_034099.csv,title,"[""1899 Sewanee Tigers football team"", ""2005 Texas Longhorns football team"", ""1995 Nebraska Cornhuskers football team"", ""2006 Texas Longhorns football team"", ""2006 Colorado Buffaloes football team"", ""2005 Colorado Buffaloes football team"", ""2006 Oklahoma Sooners football team"", ""2006 Michigan Wolverines football team"", ""2006 Nebraska Cornhuskers football team"", ""2005 Nebraska Cornhuskers football team"", ""2006 Washington Huskies football team"", ""2005 LSU Tigers football team"", ""2006 LSU Tigers football team"", ""2003 LSU Tigers football team"", ""2004 LSU Tigers football team"", ""2002 LSU Tigers football team"", ""2006 Georgia Tech Yellow Jackets football team"", ""2005 USC Trojans football team"", ""2006 USC Trojans football team"", ""2005 Notre Dame Fighting Irish football team"", ""2006 Notre Dame Fighting Irish football team"", ""2004 Texas Longhorns football team"", ""2006 Penn State Nittany Lions football team"", ""2006 Florida Gators football team"", ""1893 LSU Tigers football team"", ""1894 LSU Tigers football team"", ""1895 LSU Tigers football team"", ""1896 LSU Tigers football team"", ""1897 LSU Tigers football team"", ""1898 LSU Tigers football team"", ""1899 LSU Tigers football team"", ""1900 LSU Tigers football team"", ""1901 LSU Tigers football team"", ""1902 LSU Tigers football team"", ""2006 Ohio State Buckeyes football team"", ""2006 Minnesota Golden Gophers football team"", ""2005 Minnesota Golden Gophers football team"", ""2004 Minnesota Golden Gophers football team"", ""2003 Minnesota Golden Gophers football team"", ""2002 Minnesota Golden Gophers football team"", ""2001 Minnesota Golden Gophers football team"", ""2005 Miami Hurricanes football team"", ""2006 Miami Hurricanes football team"", ""2006 Florida State Seminoles football team"", ""2001 Miami Hurricanes football team"", ""2006 Hawaii Warriors football team"", ""2006 Miami RedHawks football team"", ""2006 Arizona State Sun Devils football team"", ""2000 Minnesota Golden Gophers football team"", ""2006 Tennessee Volunteers football team"", ""2006 Purdue Boilermakers football team"", ""2001 LSU Tigers football team"", ""1903 LSU Tigers football team"", ""2006 Auburn Tigers football team"", ""2006 Clemson Tigers football team"", ""1939 Iowa Hawkeyes football team"", ""1902 Auburn Tigers football team"", ""2006 Washington State Cougars football team"", ""2007 Washington State Cougars football team"", ""1903 Auburn Tigers football team"", ""1904 Auburn Tigers football team"", ""2006 California Golden Bears football team"", ""1905 Auburn Tigers football team"", ""1906 Auburn Tigers football team""]","[""Oregon Ducks"", ""Alabama Crimson Tide"", ""TCU Horned Frogs"", ""Ohio State Buckeyes"", ""Iowa Hawkeyes"", ""Boise State Broncos"", ""Stanford Cardinal"", ""Wisconsin Badgers"", ""Utah Utes"", ""Virginia Tech Hokies"", ""Arizona Wildcats"", ""Auburn Tigers"", ""Missouri Tigers"", ""South Carolina Gamecocks"", ""Arkansas Razorbacks"", ""Oklahoma Sooners"", ""Nebraska Cornhuskers"", ""LSU Tigers"", ""Oklahoma State Cowboys"", ""Florida State Seminoles"", ""Team"", ""Florida Gators"", ""Texas A&M Aggies"", ""Pittsburgh Panthers"", ""Georgia Tech Yellow Jackets"", ""Arizona State Sun Devils"", ""West Virginia Mountaineers"", ""Northwestern Wildcats"", ""Penn State Nittany Lions"", ""Georgia Bulldogs"", ""Michigan State Spartans"", ""Miami (FL) Hurricanes"", ""North Carolina Tar Heels"", ""Cincinnati Bearcats"", ""Oregon State Beavers"", ""Texas Tech Red Raiders"", ""Texas Longhorns"", ""Baylor Bears"", ""Hawaii Warriors"", ""Mississippi State Bulldogs"", ""California Golden Bears"", ""Nevada Wolf Pack"", ""USC Trojans"", ""San Diego State Aztecs"", ""Clemson Tigers"", ""Syracuse Orange"", ""Temple Owls"", ""North Carolina State Wolfpack"", ""Northern Illinois Huskies"", ""Mississippi Rebels"", ""Southern Miss Golden Eagles"", ""Connecticut Huskies"", ""Kentucky Wildcats"", ""Ohio Bobcats"", ""Fresno State Bulldogs"", ""Michigan Wolverines"", ""Louisville Cardinals"", ""Southern Methodist Mustangs"", ""South Florida Bulls"", ""UCF Knights"", ""Purdue Boilermakers"", ""Troy Trojans"", ""Idaho Vandals"", ""Notre Dame Fighting Irish""]",semantic,"The query column contains team names with years, while the candidate column contains just the team names, indicating a hierarchical relationship.",semsketch,1.0000,0.8600,1.0000,0.9533,1.0000,0.8600,3,True,True,"The query column contains team names with years, while the candidate column contains just the team names, indicating a hierarchical relationship.","Team-season titles map to teams, but visible candidate coverage is partial.",The query column contains specific NCAA football team seasons which can be semantically mapped to the general team names in the candidate column by extracting the team name.,
autofj-wdc,NCAATeamSeason_left.csv,title,target_018434.csv,title,"[""1899 Sewanee Tigers football team"", ""2005 Texas Longhorns football team"", ""1995 Nebraska Cornhuskers football team"", ""2006 Texas Longhorns football team"", ""2006 Colorado Buffaloes football team"", ""2005 Colorado Buffaloes football team"", ""2006 Oklahoma Sooners football team"", ""2006 Michigan Wolverines football team"", ""2006 Nebraska Cornhuskers football team"", ""2005 Nebraska Cornhuskers football team"", ""2006 Washington Huskies football team"", ""2005 LSU Tigers football team"", ""2006 LSU Tigers football team"", ""2003 LSU Tigers football team"", ""2004 LSU Tigers football team"", ""2002 LSU Tigers football team"", ""2006 Georgia Tech Yellow Jackets football team"", ""2005 USC Trojans football team"", ""2006 USC Trojans football team"", ""2005 Notre Dame Fighting Irish football team"", ""2006 Notre Dame Fighting Irish football team"", ""2004 Texas Longhorns football team"", ""2006 Penn State Nittany Lions football team"", ""2006 Florida Gators football team"", ""1893 LSU Tigers football team"", ""1894 LSU Tigers football team"", ""1895 LSU Tigers football team"", ""1896 LSU Tigers football team"", ""1897 LSU Tigers football team"", ""1898 LSU Tigers football team"", ""1899 LSU Tigers football team"", ""1900 LSU Tigers football team"", ""1901 LSU Tigers football team"", ""1902 LSU Tigers football team"", ""2006 Ohio State Buckeyes football team"", ""2006 Minnesota Golden Gophers football team"", ""2005 Minnesota Golden Gophers football team"", ""2004 Minnesota Golden Gophers football team"", ""2003 Minnesota Golden Gophers football team"", ""2002 Minnesota Golden Gophers football team"", ""2001 Minnesota Golden Gophers football team"", ""2005 Miami Hurricanes football team"", ""2006 Miami Hurricanes football team"", ""2006 Florida State Seminoles football team"", ""2001 Miami Hurricanes football team"", ""2006 Hawaii Warriors football team"", ""2006 Miami RedHawks football team"", ""2006 Arizona State Sun Devils football team"", ""2000 Minnesota Golden Gophers football team"", ""2006 Tennessee Volunteers football team"", ""2006 Purdue Boilermakers football team"", ""2001 LSU Tigers football team"", ""1903 LSU Tigers football team"", ""2006 Auburn Tigers football team"", ""2006 Clemson Tigers football team"", ""1939 Iowa Hawkeyes football team"", ""1902 Auburn Tigers football team"", ""2006 Washington State Cougars football team"", ""2007 Washington State Cougars football team"", ""1903 Auburn Tigers football team"", ""1904 Auburn Tigers football team"", ""2006 California Golden Bears football team"", ""1905 Auburn Tigers football team"", ""1906 Auburn Tigers football team""]","[""USC Trojans"", ""Florida Gators"", ""Utah Utes"", ""Oklahoma Sooners"", ""Texas Longhorns"", ""TCU Horned Frogs"", ""Penn State Nittany Lions"", ""Mississippi Rebels"", ""Alabama Crimson Tide"", ""Oregon Ducks"", ""Texas Tech Red Raiders"", ""California Golden Bears"", ""Boise State Broncos"", ""Ohio State Buckeyes"", ""Iowa Hawkeyes"", ""Tulsa Golden Hurricane"", ""Georgia Bulldogs"", ""Oregon State Beavers"", ""West Virginia Mountaineers"", ""Florida State Seminoles"", ""Team"", ""Houston Cougars"", ""Missouri Tigers"", ""Oklahoma State Cowboys"", ""Rutgers Scarlet Knights"", ""Nebraska Cornhuskers"", ""South Florida Bulls"", ""Connecticut Huskies"", ""LSU Tigers"", ""Ball State Cardinals"", ""Georgia Tech Yellow Jackets"", ""Wisconsin Badgers"", ""Kansas Jayhawks"", ""Arizona Wildcats"", ""Brigham Young Cougars"", ""Pittsburgh Panthers"", ""North Carolina Tar Heels"", ""Cincinnati Bearcats"", ""Wake Forest Demon Deacons"", ""Maryland Terrapins"", ""Rice Owls"", ""Virginia Tech Hokies"", ""Boston College Eagles"", ""Stanford Cardinal"", ""Illinois Fighting Illini"", ""Arkansas State Red Wolves"", ""Troy Trojans"", ""Southern Miss Golden Eagles"", ""Arkansas Razorbacks"", ""Louisiana Tech Bulldogs"", ""Michigan State Spartans"", ""Clemson Tigers"", ""Miami (FL) Hurricanes"", ""Nevada Wolf Pack"", ""Colorado State Rams"", ""North Carolina State Wolfpack"", ""Western Michigan Broncos"", ""Notre Dame Fighting Irish"", ""Tennessee Volunteers"", ""Baylor Bears"", ""Arizona State Sun Devils"", ""Air Force Falcons"", ""South Carolina Gamecocks"", ""Navy Midshipmen""]",semantic,"The query column contains team names with years, while the candidate column contains just the team names, indicating a hierarchical relationship.",semsketch,1.0000,0.8700,1.0000,0.9567,1.0000,0.8700,3,True,True,"The query column contains team names with years, while the candidate column contains just the team names, indicating a hierarchical relationship.",Team-season titles can be parsed to teams with partial candidate coverage.,The query column contains specific NCAA football team seasons which can be semantically mapped to the general team names in the candidate column by removing the year and 'football team' suffix.,
autofj-wdc,NCAATeamSeason_left.csv,title,target_086653.csv,title,"[""1899 Sewanee Tigers football team"", ""2005 Texas Longhorns football team"", ""1995 Nebraska Cornhuskers football team"", ""2006 Texas Longhorns football team"", ""2006 Colorado Buffaloes football team"", ""2005 Colorado Buffaloes football team"", ""2006 Oklahoma Sooners football team"", ""2006 Michigan Wolverines football team"", ""2006 Nebraska Cornhuskers football team"", ""2005 Nebraska Cornhuskers football team"", ""2006 Washington Huskies football team"", ""2005 LSU Tigers football team"", ""2006 LSU Tigers football team"", ""2003 LSU Tigers football team"", ""2004 LSU Tigers football team"", ""2002 LSU Tigers football team"", ""2006 Georgia Tech Yellow Jackets football team"", ""2005 USC Trojans football team"", ""2006 USC Trojans football team"", ""2005 Notre Dame Fighting Irish football team"", ""2006 Notre Dame Fighting Irish football team"", ""2004 Texas Longhorns football team"", ""2006 Penn State Nittany Lions football team"", ""2006 Florida Gators football team"", ""1893 LSU Tigers football team"", ""1894 LSU Tigers football team"", ""1895 LSU Tigers football team"", ""1896 LSU Tigers football team"", ""1897 LSU Tigers football team"", ""1898 LSU Tigers football team"", ""1899 LSU Tigers football team"", ""1900 LSU Tigers football team"", ""1901 LSU Tigers football team"", ""1902 LSU Tigers football team"", ""2006 Ohio State Buckeyes football team"", ""2006 Minnesota Golden Gophers football team"", ""2005 Minnesota Golden Gophers football team"", ""2004 Minnesota Golden Gophers football team"", ""2003 Minnesota Golden Gophers football team"", ""2002 Minnesota Golden Gophers football team"", ""2001 Minnesota Golden Gophers football team"", ""2005 Miami Hurricanes football team"", ""2006 Miami Hurricanes football team"", ""2006 Florida State Seminoles football team"", ""2001 Miami Hurricanes football team"", ""2006 Hawaii Warriors football team"", ""2006 Miami RedHawks football team"", ""2006 Arizona State Sun Devils football team"", ""2000 Minnesota Golden Gophers football team"", ""2006 Tennessee Volunteers football team"", ""2006 Purdue Boilermakers football team"", ""2001 LSU Tigers football team"", ""1903 LSU Tigers football team"", ""2006 Auburn Tigers football team"", ""2006 Clemson Tigers football team"", ""1939 Iowa Hawkeyes football team"", ""1902 Auburn Tigers football team"", ""2006 Washington State Cougars football team"", ""2007 Washington State Cougars football team"", ""1903 Auburn Tigers football team"", ""1904 Auburn Tigers football team"", ""2006 California Golden Bears football team"", ""1905 Auburn Tigers football team"", ""1906 Auburn Tigers football team""]","[""Alabama Crimson Tide"", ""Ohio State Buckeyes"", ""Texas Longhorns"", ""Florida Gators"", ""TCU Horned Frogs"", ""Virginia Tech Hokies"", ""Boise State Broncos"", ""Miami (FL) Hurricanes"", ""Georgia Tech Yellow Jackets"", ""Iowa Hawkeyes"", ""Pittsburgh Panthers"", ""Auburn Tigers"", ""Oregon Ducks"", ""Florida State Seminoles"", ""Penn State Nittany Lions"", ""Arkansas Razorbacks"", ""Wisconsin Badgers"", ""Cincinnati Bearcats"", ""LSU Tigers"", ""Oklahoma Sooners"", ""Team"", ""Oregon State Beavers"", ""Clemson Tigers"", ""West Virginia Mountaineers"", ""Arizona Wildcats"", ""Connecticut Huskies"", ""Georgia Bulldogs"", ""Utah Utes"", ""Nebraska Cornhuskers"", ""California Golden Bears"", ""North Carolina Tar Heels"", ""South Carolina Gamecocks"", ""Texas Tech Red Raiders"", ""Stanford Cardinal"", ""Notre Dame Fighting Irish"", ""Texas A&M Aggies"", ""USC Trojans"", ""Houston Cougars"", ""UCLA Bruins"", ""Michigan State Spartans"", ""Temple Owls"", ""Missouri Tigers"", ""Mississippi Rebels"", ""Idaho Vandals"", ""Nevada Wolf Pack"", ""Air Force Falcons"", ""Fresno State Bulldogs"", ""Northwestern Wildcats"", ""Syracuse Orange"", ""Purdue Boilermakers"", ""Tennessee Volunteers"", ""Brigham Young Cougars"", ""South Florida Bulls"", ""Southern Miss Golden Eagles"", ""Boston College Eagles"", ""Colorado Buffaloes"", ""Oklahoma State Cowboys"", ""Virginia Cavaliers"", ""Ohio Bobcats"", ""Rutgers Scarlet Knights"", ""Southern Methodist Mustangs"", ""Troy Trojans"", ""Kentucky Wildcats"", ""UCF Knights""]",semantic,"The query column contains team names with years, while the candidate column contains just the team names, indicating a hierarchical relationship.",semsketch,1.0000,0.9100,0.9000,0.9367,0.9100,0.9000,3,True,True,"The query column contains team names with years, while the candidate column contains just the team names, indicating a hierarchical relationship.",Team-season titles map cleanly to many candidate team names.,The query column contains NCAA football team seasons which can be semantically joined to the candidate column's team names by extracting the team name from the season title.,
autofj-wdc,NCAATeamSeason_left.csv,title,target_019568.csv,title,"[""1899 Sewanee Tigers football team"", ""2005 Texas Longhorns football team"", ""1995 Nebraska Cornhuskers football team"", ""2006 Texas Longhorns football team"", ""2006 Colorado Buffaloes football team"", ""2005 Colorado Buffaloes football team"", ""2006 Oklahoma Sooners football team"", ""2006 Michigan Wolverines football team"", ""2006 Nebraska Cornhuskers football team"", ""2005 Nebraska Cornhuskers football team"", ""2006 Washington Huskies football team"", ""2005 LSU Tigers football team"", ""2006 LSU Tigers football team"", ""2003 LSU Tigers football team"", ""2004 LSU Tigers football team"", ""2002 LSU Tigers football team"", ""2006 Georgia Tech Yellow Jackets football team"", ""2005 USC Trojans football team"", ""2006 USC Trojans football team"", ""2005 Notre Dame Fighting Irish football team"", ""2006 Notre Dame Fighting Irish football team"", ""2004 Texas Longhorns football team"", ""2006 Penn State Nittany Lions football team"", ""2006 Florida Gators football team"", ""1893 LSU Tigers football team"", ""1894 LSU Tigers football team"", ""1895 LSU Tigers football team"", ""1896 LSU Tigers football team"", ""1897 LSU Tigers football team"", ""1898 LSU Tigers football team"", ""1899 LSU Tigers football team"", ""1900 LSU Tigers football team"", ""1901 LSU Tigers football team"", ""1902 LSU Tigers football team"", ""2006 Ohio State Buckeyes football team"", ""2006 Minnesota Golden Gophers football team"", ""2005 Minnesota Golden Gophers football team"", ""2004 Minnesota Golden Gophers football team"", ""2003 Minnesota Golden Gophers football team"", ""2002 Minnesota Golden Gophers football team"", ""2001 Minnesota Golden Gophers football team"", ""2005 Miami Hurricanes football team"", ""2006 Miami Hurricanes football team"", ""2006 Florida State Seminoles football team"", ""2001 Miami Hurricanes football team"", ""2006 Hawaii Warriors football team"", ""2006 Miami RedHawks football team"", ""2006 Arizona State Sun Devils football team"", ""2000 Minnesota Golden Gophers football team"", ""2006 Tennessee Volunteers football team"", ""2006 Purdue Boilermakers football team"", ""2001 LSU Tigers football team"", ""1903 LSU Tigers football team"", ""2006 Auburn Tigers football team"", ""2006 Clemson Tigers football team"", ""1939 Iowa Hawkeyes football team"", ""1902 Auburn Tigers football team"", ""2006 Washington State Cougars football team"", ""2007 Washington State Cougars football team"", ""1903 Auburn Tigers football team"", ""1904 Auburn Tigers football team"", ""2006 California Golden Bears football team"", ""1905 Auburn Tigers football team"", ""1906 Auburn Tigers football team""]","[""Florida Gators"", ""Texas Longhorns"", ""Oklahoma Sooners"", ""USC Trojans"", ""Alabama Crimson Tide"", ""Oklahoma State Cowboys"", ""LSU Tigers"", ""Mississippi Rebels"", ""Ohio State Buckeyes"", ""California Golden Bears"", ""Penn State Nittany Lions"", ""West Virginia Mountaineers"", ""Georgia Bulldogs"", ""Iowa Hawkeyes"", ""Georgia Tech Yellow Jackets"", ""Florida State Seminoles"", ""TCU Horned Frogs"", ""Virginia Tech Hokies"", ""Illinois Fighting Illini"", ""Utah Utes"", ""Team"", ""Boise State Broncos"", ""Houston Cougars"", ""Oregon Ducks"", ""Brigham Young Cougars"", ""Kansas Jayhawks"", ""Notre Dame Fighting Irish"", ""Baylor Bears"", ""Texas Tech Red Raiders"", ""Nebraska Cornhuskers"", ""Rutgers Scarlet Knights"", ""Clemson Tigers"", ""Tennessee Volunteers"", ""North Carolina Tar Heels"", ""Pittsburgh Panthers"", ""Nevada Wolf Pack"", ""Missouri Tigers"", ""Arizona Wildcats"", ""Oregon State Beavers"", ""Southern Miss Golden Eagles"", ""South Florida Bulls"", ""Michigan State Spartans"", ""Wisconsin Badgers"", ""Miami (FL) Hurricanes"", ""Air Force Falcons"", ""East Carolina Pirates"", ""Tulsa Golden Hurricane"", ""Cincinnati Bearcats"", ""Minnesota Golden Gophers"", ""Stanford Cardinal"", ""Arkansas Razorbacks"", ""North Carolina State Wolfpack"", ""Navy Midshipmen"", ""Maryland Terrapins"", ""Western Michigan Broncos"", ""Vanderbilt Commodores"", ""Arkansas State Red Wolves"", ""Wake Forest Demon Deacons"", ""Louisiana Tech Bulldogs"", ""Arizona State Sun Devils"", ""Connecticut Huskies"", ""Troy Trojans"", ""Central Michigan Chippewas"", ""Northwestern Wildcats""]",semantic,"The query column contains team names with years, while the candidate column contains just the team names, indicating a hierarchical relationship.",semsketch,1.0000,0.9200,1.0000,0.9733,1.0000,0.9200,3,True,True,"The query column contains team names with years, while the candidate column contains just the team names, indicating a hierarchical relationship.",Team-season titles map cleanly to candidate team names.,The query column contains specific team seasons from which the team names in the candidate column can be directly extracted.,
autofj-wdc,NCAATeamSeason_left.csv,title,target_092247.csv,title,"[""1899 Sewanee Tigers football team"", ""2005 Texas Longhorns football team"", ""1995 Nebraska Cornhuskers football team"", ""2006 Texas Longhorns football team"", ""2006 Colorado Buffaloes football team"", ""2005 Colorado Buffaloes football team"", ""2006 Oklahoma Sooners football team"", ""2006 Michigan Wolverines football team"", ""2006 Nebraska Cornhuskers football team"", ""2005 Nebraska Cornhuskers football team"", ""2006 Washington Huskies football team"", ""2005 LSU Tigers football team"", ""2006 LSU Tigers football team"", ""2003 LSU Tigers football team"", ""2004 LSU Tigers football team"", ""2002 LSU Tigers football team"", ""2006 Georgia Tech Yellow Jackets football team"", ""2005 USC Trojans football team"", ""2006 USC Trojans football team"", ""2005 Notre Dame Fighting Irish football team"", ""2006 Notre Dame Fighting Irish football team"", ""2004 Texas Longhorns football team"", ""2006 Penn State Nittany Lions football team"", ""2006 Florida Gators football team"", ""1893 LSU Tigers football team"", ""1894 LSU Tigers football team"", ""1895 LSU Tigers football team"", ""1896 LSU Tigers football team"", ""1897 LSU Tigers football team"", ""1898 LSU Tigers football team"", ""1899 LSU Tigers football team"", ""1900 LSU Tigers football team"", ""1901 LSU Tigers football team"", ""1902 LSU Tigers football team"", ""2006 Ohio State Buckeyes football team"", ""2006 Minnesota Golden Gophers football team"", ""2005 Minnesota Golden Gophers football team"", ""2004 Minnesota Golden Gophers football team"", ""2003 Minnesota Golden Gophers football team"", ""2002 Minnesota Golden Gophers football team"", ""2001 Minnesota Golden Gophers football team"", ""2005 Miami Hurricanes football team"", ""2006 Miami Hurricanes football team"", ""2006 Florida State Seminoles football team"", ""2001 Miami Hurricanes football team"", ""2006 Hawaii Warriors football team"", ""2006 Miami RedHawks football team"", ""2006 Arizona State Sun Devils football team"", ""2000 Minnesota Golden Gophers football team"", ""2006 Tennessee Volunteers football team"", ""2006 Purdue Boilermakers football team"", ""2001 LSU Tigers football team"", ""1903 LSU Tigers football team"", ""2006 Auburn Tigers football team"", ""2006 Clemson Tigers football team"", ""1939 Iowa Hawkeyes football team"", ""1902 Auburn Tigers football team"", ""2006 Washington State Cougars football team"", ""2007 Washington State Cougars football team"", ""1903 Auburn Tigers football team"", ""1904 Auburn Tigers football team"", ""2006 California Golden Bears football team"", ""1905 Auburn Tigers football team"", ""1906 Auburn Tigers football team""]","[""Texas Longhorns"", ""Oklahoma State Cowboys"", ""Oklahoma Sooners"", ""USC Trojans"", ""Penn State Nittany Lions"", ""Alabama Crimson Tide"", ""Missouri Tigers"", ""GA Tech Yellow Jackets"", ""Tulsa Golden Hurricane"", ""Georgia Bulldogs"", ""Boise State Broncos"", ""Florida Gators"", ""Ball State Cardinals"", ""Texas Tech Red Raiders"", ""Ohio State Buckeyes"", ""Florida State Seminoles"", ""Utah Utes"", ""TCU Horned Frogs"", ""Pittsburgh Panthers"", ""Boston College Eagles"", ""Team"", ""Illinois Fighting Illini"", ""South Florida Bulls"", ""North Carolina Tar Heels"", ""Iowa Hawkeyes"", ""Kansas Jayhawks"", ""Nebraska Cornhuskers"", ""Air Force Falcons"", ""LSU Tigers"", ""California Golden Bears"", ""Oregon Ducks"", ""Arizona Wildcats"", ""Cincinnati Bearcats"", ""Brigham Young Cougars"", ""Minn. Golden Gophers"", ""Nevada Wolf Pack"", ""Maryland Terrapins"", ""Oregon State Beavers"", ""Northwestern Wildcats"", ""Michigan State Spartans"", ""Northern Illinois Huskies"", ""Arkansas St. Indians"", ""W. Virginia Mountaineers"", ""Clemson Tigers"", ""W. Michigan Broncos"", ""WF Demon Deacons"", ""Troy Trojans"", ""Virginia Tech Hokies"", ""Mississippi Rebels"", ""Houston Cougars"", ""Kansas State Wildcats"", ""Wisconsin Badgers"", ""S. Carolina Gamecocks"", ""Kentucky Wildcats"", ""Connecticut Huskies"", ""C. Michigan Chippewas"", ""Miami (FL) Hurricanes"", ""Navy Midshipmen"", ""Louisville Cardinals"", ""San Jose State Spartans"", ""Fresno State Bulldogs"", ""Baylor Bears"", ""Tennessee Volunteers"", ""Arizona St. Sun Devils""]",semantic,"The query column contains team names with years, while the candidate column contains just the team names, indicating a hierarchical relationship.",deepjoin;snoopy,1.0000,0.9000,1.0000,0.9667,1.0000,0.9000,3,True,True,"The query column contains team names with years, while the candidate column contains just the team names, indicating a hierarchical relationship.",Team-season titles map to teams with solid candidate overlap.,The query column contains specific team seasons that can be semantically mapped to the general team names in the candidate column by extracting the team name.,
autofj-wdc,NCAATeamSeason_left.csv,title,target_028305.csv,title,"[""1899 Sewanee Tigers football team"", ""2005 Texas Longhorns football team"", ""1995 Nebraska Cornhuskers football team"", ""2006 Texas Longhorns football team"", ""2006 Colorado Buffaloes football team"", ""2005 Colorado Buffaloes football team"", ""2006 Oklahoma Sooners football team"", ""2006 Michigan Wolverines football team"", ""2006 Nebraska Cornhuskers football team"", ""2005 Nebraska Cornhuskers football team"", ""2006 Washington Huskies football team"", ""2005 LSU Tigers football team"", ""2006 LSU Tigers football team"", ""2003 LSU Tigers football team"", ""2004 LSU Tigers football team"", ""2002 LSU Tigers football team"", ""2006 Georgia Tech Yellow Jackets football team"", ""2005 USC Trojans football team"", ""2006 USC Trojans football team"", ""2005 Notre Dame Fighting Irish football team"", ""2006 Notre Dame Fighting Irish football team"", ""2004 Texas Longhorns football team"", ""2006 Penn State Nittany Lions football team"", ""2006 Florida Gators football team"", ""1893 LSU Tigers football team"", ""1894 LSU Tigers football team"", ""1895 LSU Tigers football team"", ""1896 LSU Tigers football team"", ""1897 LSU Tigers football team"", ""1898 LSU Tigers football team"", ""1899 LSU Tigers football team"", ""1900 LSU Tigers football team"", ""1901 LSU Tigers football team"", ""1902 LSU Tigers football team"", ""2006 Ohio State Buckeyes football team"", ""2006 Minnesota Golden Gophers football team"", ""2005 Minnesota Golden Gophers football team"", ""2004 Minnesota Golden Gophers football team"", ""2003 Minnesota Golden Gophers football team"", ""2002 Minnesota Golden Gophers football team"", ""2001 Minnesota Golden Gophers football team"", ""2005 Miami Hurricanes football team"", ""2006 Miami Hurricanes football team"", ""2006 Florida State Seminoles football team"", ""2001 Miami Hurricanes football team"", ""2006 Hawaii Warriors football team"", ""2006 Miami RedHawks football team"", ""2006 Arizona State Sun Devils football team"", ""2000 Minnesota Golden Gophers football team"", ""2006 Tennessee Volunteers football team"", ""2006 Purdue Boilermakers football team"", ""2001 LSU Tigers football team"", ""1903 LSU Tigers football team"", ""2006 Auburn Tigers football team"", ""2006 Clemson Tigers football team"", ""1939 Iowa Hawkeyes football team"", ""1902 Auburn Tigers football team"", ""2006 Washington State Cougars football team"", ""2007 Washington State Cougars football team"", ""1903 Auburn Tigers football team"", ""1904 Auburn Tigers football team"", ""2006 California Golden Bears football team"", ""1905 Auburn Tigers football team"", ""1906 Auburn Tigers football team""]","[""Oklahoma Sooners"", ""Alabama Crimson Tide"", ""Penn State Nittany Lions"", ""Missouri Tigers"", ""Texas Longhorns"", ""LSU Tigers"", ""Texas Tech Red Raiders"", ""Oklahoma State Cowboys"", ""Brigham Young Cougars"", ""Boise State Broncos"", ""South Florida Bulls"", ""USC Trojans"", ""Georgia Bulldogs"", ""Ohio State Buckeyes"", ""GA Tech Yellow Jackets"", ""Utah Utes"", ""Tulsa Golden Hurricane"", ""Ball State Cardinals"", ""Wisconsin Badgers"", ""Kentucky Wildcats"", ""Team"", ""Florida Gators"", ""Florida State Seminoles"", ""Maryland Terrapins"", ""Kansas Jayhawks"", ""Kansas State Wildcats"", ""Oregon Ducks"", ""Nebraska Cornhuskers"", ""Arizona Wildcats"", ""Northwestern Wildcats"", ""Virginia Tech Hokies"", ""Connecticut Huskies"", ""W. Virginia Mountaineers"", ""North Carolina Tar Heels"", ""Baylor Bears"", ""California Golden Bears"", ""Navy Midshipmen"", ""Auburn Tigers"", ""Iowa Hawkeyes"", ""TCU Horned Frogs"", ""Mississippi Rebels"", ""Boston College Eagles"", ""WF Demon Deacons"", ""Vanderbilt Commodores"", ""Minn. Golden Gophers"", ""Fresno State Bulldogs"", ""Michigan State Spartans"", ""Northern Illinois Huskies"", ""Duke Blue Devils"", ""W. Michigan Broncos"", ""Arizona St. Sun Devils"", ""Michigan Wolverines"", ""Clemson Tigers"", ""Cincinnati Bearcats"", ""Tennessee Volunteers"", ""Miami (FL) Hurricanes"", ""Oregon State Beavers"", ""Houston Cougars"", ""Louisville Cardinals"", ""Arkansas St. Indians"", ""Illinois Fighting Illini"", ""Nevada Wolf Pack"", ""Pittsburgh Panthers"", ""Indiana Hoosiers""]",semantic,"The query column contains team names with years, while the candidate column contains just the team names, indicating a hierarchical relationship.",deepjoin;snoopy,1.0000,0.8600,1.0000,0.9533,1.0000,0.8600,3,True,True,"The query column contains team names with years, while the candidate column contains just the team names, indicating a hierarchical relationship.","Team-season titles map to teams, but visible candidate coverage is partial.",The query column contains specific NCAA team seasons from which the team names can be extracted to join with the candidate column.,
autofj-wdc,NCAATeamSeason_left.csv,title,target_038551.csv,title,"[""1899 Sewanee Tigers football team"", ""2005 Texas Longhorns football team"", ""1995 Nebraska Cornhuskers football team"", ""2006 Texas Longhorns football team"", ""2006 Colorado Buffaloes football team"", ""2005 Colorado Buffaloes football team"", ""2006 Oklahoma Sooners football team"", ""2006 Michigan Wolverines football team"", ""2006 Nebraska Cornhuskers football team"", ""2005 Nebraska Cornhuskers football team"", ""2006 Washington Huskies football team"", ""2005 LSU Tigers football team"", ""2006 LSU Tigers football team"", ""2003 LSU Tigers football team"", ""2004 LSU Tigers football team"", ""2002 LSU Tigers football team"", ""2006 Georgia Tech Yellow Jackets football team"", ""2005 USC Trojans football team"", ""2006 USC Trojans football team"", ""2005 Notre Dame Fighting Irish football team"", ""2006 Notre Dame Fighting Irish football team"", ""2004 Texas Longhorns football team"", ""2006 Penn State Nittany Lions football team"", ""2006 Florida Gators football team"", ""1893 LSU Tigers football team"", ""1894 LSU Tigers football team"", ""1895 LSU Tigers football team"", ""1896 LSU Tigers football team"", ""1897 LSU Tigers football team"", ""1898 LSU Tigers football team"", ""1899 LSU Tigers football team"", ""1900 LSU Tigers football team"", ""1901 LSU Tigers football team"", ""1902 LSU Tigers football team"", ""2006 Ohio State Buckeyes football team"", ""2006 Minnesota Golden Gophers football team"", ""2005 Minnesota Golden Gophers football team"", ""2004 Minnesota Golden Gophers football team"", ""2003 Minnesota Golden Gophers football team"", ""2002 Minnesota Golden Gophers football team"", ""2001 Minnesota Golden Gophers football team"", ""2005 Miami Hurricanes football team"", ""2006 Miami Hurricanes football team"", ""2006 Florida State Seminoles football team"", ""2001 Miami Hurricanes football team"", ""2006 Hawaii Warriors football team"", ""2006 Miami RedHawks football team"", ""2006 Arizona State Sun Devils football team"", ""2000 Minnesota Golden Gophers football team"", ""2006 Tennessee Volunteers football team"", ""2006 Purdue Boilermakers football team"", ""2001 LSU Tigers football team"", ""1903 LSU Tigers football team"", ""2006 Auburn Tigers football team"", ""2006 Clemson Tigers football team"", ""1939 Iowa Hawkeyes football team"", ""1902 Auburn Tigers football team"", ""2006 Washington State Cougars football team"", ""2007 Washington State Cougars football team"", ""1903 Auburn Tigers football team"", ""1904 Auburn Tigers football team"", ""2006 California Golden Bears football team"", ""1905 Auburn Tigers football team"", ""1906 Auburn Tigers football team""]","[""Texas Longhorns"", ""Penn State Nittany Lions"", ""Oklahoma Sooners"", ""Oklahoma State Cowboys"", ""Missouri Tigers"", ""Alabama Crimson Tide"", ""USC Trojans"", ""Texas Tech Red Raiders"", ""Ball State Cardinals"", ""GA Tech Yellow Jackets"", ""Georgia Bulldogs"", ""Florida Gators"", ""Boise State Broncos"", ""Tulsa Golden Hurricane"", ""California Golden Bears"", ""Utah Utes"", ""North Carolina Tar Heels"", ""Florida State Seminoles"", ""TCU Horned Frogs"", ""Kansas Jayhawks"", ""Team"", ""Michigan State Spartans"", ""Ohio State Buckeyes"", ""Brigham Young Cougars"", ""Virginia Tech Hokies"", ""South Florida Bulls"", ""Oregon State Beavers"", ""Boston College Eagles"", ""Iowa Hawkeyes"", ""WF Demon Deacons"", ""Minn. Golden Gophers"", ""Nebraska Cornhuskers"", ""LSU Tigers"", ""Oregon Ducks"", ""Cincinnati Bearcats"", ""Northwestern Wildcats"", ""Pittsburgh Panthers"", ""Maryland Terrapins"", ""Navy Midshipmen"", ""Air Force Falcons"", ""W. Michigan Broncos"", ""Illinois Fighting Illini"", ""Nevada Wolf Pack"", ""Arizona Wildcats"", ""S. Carolina Gamecocks"", ""Clemson Tigers"", ""Baylor Bears"", ""Kansas State Wildcats"", ""Mississippi Rebels"", ""Arkansas St. Indians"", ""Wisconsin Badgers"", ""W. Virginia Mountaineers"", ""Connecticut Huskies"", ""Houston Cougars"", ""Virginia Cavaliers"", ""New Mexico State Aggies"", ""Louisville Cardinals"", ""Indiana Hoosiers"", ""Arizona St. Sun Devils"", ""Northern Illinois Huskies"", ""Troy Trojans"", ""San Jose State Spartans"", ""Stanford Cardinal"", ""Duke Blue Devils""]",semantic,"The query column contains team names with years, while the candidate column contains just the team names, indicating a hierarchical relationship.",snoopy,1.0000,0.9000,1.0000,0.9667,1.0000,0.9000,3,True,True,"The query column contains team names with years, while the candidate column contains just the team names, indicating a hierarchical relationship.",Team-season titles map to teams with solid candidate overlap.,The query column contains specific team seasons which can be semantically mapped to the team names in the candidate column by extracting the team name.,
wt-wdc,AJ-park-to-state-1_source_Location,title,target_049395,title,"[""Maine; 44°21′N 68°13′W﻿ / ﻿44.35°N 68.21°W"", ""American Samoa; 14°15′S 170°41′W﻿ / ﻿14.25°S 170.68°W"", ""Utah; 38°41′N 109°34′W﻿ / ﻿38.68°N 109.57°W"", ""South Dakota; 43°45′N 102°30′W﻿ / ﻿43.75°N 102.50°W"", ""Texas; 29°15′N 103°15′W﻿ / ﻿29.25°N 103.25°W"", ""Florida; 25°39′N 80°05′W﻿ / ﻿25.65°N 80.08°W"", ""Colorado; 38°34′N 107°43′W﻿ / ﻿38.57°N 107.72°W"", ""Utah; 37°34′N 112°11′W﻿ / ﻿37.57°N 112.18°W"", ""Utah; 38°12′N 109°56′W﻿ / ﻿38.2°N 109.93°W"", ""Utah; 38°12′N 111°10′W﻿ / ﻿38.20°N 111.17°W"", ""New Mexico; 32°10′N 104°26′W﻿ / ﻿32.17°N 104.44°W"", ""California; 34°01′N 119°25′W﻿ / ﻿34.01°N 119.42°W"", ""South Carolina; 33°47′N 80°47′W﻿ / ﻿33.78°N 80.78°W"", ""Oregon; 42°56′N 122°06′W﻿ / ﻿42.94°N 122.1°W"", ""Ohio; 41°14′N 81°33′W﻿ / ﻿41.24°N 81.55°W"", ""California Nevada; 36°14′N 116°49′W﻿ / ﻿36.24°N 116.82°W"", ""Alaska; 63°20′N 150°30′W﻿ / ﻿63.33°N 150.50°W"", ""Florida; 24°38′N 82°52′W﻿ / ﻿24.63°N 82.87°W"", ""Florida; 25°19′N 80°56′W﻿ / ﻿25.32°N 80.93°W"", ""Alaska; 67°47′N 153°18′W﻿ / ﻿67.78°N 153.30°W"", ""Montana; 48°48′N 114°00′W﻿ / ﻿48.80°N 114.00°W"", ""Alaska; 58°30′N 137°00′W﻿ / ﻿58.50°N 137.00°W"", ""Arizona; 36°04′N 112°08′W﻿ / ﻿36.06°N 112.14°W"", ""Wyoming; 43°44′N 110°48′W﻿ / ﻿43.73°N 110.80°W"", ""Nevada; 38°59′N 114°18′W﻿ / ﻿38.98°N 114.30°W"", ""Colorado; 37°44′N 105°31′W﻿ / ﻿37.73°N 105.51°W"", ""North Carolina Tennessee; 35°41′N 83°32′W﻿ / ﻿35.68°N 83.53°W"", ""Texas; 31°55′N 104°52′W﻿ / ﻿31.92°N 104.87°W"", ""Hawaii; 20°43′N 156°10′W﻿ / ﻿20.72°N 156.17°W"", ""Hawaii; 19°23′N 155°12′W﻿ / ﻿19.38°N 155.20°W"", ""Arkansas; 34°31′N 93°03′W﻿ / ﻿34.51°N 93.05°W"", ""Michigan; 48°06′N 88°33′W﻿ / ﻿48.10°N 88.55°W"", ""California; 33°47′N 115°54′W﻿ / ﻿33.79°N 115.90°W"", ""Alaska; 58°30′N 155°00′W﻿ / ﻿58.50°N 155.00°W"", ""Alaska; 59°55′N 149°39′W﻿ / ﻿59.92°N 149.65°W"", ""California; 36°48′N 118°33′W﻿ / ﻿36.80°N 118.55°W"", ""Alaska; 67°33′N 159°17′W﻿ / ﻿67.55°N 159.28°W"", ""Alaska; 60°58′N 153°25′W﻿ / ﻿60.97°N 153.42°W"", ""California; 40°29′N 121°31′W﻿ / ﻿40.49°N 121.51°W"", ""Kentucky; 37°11′N 86°06′W﻿ / ﻿37.18°N 86.10°W"", ""Colorado; 37°11′N 108°29′W﻿ / ﻿37.18°N 108.49°W"", ""Washington; 46°51′N 121°45′W﻿ / ﻿46.85°N 121.75°W"", ""Washington; 48°42′N 121°12′W﻿ / ﻿48.70°N 121.20°W"", ""Washington; 47°58′N 123°30′W﻿ / ﻿47.97°N 123.50°W"", ""Arizona; 35°04′N 109°47′W﻿ / ﻿35.07°N 109.78°W"", ""California; 36°29′N 121°10′W﻿ / ﻿36.48°N 121.16°W"", ""California; 41°18′N 124°00′W﻿ / ﻿41.30°N 124.00°W"", ""Colorado; 40°24′N 105°35′W﻿ / ﻿40.40°N 105.58°W"", ""Arizona; 32°15′N 110°30′W﻿ / ﻿32.25°N 110.50°W"", ""California; 36°26′N 118°41′W﻿ / ﻿36.43°N 118.68°W"", ""Virginia; 38°32′N 78°21′W﻿ / ﻿38.53°N 78.35°W"", ""North Dakota; 46°58′N 103°27′W﻿ / ﻿46.97°N 103.45°W"", ""United States Virgin Islands; 18°20′N 64°44′W﻿ / ﻿18.33°N 64.73°W"", ""Minnesota; 48°30′N 92°53′W﻿ / ﻿48.50°N 92.88°W"", ""South Dakota; 43°34′N 103°29′W﻿ / ﻿43.57°N 103.48°W"", ""Alaska; 61°00′N 142°00′W﻿ / ﻿61.00°N 142.00°W"", ""Wyoming Montana Idaho; 44°36′N 110°30′W﻿ / ﻿44.60°N 110.50°W"", ""California; 37°50′N 119°30′W﻿ / ﻿37.83°N 119.50°W"", ""Utah; 37°18′N 113°03′W﻿ / ﻿37.30°N 113.05°W""]","[""Alaska"", ""Arizona"", ""Arkansas"", ""California"", ""Colorado"", ""Connecticut"", ""Delaware"", ""District of Columbia"", ""Florida"", ""Georgia"", ""Hawaii"", ""Idaho"", ""Illinois"", ""Indiana"", ""Iowa"", ""Kansas"", ""Kentucky"", ""Louisiana"", ""Maine"", ""Maryland"", ""Massachusetts"", ""Michigan"", ""Minnesota"", ""Mississippi"", ""Missouri"", ""Montana"", ""Nebraska"", ""Nevada"", ""New Hampshire"", ""New Jersey"", ""New Mexico"", ""New York"", ""North Carolina"", ""North Dakota"", ""Ohio"", ""Oklahoma"", ""Oregon"", ""Pennsylvania"", ""Rhode Island"", ""South Carolina"", ""South Dakota"", ""Tennessee"", ""Texas"", ""Utah"", ""Vermont"", ""Virginia"", ""Washington"", ""West Virginia"", ""Wisconsin"", ""Wyoming"", ""American Samoa"", ""Puerto Rico"", ""Virgin Islands""]",semantic,"The query column contains state names combined with coordinates, which can be mapped to the state names in the candidate column.",semsketch,1.0000,0.9500,1.0000,0.9833,1.0000,0.9500,3,True,True,"The query column contains state names combined with coordinates, which can be mapped to the state names in the candidate column.",State names can be parsed from location strings before the coordinates.,The query column contains state names with coordinates that can be easily parsed to match the state names in the candidate column.,
wt-wdc,AJ-park-to-state-1_source_Location,title,target_088486,title,"[""Maine; 44°21′N 68°13′W﻿ / ﻿44.35°N 68.21°W"", ""American Samoa; 14°15′S 170°41′W﻿ / ﻿14.25°S 170.68°W"", ""Utah; 38°41′N 109°34′W﻿ / ﻿38.68°N 109.57°W"", ""South Dakota; 43°45′N 102°30′W﻿ / ﻿43.75°N 102.50°W"", ""Texas; 29°15′N 103°15′W﻿ / ﻿29.25°N 103.25°W"", ""Florida; 25°39′N 80°05′W﻿ / ﻿25.65°N 80.08°W"", ""Colorado; 38°34′N 107°43′W﻿ / ﻿38.57°N 107.72°W"", ""Utah; 37°34′N 112°11′W﻿ / ﻿37.57°N 112.18°W"", ""Utah; 38°12′N 109°56′W﻿ / ﻿38.2°N 109.93°W"", ""Utah; 38°12′N 111°10′W﻿ / ﻿38.20°N 111.17°W"", ""New Mexico; 32°10′N 104°26′W﻿ / ﻿32.17°N 104.44°W"", ""California; 34°01′N 119°25′W﻿ / ﻿34.01°N 119.42°W"", ""South Carolina; 33°47′N 80°47′W﻿ / ﻿33.78°N 80.78°W"", ""Oregon; 42°56′N 122°06′W﻿ / ﻿42.94°N 122.1°W"", ""Ohio; 41°14′N 81°33′W﻿ / ﻿41.24°N 81.55°W"", ""California Nevada; 36°14′N 116°49′W﻿ / ﻿36.24°N 116.82°W"", ""Alaska; 63°20′N 150°30′W﻿ / ﻿63.33°N 150.50°W"", ""Florida; 24°38′N 82°52′W﻿ / ﻿24.63°N 82.87°W"", ""Florida; 25°19′N 80°56′W﻿ / ﻿25.32°N 80.93°W"", ""Alaska; 67°47′N 153°18′W﻿ / ﻿67.78°N 153.30°W"", ""Montana; 48°48′N 114°00′W﻿ / ﻿48.80°N 114.00°W"", ""Alaska; 58°30′N 137°00′W﻿ / ﻿58.50°N 137.00°W"", ""Arizona; 36°04′N 112°08′W﻿ / ﻿36.06°N 112.14°W"", ""Wyoming; 43°44′N 110°48′W﻿ / ﻿43.73°N 110.80°W"", ""Nevada; 38°59′N 114°18′W﻿ / ﻿38.98°N 114.30°W"", ""Colorado; 37°44′N 105°31′W﻿ / ﻿37.73°N 105.51°W"", ""North Carolina Tennessee; 35°41′N 83°32′W﻿ / ﻿35.68°N 83.53°W"", ""Texas; 31°55′N 104°52′W﻿ / ﻿31.92°N 104.87°W"", ""Hawaii; 20°43′N 156°10′W﻿ / ﻿20.72°N 156.17°W"", ""Hawaii; 19°23′N 155°12′W﻿ / ﻿19.38°N 155.20°W"", ""Arkansas; 34°31′N 93°03′W﻿ / ﻿34.51°N 93.05°W"", ""Michigan; 48°06′N 88°33′W﻿ / ﻿48.10°N 88.55°W"", ""California; 33°47′N 115°54′W﻿ / ﻿33.79°N 115.90°W"", ""Alaska; 58°30′N 155°00′W﻿ / ﻿58.50°N 155.00°W"", ""Alaska; 59°55′N 149°39′W﻿ / ﻿59.92°N 149.65°W"", ""California; 36°48′N 118°33′W﻿ / ﻿36.80°N 118.55°W"", ""Alaska; 67°33′N 159°17′W﻿ / ﻿67.55°N 159.28°W"", ""Alaska; 60°58′N 153°25′W﻿ / ﻿60.97°N 153.42°W"", ""California; 40°29′N 121°31′W﻿ / ﻿40.49°N 121.51°W"", ""Kentucky; 37°11′N 86°06′W﻿ / ﻿37.18°N 86.10°W"", ""Colorado; 37°11′N 108°29′W﻿ / ﻿37.18°N 108.49°W"", ""Washington; 46°51′N 121°45′W﻿ / ﻿46.85°N 121.75°W"", ""Washington; 48°42′N 121°12′W﻿ / ﻿48.70°N 121.20°W"", ""Washington; 47°58′N 123°30′W﻿ / ﻿47.97°N 123.50°W"", ""Arizona; 35°04′N 109°47′W﻿ / ﻿35.07°N 109.78°W"", ""California; 36°29′N 121°10′W﻿ / ﻿36.48°N 121.16°W"", ""California; 41°18′N 124°00′W﻿ / ﻿41.30°N 124.00°W"", ""Colorado; 40°24′N 105°35′W﻿ / ﻿40.40°N 105.58°W"", ""Arizona; 32°15′N 110°30′W﻿ / ﻿32.25°N 110.50°W"", ""California; 36°26′N 118°41′W﻿ / ﻿36.43°N 118.68°W"", ""Virginia; 38°32′N 78°21′W﻿ / ﻿38.53°N 78.35°W"", ""North Dakota; 46°58′N 103°27′W﻿ / ﻿46.97°N 103.45°W"", ""United States Virgin Islands; 18°20′N 64°44′W﻿ / ﻿18.33°N 64.73°W"", ""Minnesota; 48°30′N 92°53′W﻿ / ﻿48.50°N 92.88°W"", ""South Dakota; 43°34′N 103°29′W﻿ / ﻿43.57°N 103.48°W"", ""Alaska; 61°00′N 142°00′W﻿ / ﻿61.00°N 142.00°W"", ""Wyoming Montana Idaho; 44°36′N 110°30′W﻿ / ﻿44.60°N 110.50°W"", ""California; 37°50′N 119°30′W﻿ / ﻿37.83°N 119.50°W"", ""Utah; 37°18′N 113°03′W﻿ / ﻿37.30°N 113.05°W""]","[""Alaska"", ""Arizona"", ""Arkansas"", ""California"", ""Colorado"", ""Connecticut"", ""Delaware"", ""District of Columbia"", ""Florida"", ""Georgia"", ""Hawaii"", ""Idaho"", ""Illinois"", ""Indiana"", ""Iowa"", ""Kansas"", ""Kentucky"", ""Louisiana"", ""Maine"", ""Maryland"", ""Massachusetts"", ""Michigan"", ""Minnesota"", ""Mississippi"", ""Missouri"", ""Montana"", ""Nebraska"", ""Nevada"", ""New Hampshire"", ""New Jersey"", ""New Mexico"", ""New York"", ""North Carolina"", ""North Dakota"", ""Ohio"", ""Oklahoma"", ""Oregon"", ""Pennsylvania"", ""Rhode Island"", ""South Carolina"", ""South Dakota"", ""Tennessee"", ""Texas"", ""Utah"", ""Vermont"", ""Virginia"", ""Washington"", ""West Virginia"", ""Wisconsin"", ""Wyoming"", ""American Samoa"", ""Puerto Rico"", ""Virgin Islands""]",semantic,"The query column contains state names combined with coordinates, which can be mapped to the state names in the candidate column.",semsketch,1.0000,0.9500,1.0000,0.9833,1.0000,0.9500,3,True,True,"The query column contains state names combined with coordinates, which can be mapped to the state names in the candidate column.",State names can be parsed from location strings before the coordinates.,The state names can be easily parsed from the prefix of the query column values to match the state names in the candidate column.,
wt-wdc,AJ-park-to-state-1_source_Location,title,target_017636,title,"[""Maine; 44°21′N 68°13′W﻿ / ﻿44.35°N 68.21°W"", ""American Samoa; 14°15′S 170°41′W﻿ / ﻿14.25°S 170.68°W"", ""Utah; 38°41′N 109°34′W﻿ / ﻿38.68°N 109.57°W"", ""South Dakota; 43°45′N 102°30′W﻿ / ﻿43.75°N 102.50°W"", ""Texas; 29°15′N 103°15′W﻿ / ﻿29.25°N 103.25°W"", ""Florida; 25°39′N 80°05′W﻿ / ﻿25.65°N 80.08°W"", ""Colorado; 38°34′N 107°43′W﻿ / ﻿38.57°N 107.72°W"", ""Utah; 37°34′N 112°11′W﻿ / ﻿37.57°N 112.18°W"", ""Utah; 38°12′N 109°56′W﻿ / ﻿38.2°N 109.93°W"", ""Utah; 38°12′N 111°10′W﻿ / ﻿38.20°N 111.17°W"", ""New Mexico; 32°10′N 104°26′W﻿ / ﻿32.17°N 104.44°W"", ""California; 34°01′N 119°25′W﻿ / ﻿34.01°N 119.42°W"", ""South Carolina; 33°47′N 80°47′W﻿ / ﻿33.78°N 80.78°W"", ""Oregon; 42°56′N 122°06′W﻿ / ﻿42.94°N 122.1°W"", ""Ohio; 41°14′N 81°33′W﻿ / ﻿41.24°N 81.55°W"", ""California Nevada; 36°14′N 116°49′W﻿ / ﻿36.24°N 116.82°W"", ""Alaska; 63°20′N 150°30′W﻿ / ﻿63.33°N 150.50°W"", ""Florida; 24°38′N 82°52′W﻿ / ﻿24.63°N 82.87°W"", ""Florida; 25°19′N 80°56′W﻿ / ﻿25.32°N 80.93°W"", ""Alaska; 67°47′N 153°18′W﻿ / ﻿67.78°N 153.30°W"", ""Montana; 48°48′N 114°00′W﻿ / ﻿48.80°N 114.00°W"", ""Alaska; 58°30′N 137°00′W﻿ / ﻿58.50°N 137.00°W"", ""Arizona; 36°04′N 112°08′W﻿ / ﻿36.06°N 112.14°W"", ""Wyoming; 43°44′N 110°48′W﻿ / ﻿43.73°N 110.80°W"", ""Nevada; 38°59′N 114°18′W﻿ / ﻿38.98°N 114.30°W"", ""Colorado; 37°44′N 105°31′W﻿ / ﻿37.73°N 105.51°W"", ""North Carolina Tennessee; 35°41′N 83°32′W﻿ / ﻿35.68°N 83.53°W"", ""Texas; 31°55′N 104°52′W﻿ / ﻿31.92°N 104.87°W"", ""Hawaii; 20°43′N 156°10′W﻿ / ﻿20.72°N 156.17°W"", ""Hawaii; 19°23′N 155°12′W﻿ / ﻿19.38°N 155.20°W"", ""Arkansas; 34°31′N 93°03′W﻿ / ﻿34.51°N 93.05°W"", ""Michigan; 48°06′N 88°33′W﻿ / ﻿48.10°N 88.55°W"", ""California; 33°47′N 115°54′W﻿ / ﻿33.79°N 115.90°W"", ""Alaska; 58°30′N 155°00′W﻿ / ﻿58.50°N 155.00°W"", ""Alaska; 59°55′N 149°39′W﻿ / ﻿59.92°N 149.65°W"", ""California; 36°48′N 118°33′W﻿ / ﻿36.80°N 118.55°W"", ""Alaska; 67°33′N 159°17′W﻿ / ﻿67.55°N 159.28°W"", ""Alaska; 60°58′N 153°25′W﻿ / ﻿60.97°N 153.42°W"", ""California; 40°29′N 121°31′W﻿ / ﻿40.49°N 121.51°W"", ""Kentucky; 37°11′N 86°06′W﻿ / ﻿37.18°N 86.10°W"", ""Colorado; 37°11′N 108°29′W﻿ / ﻿37.18°N 108.49°W"", ""Washington; 46°51′N 121°45′W﻿ / ﻿46.85°N 121.75°W"", ""Washington; 48°42′N 121°12′W﻿ / ﻿48.70°N 121.20°W"", ""Washington; 47°58′N 123°30′W﻿ / ﻿47.97°N 123.50°W"", ""Arizona; 35°04′N 109°47′W﻿ / ﻿35.07°N 109.78°W"", ""California; 36°29′N 121°10′W﻿ / ﻿36.48°N 121.16°W"", ""California; 41°18′N 124°00′W﻿ / ﻿41.30°N 124.00°W"", ""Colorado; 40°24′N 105°35′W﻿ / ﻿40.40°N 105.58°W"", ""Arizona; 32°15′N 110°30′W﻿ / ﻿32.25°N 110.50°W"", ""California; 36°26′N 118°41′W﻿ / ﻿36.43°N 118.68°W"", ""Virginia; 38°32′N 78°21′W﻿ / ﻿38.53°N 78.35°W"", ""North Dakota; 46°58′N 103°27′W﻿ / ﻿46.97°N 103.45°W"", ""United States Virgin Islands; 18°20′N 64°44′W﻿ / ﻿18.33°N 64.73°W"", ""Minnesota; 48°30′N 92°53′W﻿ / ﻿48.50°N 92.88°W"", ""South Dakota; 43°34′N 103°29′W﻿ / ﻿43.57°N 103.48°W"", ""Alaska; 61°00′N 142°00′W﻿ / ﻿61.00°N 142.00°W"", ""Wyoming Montana Idaho; 44°36′N 110°30′W﻿ / ﻿44.60°N 110.50°W"", ""California; 37°50′N 119°30′W﻿ / ﻿37.83°N 119.50°W"", ""Utah; 37°18′N 113°03′W﻿ / ﻿37.30°N 113.05°W""]","[""Alabama"", ""Alaska"", ""Arizona"", ""Arkansas"", ""California"", ""Colorado"", ""Connecticut"", ""Delaware"", ""District of Columbia"", ""Florida"", ""Georgia"", ""Guam"", ""Hawaii"", ""Idaho"", ""Illinois"", ""Indiana"", ""Iowa"", ""Kansas"", ""Kentucky"", ""Louisiana"", ""Maine"", ""Maryland"", ""Massachusetts"", ""Michigan"", ""Minnesota"", ""Mississippi"", ""Missouri"", ""Montana"", ""Nebraska"", ""Nevada"", ""New Hampshire"", ""New Jersey"", ""New Mexico"", ""New York"", ""North Carolina"", ""North Dakota"", ""Ohio"", ""Oklahoma"", ""Oregon"", ""Pennsylvania"", ""Puerto Rico"", ""Rhode Island"", ""South Carolina"", ""South Dakota"", ""Tennessee"", ""Texas"", ""Utah"", ""Vermont"", ""Virgin Islands"", ""Virginia"", ""Washington"", ""West Virginia"", ""Wisconsin"", ""Wyoming""]",semantic,"The query column contains state names combined with coordinates, which can be mapped to the state names in the candidate column.",semsketch,1.0000,0.9500,1.0000,0.9833,1.0000,0.9500,3,True,True,"The query column contains state names combined with coordinates, which can be mapped to the state names in the candidate column.",State names can be parsed from location strings before the coordinates.,The state names can be easily extracted from the query column's prefix to join with the candidate column's state names.,
wt-wdc,AJ-park-to-state-1_source_Location,title,target_028625,title,"[""Maine; 44°21′N 68°13′W﻿ / ﻿44.35°N 68.21°W"", ""American Samoa; 14°15′S 170°41′W﻿ / ﻿14.25°S 170.68°W"", ""Utah; 38°41′N 109°34′W﻿ / ﻿38.68°N 109.57°W"", ""South Dakota; 43°45′N 102°30′W﻿ / ﻿43.75°N 102.50°W"", ""Texas; 29°15′N 103°15′W﻿ / ﻿29.25°N 103.25°W"", ""Florida; 25°39′N 80°05′W﻿ / ﻿25.65°N 80.08°W"", ""Colorado; 38°34′N 107°43′W﻿ / ﻿38.57°N 107.72°W"", ""Utah; 37°34′N 112°11′W﻿ / ﻿37.57°N 112.18°W"", ""Utah; 38°12′N 109°56′W﻿ / ﻿38.2°N 109.93°W"", ""Utah; 38°12′N 111°10′W﻿ / ﻿38.20°N 111.17°W"", ""New Mexico; 32°10′N 104°26′W﻿ / ﻿32.17°N 104.44°W"", ""California; 34°01′N 119°25′W﻿ / ﻿34.01°N 119.42°W"", ""South Carolina; 33°47′N 80°47′W﻿ / ﻿33.78°N 80.78°W"", ""Oregon; 42°56′N 122°06′W﻿ / ﻿42.94°N 122.1°W"", ""Ohio; 41°14′N 81°33′W﻿ / ﻿41.24°N 81.55°W"", ""California Nevada; 36°14′N 116°49′W﻿ / ﻿36.24°N 116.82°W"", ""Alaska; 63°20′N 150°30′W﻿ / ﻿63.33°N 150.50°W"", ""Florida; 24°38′N 82°52′W﻿ / ﻿24.63°N 82.87°W"", ""Florida; 25°19′N 80°56′W﻿ / ﻿25.32°N 80.93°W"", ""Alaska; 67°47′N 153°18′W﻿ / ﻿67.78°N 153.30°W"", ""Montana; 48°48′N 114°00′W﻿ / ﻿48.80°N 114.00°W"", ""Alaska; 58°30′N 137°00′W﻿ / ﻿58.50°N 137.00°W"", ""Arizona; 36°04′N 112°08′W﻿ / ﻿36.06°N 112.14°W"", ""Wyoming; 43°44′N 110°48′W﻿ / ﻿43.73°N 110.80°W"", ""Nevada; 38°59′N 114°18′W﻿ / ﻿38.98°N 114.30°W"", ""Colorado; 37°44′N 105°31′W﻿ / ﻿37.73°N 105.51°W"", ""North Carolina Tennessee; 35°41′N 83°32′W﻿ / ﻿35.68°N 83.53°W"", ""Texas; 31°55′N 104°52′W﻿ / ﻿31.92°N 104.87°W"", ""Hawaii; 20°43′N 156°10′W﻿ / ﻿20.72°N 156.17°W"", ""Hawaii; 19°23′N 155°12′W﻿ / ﻿19.38°N 155.20°W"", ""Arkansas; 34°31′N 93°03′W﻿ / ﻿34.51°N 93.05°W"", ""Michigan; 48°06′N 88°33′W﻿ / ﻿48.10°N 88.55°W"", ""California; 33°47′N 115°54′W﻿ / ﻿33.79°N 115.90°W"", ""Alaska; 58°30′N 155°00′W﻿ / ﻿58.50°N 155.00°W"", ""Alaska; 59°55′N 149°39′W﻿ / ﻿59.92°N 149.65°W"", ""California; 36°48′N 118°33′W﻿ / ﻿36.80°N 118.55°W"", ""Alaska; 67°33′N 159°17′W﻿ / ﻿67.55°N 159.28°W"", ""Alaska; 60°58′N 153°25′W﻿ / ﻿60.97°N 153.42°W"", ""California; 40°29′N 121°31′W﻿ / ﻿40.49°N 121.51°W"", ""Kentucky; 37°11′N 86°06′W﻿ / ﻿37.18°N 86.10°W"", ""Colorado; 37°11′N 108°29′W﻿ / ﻿37.18°N 108.49°W"", ""Washington; 46°51′N 121°45′W﻿ / ﻿46.85°N 121.75°W"", ""Washington; 48°42′N 121°12′W﻿ / ﻿48.70°N 121.20°W"", ""Washington; 47°58′N 123°30′W﻿ / ﻿47.97°N 123.50°W"", ""Arizona; 35°04′N 109°47′W﻿ / ﻿35.07°N 109.78°W"", ""California; 36°29′N 121°10′W﻿ / ﻿36.48°N 121.16°W"", ""California; 41°18′N 124°00′W﻿ / ﻿41.30°N 124.00°W"", ""Colorado; 40°24′N 105°35′W﻿ / ﻿40.40°N 105.58°W"", ""Arizona; 32°15′N 110°30′W﻿ / ﻿32.25°N 110.50°W"", ""California; 36°26′N 118°41′W﻿ / ﻿36.43°N 118.68°W"", ""Virginia; 38°32′N 78°21′W﻿ / ﻿38.53°N 78.35°W"", ""North Dakota; 46°58′N 103°27′W﻿ / ﻿46.97°N 103.45°W"", ""United States Virgin Islands; 18°20′N 64°44′W﻿ / ﻿18.33°N 64.73°W"", ""Minnesota; 48°30′N 92°53′W﻿ / ﻿48.50°N 92.88°W"", ""South Dakota; 43°34′N 103°29′W﻿ / ﻿43.57°N 103.48°W"", ""Alaska; 61°00′N 142°00′W﻿ / ﻿61.00°N 142.00°W"", ""Wyoming Montana Idaho; 44°36′N 110°30′W﻿ / ﻿44.60°N 110.50°W"", ""California; 37°50′N 119°30′W﻿ / ﻿37.83°N 119.50°W"", ""Utah; 37°18′N 113°03′W﻿ / ﻿37.30°N 113.05°W""]","[""Alabama"", ""Alaska"", ""Arizona"", ""Arkansas"", ""California"", ""Colorado"", ""Connecticut"", ""Delaware"", ""District of Columbia"", ""Florida"", ""Georgia"", ""Guam"", ""Hawaii"", ""Idaho"", ""Illinois"", ""Indiana"", ""Iowa"", ""Kansas"", ""Kentucky"", ""Louisiana"", ""Maine"", ""Maryland"", ""Massachusetts"", ""Michigan"", ""Minnesota"", ""Mississippi"", ""Missouri"", ""Montana"", ""Nebraska"", ""Nevada"", ""New Hampshire"", ""New Jersey"", ""New Mexico"", ""New York"", ""North Carolina"", ""North Dakota"", ""Ohio"", ""Oklahoma"", ""Oregon"", ""Pennsylvania"", ""Puerto Rico"", ""Rhode Island"", ""South Carolina"", ""South Dakota"", ""Tennessee"", ""Texas"", ""Utah"", ""Vermont"", ""Virgin Islands"", ""Virginia"", ""Washington"", ""West Virginia"", ""Wisconsin"", ""Wyoming""]",semantic,"The query column contains state names combined with coordinates, which can be mapped to the state names in the candidate column.",semsketch,1.0000,0.9500,1.0000,0.9833,1.0000,0.9500,3,True,True,"The query column contains state names combined with coordinates, which can be mapped to the state names in the candidate column.",State names can be parsed from location strings before the coordinates.,"The query column contains state names followed by coordinates, which can be easily parsed to join with the state names in the candidate column.",
wt-wdc,AJ-park-to-state-1_source_Location,title,target_041149,title,"[""Maine; 44°21′N 68°13′W﻿ / ﻿44.35°N 68.21°W"", ""American Samoa; 14°15′S 170°41′W﻿ / ﻿14.25°S 170.68°W"", ""Utah; 38°41′N 109°34′W﻿ / ﻿38.68°N 109.57°W"", ""South Dakota; 43°45′N 102°30′W﻿ / ﻿43.75°N 102.50°W"", ""Texas; 29°15′N 103°15′W﻿ / ﻿29.25°N 103.25°W"", ""Florida; 25°39′N 80°05′W﻿ / ﻿25.65°N 80.08°W"", ""Colorado; 38°34′N 107°43′W﻿ / ﻿38.57°N 107.72°W"", ""Utah; 37°34′N 112°11′W﻿ / ﻿37.57°N 112.18°W"", ""Utah; 38°12′N 109°56′W﻿ / ﻿38.2°N 109.93°W"", ""Utah; 38°12′N 111°10′W﻿ / ﻿38.20°N 111.17°W"", ""New Mexico; 32°10′N 104°26′W﻿ / ﻿32.17°N 104.44°W"", ""California; 34°01′N 119°25′W﻿ / ﻿34.01°N 119.42°W"", ""South Carolina; 33°47′N 80°47′W﻿ / ﻿33.78°N 80.78°W"", ""Oregon; 42°56′N 122°06′W﻿ / ﻿42.94°N 122.1°W"", ""Ohio; 41°14′N 81°33′W﻿ / ﻿41.24°N 81.55°W"", ""California Nevada; 36°14′N 116°49′W﻿ / ﻿36.24°N 116.82°W"", ""Alaska; 63°20′N 150°30′W﻿ / ﻿63.33°N 150.50°W"", ""Florida; 24°38′N 82°52′W﻿ / ﻿24.63°N 82.87°W"", ""Florida; 25°19′N 80°56′W﻿ / ﻿25.32°N 80.93°W"", ""Alaska; 67°47′N 153°18′W﻿ / ﻿67.78°N 153.30°W"", ""Montana; 48°48′N 114°00′W﻿ / ﻿48.80°N 114.00°W"", ""Alaska; 58°30′N 137°00′W﻿ / ﻿58.50°N 137.00°W"", ""Arizona; 36°04′N 112°08′W﻿ / ﻿36.06°N 112.14°W"", ""Wyoming; 43°44′N 110°48′W﻿ / ﻿43.73°N 110.80°W"", ""Nevada; 38°59′N 114°18′W﻿ / ﻿38.98°N 114.30°W"", ""Colorado; 37°44′N 105°31′W﻿ / ﻿37.73°N 105.51°W"", ""North Carolina Tennessee; 35°41′N 83°32′W﻿ / ﻿35.68°N 83.53°W"", ""Texas; 31°55′N 104°52′W﻿ / ﻿31.92°N 104.87°W"", ""Hawaii; 20°43′N 156°10′W﻿ / ﻿20.72°N 156.17°W"", ""Hawaii; 19°23′N 155°12′W﻿ / ﻿19.38°N 155.20°W"", ""Arkansas; 34°31′N 93°03′W﻿ / ﻿34.51°N 93.05°W"", ""Michigan; 48°06′N 88°33′W﻿ / ﻿48.10°N 88.55°W"", ""California; 33°47′N 115°54′W﻿ / ﻿33.79°N 115.90°W"", ""Alaska; 58°30′N 155°00′W﻿ / ﻿58.50°N 155.00°W"", ""Alaska; 59°55′N 149°39′W﻿ / ﻿59.92°N 149.65°W"", ""California; 36°48′N 118°33′W﻿ / ﻿36.80°N 118.55°W"", ""Alaska; 67°33′N 159°17′W﻿ / ﻿67.55°N 159.28°W"", ""Alaska; 60°58′N 153°25′W﻿ / ﻿60.97°N 153.42°W"", ""California; 40°29′N 121°31′W﻿ / ﻿40.49°N 121.51°W"", ""Kentucky; 37°11′N 86°06′W﻿ / ﻿37.18°N 86.10°W"", ""Colorado; 37°11′N 108°29′W﻿ / ﻿37.18°N 108.49°W"", ""Washington; 46°51′N 121°45′W﻿ / ﻿46.85°N 121.75°W"", ""Washington; 48°42′N 121°12′W﻿ / ﻿48.70°N 121.20°W"", ""Washington; 47°58′N 123°30′W﻿ / ﻿47.97°N 123.50°W"", ""Arizona; 35°04′N 109°47′W﻿ / ﻿35.07°N 109.78°W"", ""California; 36°29′N 121°10′W﻿ / ﻿36.48°N 121.16°W"", ""California; 41°18′N 124°00′W﻿ / ﻿41.30°N 124.00°W"", ""Colorado; 40°24′N 105°35′W﻿ / ﻿40.40°N 105.58°W"", ""Arizona; 32°15′N 110°30′W﻿ / ﻿32.25°N 110.50°W"", ""California; 36°26′N 118°41′W﻿ / ﻿36.43°N 118.68°W"", ""Virginia; 38°32′N 78°21′W﻿ / ﻿38.53°N 78.35°W"", ""North Dakota; 46°58′N 103°27′W﻿ / ﻿46.97°N 103.45°W"", ""United States Virgin Islands; 18°20′N 64°44′W﻿ / ﻿18.33°N 64.73°W"", ""Minnesota; 48°30′N 92°53′W﻿ / ﻿48.50°N 92.88°W"", ""South Dakota; 43°34′N 103°29′W﻿ / ﻿43.57°N 103.48°W"", ""Alaska; 61°00′N 142°00′W﻿ / ﻿61.00°N 142.00°W"", ""Wyoming Montana Idaho; 44°36′N 110°30′W﻿ / ﻿44.60°N 110.50°W"", ""California; 37°50′N 119°30′W﻿ / ﻿37.83°N 119.50°W"", ""Utah; 37°18′N 113°03′W﻿ / ﻿37.30°N 113.05°W""]","[""Alabama"", ""Alaska"", ""Arizona"", ""Arkansas"", ""California"", ""Colorado"", ""Connecticut"", ""Delaware"", ""District of Columbia"", ""Florida"", ""Georgia"", ""Guam"", ""Hawaii"", ""Idaho"", ""Illinois"", ""Indiana"", ""Iowa"", ""Kansas"", ""Kentucky"", ""Louisiana"", ""Maine"", ""Maryland"", ""Massachusetts"", ""Michigan"", ""Minnesota"", ""Mississippi"", ""Missouri"", ""Montana"", ""Nebraska"", ""Nevada"", ""New Hampshire"", ""New Jersey"", ""New Mexico"", ""New York"", ""North Carolina"", ""North Dakota"", ""Ohio"", ""Oklahoma"", ""Oregon"", ""Pennsylvania"", ""Puerto Rico"", ""Rhode Island"", ""South Carolina"", ""South Dakota"", ""Tennessee"", ""Texas"", ""Utah"", ""Vermont"", ""Virgin Islands"", ""Virginia"", ""Washington"", ""West Virginia"", ""Wisconsin"", ""Wyoming""]",semantic,"The query column contains state names combined with coordinates, which can be mapped to the state names in the candidate column.",semsketch,1.0000,0.9500,1.0000,0.9833,1.0000,0.9500,3,True,True,"The query column contains state names combined with coordinates, which can be mapped to the state names in the candidate column.",State names can be parsed from location strings before the coordinates.,The state names can be easily extracted from the query column's prefix and mapped directly to the state names in the candidate column.,
wt-wdc,AJ-park-to-state-1_source_Location,title,target_050714,title,"[""Maine; 44°21′N 68°13′W﻿ / ﻿44.35°N 68.21°W"", ""American Samoa; 14°15′S 170°41′W﻿ / ﻿14.25°S 170.68°W"", ""Utah; 38°41′N 109°34′W﻿ / ﻿38.68°N 109.57°W"", ""South Dakota; 43°45′N 102°30′W﻿ / ﻿43.75°N 102.50°W"", ""Texas; 29°15′N 103°15′W﻿ / ﻿29.25°N 103.25°W"", ""Florida; 25°39′N 80°05′W﻿ / ﻿25.65°N 80.08°W"", ""Colorado; 38°34′N 107°43′W﻿ / ﻿38.57°N 107.72°W"", ""Utah; 37°34′N 112°11′W﻿ / ﻿37.57°N 112.18°W"", ""Utah; 38°12′N 109°56′W﻿ / ﻿38.2°N 109.93°W"", ""Utah; 38°12′N 111°10′W﻿ / ﻿38.20°N 111.17°W"", ""New Mexico; 32°10′N 104°26′W﻿ / ﻿32.17°N 104.44°W"", ""California; 34°01′N 119°25′W﻿ / ﻿34.01°N 119.42°W"", ""South Carolina; 33°47′N 80°47′W﻿ / ﻿33.78°N 80.78°W"", ""Oregon; 42°56′N 122°06′W﻿ / ﻿42.94°N 122.1°W"", ""Ohio; 41°14′N 81°33′W﻿ / ﻿41.24°N 81.55°W"", ""California Nevada; 36°14′N 116°49′W﻿ / ﻿36.24°N 116.82°W"", ""Alaska; 63°20′N 150°30′W﻿ / ﻿63.33°N 150.50°W"", ""Florida; 24°38′N 82°52′W﻿ / ﻿24.63°N 82.87°W"", ""Florida; 25°19′N 80°56′W﻿ / ﻿25.32°N 80.93°W"", ""Alaska; 67°47′N 153°18′W﻿ / ﻿67.78°N 153.30°W"", ""Montana; 48°48′N 114°00′W﻿ / ﻿48.80°N 114.00°W"", ""Alaska; 58°30′N 137°00′W﻿ / ﻿58.50°N 137.00°W"", ""Arizona; 36°04′N 112°08′W﻿ / ﻿36.06°N 112.14°W"", ""Wyoming; 43°44′N 110°48′W﻿ / ﻿43.73°N 110.80°W"", ""Nevada; 38°59′N 114°18′W﻿ / ﻿38.98°N 114.30°W"", ""Colorado; 37°44′N 105°31′W﻿ / ﻿37.73°N 105.51°W"", ""North Carolina Tennessee; 35°41′N 83°32′W﻿ / ﻿35.68°N 83.53°W"", ""Texas; 31°55′N 104°52′W﻿ / ﻿31.92°N 104.87°W"", ""Hawaii; 20°43′N 156°10′W﻿ / ﻿20.72°N 156.17°W"", ""Hawaii; 19°23′N 155°12′W﻿ / ﻿19.38°N 155.20°W"", ""Arkansas; 34°31′N 93°03′W﻿ / ﻿34.51°N 93.05°W"", ""Michigan; 48°06′N 88°33′W﻿ / ﻿48.10°N 88.55°W"", ""California; 33°47′N 115°54′W﻿ / ﻿33.79°N 115.90°W"", ""Alaska; 58°30′N 155°00′W﻿ / ﻿58.50°N 155.00°W"", ""Alaska; 59°55′N 149°39′W﻿ / ﻿59.92°N 149.65°W"", ""California; 36°48′N 118°33′W﻿ / ﻿36.80°N 118.55°W"", ""Alaska; 67°33′N 159°17′W﻿ / ﻿67.55°N 159.28°W"", ""Alaska; 60°58′N 153°25′W﻿ / ﻿60.97°N 153.42°W"", ""California; 40°29′N 121°31′W﻿ / ﻿40.49°N 121.51°W"", ""Kentucky; 37°11′N 86°06′W﻿ / ﻿37.18°N 86.10°W"", ""Colorado; 37°11′N 108°29′W﻿ / ﻿37.18°N 108.49°W"", ""Washington; 46°51′N 121°45′W﻿ / ﻿46.85°N 121.75°W"", ""Washington; 48°42′N 121°12′W﻿ / ﻿48.70°N 121.20°W"", ""Washington; 47°58′N 123°30′W﻿ / ﻿47.97°N 123.50°W"", ""Arizona; 35°04′N 109°47′W﻿ / ﻿35.07°N 109.78°W"", ""California; 36°29′N 121°10′W﻿ / ﻿36.48°N 121.16°W"", ""California; 41°18′N 124°00′W﻿ / ﻿41.30°N 124.00°W"", ""Colorado; 40°24′N 105°35′W﻿ / ﻿40.40°N 105.58°W"", ""Arizona; 32°15′N 110°30′W﻿ / ﻿32.25°N 110.50°W"", ""California; 36°26′N 118°41′W﻿ / ﻿36.43°N 118.68°W"", ""Virginia; 38°32′N 78°21′W﻿ / ﻿38.53°N 78.35°W"", ""North Dakota; 46°58′N 103°27′W﻿ / ﻿46.97°N 103.45°W"", ""United States Virgin Islands; 18°20′N 64°44′W﻿ / ﻿18.33°N 64.73°W"", ""Minnesota; 48°30′N 92°53′W﻿ / ﻿48.50°N 92.88°W"", ""South Dakota; 43°34′N 103°29′W﻿ / ﻿43.57°N 103.48°W"", ""Alaska; 61°00′N 142°00′W﻿ / ﻿61.00°N 142.00°W"", ""Wyoming Montana Idaho; 44°36′N 110°30′W﻿ / ﻿44.60°N 110.50°W"", ""California; 37°50′N 119°30′W﻿ / ﻿37.83°N 119.50°W"", ""Utah; 37°18′N 113°03′W﻿ / ﻿37.30°N 113.05°W""]","[""Alabama"", ""Alaska"", ""Arizona"", ""Arkansas"", ""California"", ""Colorado"", ""Connecticut"", ""Delaware"", ""Florida"", ""Georgia"", ""Hawaii"", ""Idaho"", ""Illinois"", ""Indiana"", ""Iowa"", ""Kansas"", ""Kentucky"", ""Louisiana"", ""Maine"", ""Maryland"", ""Massachusetts"", ""Michigan"", ""Minnesota"", ""Mississippi"", ""Missouri"", ""Montana"", ""Nebraska"", ""Nevada"", ""New Hampshire"", ""New Jersey"", ""New Mexico"", ""New York"", ""North Carolina"", ""North Dakota"", ""Ohio"", ""Oklahoma"", ""Oregon"", ""Pennsylvania"", ""Rhode Island"", ""South Carolina"", ""South Dakota"", ""Tennessee"", ""Texas"", ""Utah"", ""Vermont"", ""Virginia"", ""Washington"", ""West Virginia"", ""Wisconsin"", ""Wyoming"", ""American Samoa"", ""District of Columbia"", ""Guam"", ""Northern Mariana Islands"", ""Puerto Rico"", ""U.S. Virgin Islands""]",semantic,"The query column contains state names combined with coordinates, which can be mapped to the state names in the candidate column.",semsketch,1.0000,0.9500,1.0000,0.9833,1.0000,0.9500,3,True,True,"The query column contains state names combined with coordinates, which can be mapped to the state names in the candidate column.",State names can be parsed from location strings before the coordinates.,The query column contains state names with coordinates that can be easily parsed to match the state names in the candidate column.,
wt-wdc,AJ-park-to-state-1_source_Location,title,target_052215,title,"[""Maine; 44°21′N 68°13′W﻿ / ﻿44.35°N 68.21°W"", ""American Samoa; 14°15′S 170°41′W﻿ / ﻿14.25°S 170.68°W"", ""Utah; 38°41′N 109°34′W﻿ / ﻿38.68°N 109.57°W"", ""South Dakota; 43°45′N 102°30′W﻿ / ﻿43.75°N 102.50°W"", ""Texas; 29°15′N 103°15′W﻿ / ﻿29.25°N 103.25°W"", ""Florida; 25°39′N 80°05′W﻿ / ﻿25.65°N 80.08°W"", ""Colorado; 38°34′N 107°43′W﻿ / ﻿38.57°N 107.72°W"", ""Utah; 37°34′N 112°11′W﻿ / ﻿37.57°N 112.18°W"", ""Utah; 38°12′N 109°56′W﻿ / ﻿38.2°N 109.93°W"", ""Utah; 38°12′N 111°10′W﻿ / ﻿38.20°N 111.17°W"", ""New Mexico; 32°10′N 104°26′W﻿ / ﻿32.17°N 104.44°W"", ""California; 34°01′N 119°25′W﻿ / ﻿34.01°N 119.42°W"", ""South Carolina; 33°47′N 80°47′W﻿ / ﻿33.78°N 80.78°W"", ""Oregon; 42°56′N 122°06′W﻿ / ﻿42.94°N 122.1°W"", ""Ohio; 41°14′N 81°33′W﻿ / ﻿41.24°N 81.55°W"", ""California Nevada; 36°14′N 116°49′W﻿ / ﻿36.24°N 116.82°W"", ""Alaska; 63°20′N 150°30′W﻿ / ﻿63.33°N 150.50°W"", ""Florida; 24°38′N 82°52′W﻿ / ﻿24.63°N 82.87°W"", ""Florida; 25°19′N 80°56′W﻿ / ﻿25.32°N 80.93°W"", ""Alaska; 67°47′N 153°18′W﻿ / ﻿67.78°N 153.30°W"", ""Montana; 48°48′N 114°00′W﻿ / ﻿48.80°N 114.00°W"", ""Alaska; 58°30′N 137°00′W﻿ / ﻿58.50°N 137.00°W"", ""Arizona; 36°04′N 112°08′W﻿ / ﻿36.06°N 112.14°W"", ""Wyoming; 43°44′N 110°48′W﻿ / ﻿43.73°N 110.80°W"", ""Nevada; 38°59′N 114°18′W﻿ / ﻿38.98°N 114.30°W"", ""Colorado; 37°44′N 105°31′W﻿ / ﻿37.73°N 105.51°W"", ""North Carolina Tennessee; 35°41′N 83°32′W﻿ / ﻿35.68°N 83.53°W"", ""Texas; 31°55′N 104°52′W﻿ / ﻿31.92°N 104.87°W"", ""Hawaii; 20°43′N 156°10′W﻿ / ﻿20.72°N 156.17°W"", ""Hawaii; 19°23′N 155°12′W﻿ / ﻿19.38°N 155.20°W"", ""Arkansas; 34°31′N 93°03′W﻿ / ﻿34.51°N 93.05°W"", ""Michigan; 48°06′N 88°33′W﻿ / ﻿48.10°N 88.55°W"", ""California; 33°47′N 115°54′W﻿ / ﻿33.79°N 115.90°W"", ""Alaska; 58°30′N 155°00′W﻿ / ﻿58.50°N 155.00°W"", ""Alaska; 59°55′N 149°39′W﻿ / ﻿59.92°N 149.65°W"", ""California; 36°48′N 118°33′W﻿ / ﻿36.80°N 118.55°W"", ""Alaska; 67°33′N 159°17′W﻿ / ﻿67.55°N 159.28°W"", ""Alaska; 60°58′N 153°25′W﻿ / ﻿60.97°N 153.42°W"", ""California; 40°29′N 121°31′W﻿ / ﻿40.49°N 121.51°W"", ""Kentucky; 37°11′N 86°06′W﻿ / ﻿37.18°N 86.10°W"", ""Colorado; 37°11′N 108°29′W﻿ / ﻿37.18°N 108.49°W"", ""Washington; 46°51′N 121°45′W﻿ / ﻿46.85°N 121.75°W"", ""Washington; 48°42′N 121°12′W﻿ / ﻿48.70°N 121.20°W"", ""Washington; 47°58′N 123°30′W﻿ / ﻿47.97°N 123.50°W"", ""Arizona; 35°04′N 109°47′W﻿ / ﻿35.07°N 109.78°W"", ""California; 36°29′N 121°10′W﻿ / ﻿36.48°N 121.16°W"", ""California; 41°18′N 124°00′W﻿ / ﻿41.30°N 124.00°W"", ""Colorado; 40°24′N 105°35′W﻿ / ﻿40.40°N 105.58°W"", ""Arizona; 32°15′N 110°30′W﻿ / ﻿32.25°N 110.50°W"", ""California; 36°26′N 118°41′W﻿ / ﻿36.43°N 118.68°W"", ""Virginia; 38°32′N 78°21′W﻿ / ﻿38.53°N 78.35°W"", ""North Dakota; 46°58′N 103°27′W﻿ / ﻿46.97°N 103.45°W"", ""United States Virgin Islands; 18°20′N 64°44′W﻿ / ﻿18.33°N 64.73°W"", ""Minnesota; 48°30′N 92°53′W﻿ / ﻿48.50°N 92.88°W"", ""South Dakota; 43°34′N 103°29′W﻿ / ﻿43.57°N 103.48°W"", ""Alaska; 61°00′N 142°00′W﻿ / ﻿61.00°N 142.00°W"", ""Wyoming Montana Idaho; 44°36′N 110°30′W﻿ / ﻿44.60°N 110.50°W"", ""California; 37°50′N 119°30′W﻿ / ﻿37.83°N 119.50°W"", ""Utah; 37°18′N 113°03′W﻿ / ﻿37.30°N 113.05°W""]","[""Alabama"", ""Alaska"", ""Arizona"", ""Arkansas"", ""California"", ""Colorado"", ""Connecticut"", ""Federated States of Micronesia"", ""Florida"", ""Georgia"", ""Hawaii"", ""Illinois"", ""Indiana"", ""Iowa"", ""Kansas"", ""Kentucky"", ""Louisiana"", ""Maine"", ""Maryland"", ""Massachusetts"", ""Michigan"", ""Minnesota"", ""Mississippi"", ""Missouri"", ""Montana"", ""Nebraska"", ""Nevada"", ""New Hampshire"", ""New Jersey"", ""New Mexico"", ""New York"", ""North Carolina"", ""North Dakota"", ""Ohio"", ""Oklahoma"", ""Oregon"", ""Pennsylvania"", ""South Carolina"", ""South Dakota"", ""Tennessee"", ""Texas"", ""Unknown"", ""Utah"", ""Vermont"", ""Virginia"", ""Washington"", ""West Virginia"", ""Wisconsin"", ""Wyoming""]",semantic,"The query column contains state names combined with coordinates, which can be mapped to the state names in the candidate column.",semsketch,1.0000,0.9500,1.0000,0.9833,1.0000,0.9500,3,True,True,"The query column contains state names combined with coordinates, which can be mapped to the state names in the candidate column.",State names can be parsed from location strings before the coordinates.,The state names can be easily extracted from the query column by splitting at the semicolon to match the state names in the candidate column.,
wt-wdc,AJ-park-to-state-1_source_Location,title,target_088672,title,"[""Maine; 44°21′N 68°13′W﻿ / ﻿44.35°N 68.21°W"", ""American Samoa; 14°15′S 170°41′W﻿ / ﻿14.25°S 170.68°W"", ""Utah; 38°41′N 109°34′W﻿ / ﻿38.68°N 109.57°W"", ""South Dakota; 43°45′N 102°30′W﻿ / ﻿43.75°N 102.50°W"", ""Texas; 29°15′N 103°15′W﻿ / ﻿29.25°N 103.25°W"", ""Florida; 25°39′N 80°05′W﻿ / ﻿25.65°N 80.08°W"", ""Colorado; 38°34′N 107°43′W﻿ / ﻿38.57°N 107.72°W"", ""Utah; 37°34′N 112°11′W﻿ / ﻿37.57°N 112.18°W"", ""Utah; 38°12′N 109°56′W﻿ / ﻿38.2°N 109.93°W"", ""Utah; 38°12′N 111°10′W﻿ / ﻿38.20°N 111.17°W"", ""New Mexico; 32°10′N 104°26′W﻿ / ﻿32.17°N 104.44°W"", ""California; 34°01′N 119°25′W﻿ / ﻿34.01°N 119.42°W"", ""South Carolina; 33°47′N 80°47′W﻿ / ﻿33.78°N 80.78°W"", ""Oregon; 42°56′N 122°06′W﻿ / ﻿42.94°N 122.1°W"", ""Ohio; 41°14′N 81°33′W﻿ / ﻿41.24°N 81.55°W"", ""California Nevada; 36°14′N 116°49′W﻿ / ﻿36.24°N 116.82°W"", ""Alaska; 63°20′N 150°30′W﻿ / ﻿63.33°N 150.50°W"", ""Florida; 24°38′N 82°52′W﻿ / ﻿24.63°N 82.87°W"", ""Florida; 25°19′N 80°56′W﻿ / ﻿25.32°N 80.93°W"", ""Alaska; 67°47′N 153°18′W﻿ / ﻿67.78°N 153.30°W"", ""Montana; 48°48′N 114°00′W﻿ / ﻿48.80°N 114.00°W"", ""Alaska; 58°30′N 137°00′W﻿ / ﻿58.50°N 137.00°W"", ""Arizona; 36°04′N 112°08′W﻿ / ﻿36.06°N 112.14°W"", ""Wyoming; 43°44′N 110°48′W﻿ / ﻿43.73°N 110.80°W"", ""Nevada; 38°59′N 114°18′W﻿ / ﻿38.98°N 114.30°W"", ""Colorado; 37°44′N 105°31′W﻿ / ﻿37.73°N 105.51°W"", ""North Carolina Tennessee; 35°41′N 83°32′W﻿ / ﻿35.68°N 83.53°W"", ""Texas; 31°55′N 104°52′W﻿ / ﻿31.92°N 104.87°W"", ""Hawaii; 20°43′N 156°10′W﻿ / ﻿20.72°N 156.17°W"", ""Hawaii; 19°23′N 155°12′W﻿ / ﻿19.38°N 155.20°W"", ""Arkansas; 34°31′N 93°03′W﻿ / ﻿34.51°N 93.05°W"", ""Michigan; 48°06′N 88°33′W﻿ / ﻿48.10°N 88.55°W"", ""California; 33°47′N 115°54′W﻿ / ﻿33.79°N 115.90°W"", ""Alaska; 58°30′N 155°00′W﻿ / ﻿58.50°N 155.00°W"", ""Alaska; 59°55′N 149°39′W﻿ / ﻿59.92°N 149.65°W"", ""California; 36°48′N 118°33′W﻿ / ﻿36.80°N 118.55°W"", ""Alaska; 67°33′N 159°17′W﻿ / ﻿67.55°N 159.28°W"", ""Alaska; 60°58′N 153°25′W﻿ / ﻿60.97°N 153.42°W"", ""California; 40°29′N 121°31′W﻿ / ﻿40.49°N 121.51°W"", ""Kentucky; 37°11′N 86°06′W﻿ / ﻿37.18°N 86.10°W"", ""Colorado; 37°11′N 108°29′W﻿ / ﻿37.18°N 108.49°W"", ""Washington; 46°51′N 121°45′W﻿ / ﻿46.85°N 121.75°W"", ""Washington; 48°42′N 121°12′W﻿ / ﻿48.70°N 121.20°W"", ""Washington; 47°58′N 123°30′W﻿ / ﻿47.97°N 123.50°W"", ""Arizona; 35°04′N 109°47′W﻿ / ﻿35.07°N 109.78°W"", ""California; 36°29′N 121°10′W﻿ / ﻿36.48°N 121.16°W"", ""California; 41°18′N 124°00′W﻿ / ﻿41.30°N 124.00°W"", ""Colorado; 40°24′N 105°35′W﻿ / ﻿40.40°N 105.58°W"", ""Arizona; 32°15′N 110°30′W﻿ / ﻿32.25°N 110.50°W"", ""California; 36°26′N 118°41′W﻿ / ﻿36.43°N 118.68°W"", ""Virginia; 38°32′N 78°21′W﻿ / ﻿38.53°N 78.35°W"", ""North Dakota; 46°58′N 103°27′W﻿ / ﻿46.97°N 103.45°W"", ""United States Virgin Islands; 18°20′N 64°44′W﻿ / ﻿18.33°N 64.73°W"", ""Minnesota; 48°30′N 92°53′W﻿ / ﻿48.50°N 92.88°W"", ""South Dakota; 43°34′N 103°29′W﻿ / ﻿43.57°N 103.48°W"", ""Alaska; 61°00′N 142°00′W﻿ / ﻿61.00°N 142.00°W"", ""Wyoming Montana Idaho; 44°36′N 110°30′W﻿ / ﻿44.60°N 110.50°W"", ""California; 37°50′N 119°30′W﻿ / ﻿37.83°N 119.50°W"", ""Utah; 37°18′N 113°03′W﻿ / ﻿37.30°N 113.05°W""]","[""California"", ""Texas"", ""Florida"", ""New York"", ""Massachusetts"", ""Illinois"", ""Virginia"", ""Connecticut"", ""Ohio"", ""Michigan"", ""Pennsylvania"", ""New Jersey"", ""Georgia"", ""Utah"", ""Colorado"", ""Tennessee"", ""Missouri"", ""Arizona"", ""Washington"", ""North Carolina"", ""Maryland"", ""Louisiana"", ""Nevada"", ""Wisconsin"", ""Indiana"", ""Alabama"", ""Oklahoma"", ""Minnesota"", ""South Carolina"", ""Kentucky"", ""Oregon"", ""District Of Columbia"", ""Idaho"", ""Arkansas"", ""Wyoming"", ""Kansas"", ""Mississippi"", ""Iowa"", ""Nebraska"", ""New Hampshire"", ""New Mexico"", ""Montana"", ""West Virginia"", ""Rhode Island"", ""South Dakota"", ""Delaware"", ""Alaska"", ""Maine"", ""Hawaii"", ""North Dakota"", ""Puerto Rico"", ""Vermont"", ""Virgin Islands"", ""Guam"", ""Northern Mariana Islands"", ""American Samoa""]",semantic,"The query column contains state names combined with coordinates, which can be mapped to the state names in the candidate column.",semsketch,1.0000,0.8900,1.0000,0.9633,1.0000,0.8900,3,True,True,"The query column contains state names combined with coordinates, which can be mapped to the state names in the candidate column.","State names can be parsed, but the candidate state list is selective.",The state names can be easily extracted from the query column by splitting on the semicolon to join with the candidate column.,
wt-wdc,AJ-park-to-state-1_source_Location,title,target_056790,title,"[""Maine; 44°21′N 68°13′W﻿ / ﻿44.35°N 68.21°W"", ""American Samoa; 14°15′S 170°41′W﻿ / ﻿14.25°S 170.68°W"", ""Utah; 38°41′N 109°34′W﻿ / ﻿38.68°N 109.57°W"", ""South Dakota; 43°45′N 102°30′W﻿ / ﻿43.75°N 102.50°W"", ""Texas; 29°15′N 103°15′W﻿ / ﻿29.25°N 103.25°W"", ""Florida; 25°39′N 80°05′W﻿ / ﻿25.65°N 80.08°W"", ""Colorado; 38°34′N 107°43′W﻿ / ﻿38.57°N 107.72°W"", ""Utah; 37°34′N 112°11′W﻿ / ﻿37.57°N 112.18°W"", ""Utah; 38°12′N 109°56′W﻿ / ﻿38.2°N 109.93°W"", ""Utah; 38°12′N 111°10′W﻿ / ﻿38.20°N 111.17°W"", ""New Mexico; 32°10′N 104°26′W﻿ / ﻿32.17°N 104.44°W"", ""California; 34°01′N 119°25′W﻿ / ﻿34.01°N 119.42°W"", ""South Carolina; 33°47′N 80°47′W﻿ / ﻿33.78°N 80.78°W"", ""Oregon; 42°56′N 122°06′W﻿ / ﻿42.94°N 122.1°W"", ""Ohio; 41°14′N 81°33′W﻿ / ﻿41.24°N 81.55°W"", ""California Nevada; 36°14′N 116°49′W﻿ / ﻿36.24°N 116.82°W"", ""Alaska; 63°20′N 150°30′W﻿ / ﻿63.33°N 150.50°W"", ""Florida; 24°38′N 82°52′W﻿ / ﻿24.63°N 82.87°W"", ""Florida; 25°19′N 80°56′W﻿ / ﻿25.32°N 80.93°W"", ""Alaska; 67°47′N 153°18′W﻿ / ﻿67.78°N 153.30°W"", ""Montana; 48°48′N 114°00′W﻿ / ﻿48.80°N 114.00°W"", ""Alaska; 58°30′N 137°00′W﻿ / ﻿58.50°N 137.00°W"", ""Arizona; 36°04′N 112°08′W﻿ / ﻿36.06°N 112.14°W"", ""Wyoming; 43°44′N 110°48′W﻿ / ﻿43.73°N 110.80°W"", ""Nevada; 38°59′N 114°18′W﻿ / ﻿38.98°N 114.30°W"", ""Colorado; 37°44′N 105°31′W﻿ / ﻿37.73°N 105.51°W"", ""North Carolina Tennessee; 35°41′N 83°32′W﻿ / ﻿35.68°N 83.53°W"", ""Texas; 31°55′N 104°52′W﻿ / ﻿31.92°N 104.87°W"", ""Hawaii; 20°43′N 156°10′W﻿ / ﻿20.72°N 156.17°W"", ""Hawaii; 19°23′N 155°12′W﻿ / ﻿19.38°N 155.20°W"", ""Arkansas; 34°31′N 93°03′W﻿ / ﻿34.51°N 93.05°W"", ""Michigan; 48°06′N 88°33′W﻿ / ﻿48.10°N 88.55°W"", ""California; 33°47′N 115°54′W﻿ / ﻿33.79°N 115.90°W"", ""Alaska; 58°30′N 155°00′W﻿ / ﻿58.50°N 155.00°W"", ""Alaska; 59°55′N 149°39′W﻿ / ﻿59.92°N 149.65°W"", ""California; 36°48′N 118°33′W﻿ / ﻿36.80°N 118.55°W"", ""Alaska; 67°33′N 159°17′W﻿ / ﻿67.55°N 159.28°W"", ""Alaska; 60°58′N 153°25′W﻿ / ﻿60.97°N 153.42°W"", ""California; 40°29′N 121°31′W﻿ / ﻿40.49°N 121.51°W"", ""Kentucky; 37°11′N 86°06′W﻿ / ﻿37.18°N 86.10°W"", ""Colorado; 37°11′N 108°29′W﻿ / ﻿37.18°N 108.49°W"", ""Washington; 46°51′N 121°45′W﻿ / ﻿46.85°N 121.75°W"", ""Washington; 48°42′N 121°12′W﻿ / ﻿48.70°N 121.20°W"", ""Washington; 47°58′N 123°30′W﻿ / ﻿47.97°N 123.50°W"", ""Arizona; 35°04′N 109°47′W﻿ / ﻿35.07°N 109.78°W"", ""California; 36°29′N 121°10′W﻿ / ﻿36.48°N 121.16°W"", ""California; 41°18′N 124°00′W﻿ / ﻿41.30°N 124.00°W"", ""Colorado; 40°24′N 105°35′W﻿ / ﻿40.40°N 105.58°W"", ""Arizona; 32°15′N 110°30′W﻿ / ﻿32.25°N 110.50°W"", ""California; 36°26′N 118°41′W﻿ / ﻿36.43°N 118.68°W"", ""Virginia; 38°32′N 78°21′W﻿ / ﻿38.53°N 78.35°W"", ""North Dakota; 46°58′N 103°27′W﻿ / ﻿46.97°N 103.45°W"", ""United States Virgin Islands; 18°20′N 64°44′W﻿ / ﻿18.33°N 64.73°W"", ""Minnesota; 48°30′N 92°53′W﻿ / ﻿48.50°N 92.88°W"", ""South Dakota; 43°34′N 103°29′W﻿ / ﻿43.57°N 103.48°W"", ""Alaska; 61°00′N 142°00′W﻿ / ﻿61.00°N 142.00°W"", ""Wyoming Montana Idaho; 44°36′N 110°30′W﻿ / ﻿44.60°N 110.50°W"", ""California; 37°50′N 119°30′W﻿ / ﻿37.83°N 119.50°W"", ""Utah; 37°18′N 113°03′W﻿ / ﻿37.30°N 113.05°W""]","[""Alabama"", ""Alaska"", ""Arizona"", ""Arkansas"", ""California"", ""Colorado"", ""Connecticut"", ""District of Columbia"", ""Florida"", ""Georgia"", ""Guam"", ""Hawaii"", ""Idaho"", ""Illinois"", ""Indiana"", ""Iowa"", ""Kansas"", ""Kentucky"", ""Louisiana"", ""Maine"", ""Maryland"", ""Massachusetts"", ""Michigan"", ""Minnesota"", ""Mississippi"", ""Missouri"", ""Montana"", ""Nebraska"", ""Nevada"", ""New Hampshire"", ""New Jersey"", ""New Mexico"", ""New York"", ""North Carolina"", ""North Dakota"", ""Ohio"", ""Oklahoma"", ""Oregon"", ""Pennsylvania"", ""Puerto Rico"", ""South Carolina"", ""South Dakota"", ""Tennessee"", ""Texas"", ""Unknown"", ""Utah"", ""Vermont"", ""Virgin Islands of U.S."", ""Virginia"", ""Washington"", ""West Virginia"", ""Wisconsin"", ""Wyoming""]",semantic,"The query column contains state names combined with coordinates, which can be mapped to the state names in the candidate column.",semsketch,1.0000,0.9500,1.0000,0.9833,1.0000,0.9500,3,True,True,"The query column contains state names combined with coordinates, which can be mapped to the state names in the candidate column.",State names can be parsed from location strings before the coordinates.,The state names can be easily extracted from the query column by splitting on the semicolon and then matched to the candidate column.,
wt-wdc,AJ-park-to-state-1_source_Location,title,target_089358,title,"[""Maine; 44°21′N 68°13′W﻿ / ﻿44.35°N 68.21°W"", ""American Samoa; 14°15′S 170°41′W﻿ / ﻿14.25°S 170.68°W"", ""Utah; 38°41′N 109°34′W﻿ / ﻿38.68°N 109.57°W"", ""South Dakota; 43°45′N 102°30′W﻿ / ﻿43.75°N 102.50°W"", ""Texas; 29°15′N 103°15′W﻿ / ﻿29.25°N 103.25°W"", ""Florida; 25°39′N 80°05′W﻿ / ﻿25.65°N 80.08°W"", ""Colorado; 38°34′N 107°43′W﻿ / ﻿38.57°N 107.72°W"", ""Utah; 37°34′N 112°11′W﻿ / ﻿37.57°N 112.18°W"", ""Utah; 38°12′N 109°56′W﻿ / ﻿38.2°N 109.93°W"", ""Utah; 38°12′N 111°10′W﻿ / ﻿38.20°N 111.17°W"", ""New Mexico; 32°10′N 104°26′W﻿ / ﻿32.17°N 104.44°W"", ""California; 34°01′N 119°25′W﻿ / ﻿34.01°N 119.42°W"", ""South Carolina; 33°47′N 80°47′W﻿ / ﻿33.78°N 80.78°W"", ""Oregon; 42°56′N 122°06′W﻿ / ﻿42.94°N 122.1°W"", ""Ohio; 41°14′N 81°33′W﻿ / ﻿41.24°N 81.55°W"", ""California Nevada; 36°14′N 116°49′W﻿ / ﻿36.24°N 116.82°W"", ""Alaska; 63°20′N 150°30′W﻿ / ﻿63.33°N 150.50°W"", ""Florida; 24°38′N 82°52′W﻿ / ﻿24.63°N 82.87°W"", ""Florida; 25°19′N 80°56′W﻿ / ﻿25.32°N 80.93°W"", ""Alaska; 67°47′N 153°18′W﻿ / ﻿67.78°N 153.30°W"", ""Montana; 48°48′N 114°00′W﻿ / ﻿48.80°N 114.00°W"", ""Alaska; 58°30′N 137°00′W﻿ / ﻿58.50°N 137.00°W"", ""Arizona; 36°04′N 112°08′W﻿ / ﻿36.06°N 112.14°W"", ""Wyoming; 43°44′N 110°48′W﻿ / ﻿43.73°N 110.80°W"", ""Nevada; 38°59′N 114°18′W﻿ / ﻿38.98°N 114.30°W"", ""Colorado; 37°44′N 105°31′W﻿ / ﻿37.73°N 105.51°W"", ""North Carolina Tennessee; 35°41′N 83°32′W﻿ / ﻿35.68°N 83.53°W"", ""Texas; 31°55′N 104°52′W﻿ / ﻿31.92°N 104.87°W"", ""Hawaii; 20°43′N 156°10′W﻿ / ﻿20.72°N 156.17°W"", ""Hawaii; 19°23′N 155°12′W﻿ / ﻿19.38°N 155.20°W"", ""Arkansas; 34°31′N 93°03′W﻿ / ﻿34.51°N 93.05°W"", ""Michigan; 48°06′N 88°33′W﻿ / ﻿48.10°N 88.55°W"", ""California; 33°47′N 115°54′W﻿ / ﻿33.79°N 115.90°W"", ""Alaska; 58°30′N 155°00′W﻿ / ﻿58.50°N 155.00°W"", ""Alaska; 59°55′N 149°39′W﻿ / ﻿59.92°N 149.65°W"", ""California; 36°48′N 118°33′W﻿ / ﻿36.80°N 118.55°W"", ""Alaska; 67°33′N 159°17′W﻿ / ﻿67.55°N 159.28°W"", ""Alaska; 60°58′N 153°25′W﻿ / ﻿60.97°N 153.42°W"", ""California; 40°29′N 121°31′W﻿ / ﻿40.49°N 121.51°W"", ""Kentucky; 37°11′N 86°06′W﻿ / ﻿37.18°N 86.10°W"", ""Colorado; 37°11′N 108°29′W﻿ / ﻿37.18°N 108.49°W"", ""Washington; 46°51′N 121°45′W﻿ / ﻿46.85°N 121.75°W"", ""Washington; 48°42′N 121°12′W﻿ / ﻿48.70°N 121.20°W"", ""Washington; 47°58′N 123°30′W﻿ / ﻿47.97°N 123.50°W"", ""Arizona; 35°04′N 109°47′W﻿ / ﻿35.07°N 109.78°W"", ""California; 36°29′N 121°10′W﻿ / ﻿36.48°N 121.16°W"", ""California; 41°18′N 124°00′W﻿ / ﻿41.30°N 124.00°W"", ""Colorado; 40°24′N 105°35′W﻿ / ﻿40.40°N 105.58°W"", ""Arizona; 32°15′N 110°30′W﻿ / ﻿32.25°N 110.50°W"", ""California; 36°26′N 118°41′W﻿ / ﻿36.43°N 118.68°W"", ""Virginia; 38°32′N 78°21′W﻿ / ﻿38.53°N 78.35°W"", ""North Dakota; 46°58′N 103°27′W﻿ / ﻿46.97°N 103.45°W"", ""United States Virgin Islands; 18°20′N 64°44′W﻿ / ﻿18.33°N 64.73°W"", ""Minnesota; 48°30′N 92°53′W﻿ / ﻿48.50°N 92.88°W"", ""South Dakota; 43°34′N 103°29′W﻿ / ﻿43.57°N 103.48°W"", ""Alaska; 61°00′N 142°00′W﻿ / ﻿61.00°N 142.00°W"", ""Wyoming Montana Idaho; 44°36′N 110°30′W﻿ / ﻿44.60°N 110.50°W"", ""California; 37°50′N 119°30′W﻿ / ﻿37.83°N 119.50°W"", ""Utah; 37°18′N 113°03′W﻿ / ﻿37.30°N 113.05°W""]","[""Alabama"", ""Alaska"", ""American Samoa"", ""Arizona"", ""Arkansas"", ""California"", ""Colorado"", ""Connecticut"", ""Delaware"", ""District of Columbia"", ""Florida"", ""Georgia"", ""Guam"", ""Hawaii"", ""Idaho"", ""Illinois"", ""Indiana"", ""Iowa"", ""Kansas"", ""Kentucky"", ""Louisiana"", ""Maine"", ""Maryland"", ""Massachusetts"", ""Michigan"", ""Minnesota"", ""Mississippi"", ""Missouri"", ""Montana"", ""Nebraska"", ""Nevada"", ""New Hampshire"", ""New Jersey"", ""New Mexico"", ""New York"", ""North Carolina"", ""North Dakota"", ""Ohio"", ""Oklahoma"", ""Oregon"", ""Pennsylvania"", ""Puerto Rico"", ""Rhode Island"", ""South Carolina"", ""South Dakota"", ""Tennessee"", ""Texas"", ""Unknown"", ""Utah"", ""Vermont"", ""Virgin Islands of U.S."", ""Virginia"", ""Washington"", ""West Virginia"", ""Wisconsin"", ""Wyoming""]",semantic,"The query column contains state names combined with coordinates, which can be mapped to the state names in the candidate column.",semsketch,1.0000,0.9600,1.0000,0.9867,1.0000,0.9600,3,True,True,"The query column contains state names combined with coordinates, which can be mapped to the state names in the candidate column.",State and territory names can be parsed and matched after normalization.,"The query column values can be easily parsed by splitting on the semicolon to extract the state names, which directly match the candidate column.",
wt-wdc,AJ-park-to-state-1_source_Location,title,target_023613,title,"[""Maine; 44°21′N 68°13′W﻿ / ﻿44.35°N 68.21°W"", ""American Samoa; 14°15′S 170°41′W﻿ / ﻿14.25°S 170.68°W"", ""Utah; 38°41′N 109°34′W﻿ / ﻿38.68°N 109.57°W"", ""South Dakota; 43°45′N 102°30′W﻿ / ﻿43.75°N 102.50°W"", ""Texas; 29°15′N 103°15′W﻿ / ﻿29.25°N 103.25°W"", ""Florida; 25°39′N 80°05′W﻿ / ﻿25.65°N 80.08°W"", ""Colorado; 38°34′N 107°43′W﻿ / ﻿38.57°N 107.72°W"", ""Utah; 37°34′N 112°11′W﻿ / ﻿37.57°N 112.18°W"", ""Utah; 38°12′N 109°56′W﻿ / ﻿38.2°N 109.93°W"", ""Utah; 38°12′N 111°10′W﻿ / ﻿38.20°N 111.17°W"", ""New Mexico; 32°10′N 104°26′W﻿ / ﻿32.17°N 104.44°W"", ""California; 34°01′N 119°25′W﻿ / ﻿34.01°N 119.42°W"", ""South Carolina; 33°47′N 80°47′W﻿ / ﻿33.78°N 80.78°W"", ""Oregon; 42°56′N 122°06′W﻿ / ﻿42.94°N 122.1°W"", ""Ohio; 41°14′N 81°33′W﻿ / ﻿41.24°N 81.55°W"", ""California Nevada; 36°14′N 116°49′W﻿ / ﻿36.24°N 116.82°W"", ""Alaska; 63°20′N 150°30′W﻿ / ﻿63.33°N 150.50°W"", ""Florida; 24°38′N 82°52′W﻿ / ﻿24.63°N 82.87°W"", ""Florida; 25°19′N 80°56′W﻿ / ﻿25.32°N 80.93°W"", ""Alaska; 67°47′N 153°18′W﻿ / ﻿67.78°N 153.30°W"", ""Montana; 48°48′N 114°00′W﻿ / ﻿48.80°N 114.00°W"", ""Alaska; 58°30′N 137°00′W﻿ / ﻿58.50°N 137.00°W"", ""Arizona; 36°04′N 112°08′W﻿ / ﻿36.06°N 112.14°W"", ""Wyoming; 43°44′N 110°48′W﻿ / ﻿43.73°N 110.80°W"", ""Nevada; 38°59′N 114°18′W﻿ / ﻿38.98°N 114.30°W"", ""Colorado; 37°44′N 105°31′W﻿ / ﻿37.73°N 105.51°W"", ""North Carolina Tennessee; 35°41′N 83°32′W﻿ / ﻿35.68°N 83.53°W"", ""Texas; 31°55′N 104°52′W﻿ / ﻿31.92°N 104.87°W"", ""Hawaii; 20°43′N 156°10′W﻿ / ﻿20.72°N 156.17°W"", ""Hawaii; 19°23′N 155°12′W﻿ / ﻿19.38°N 155.20°W"", ""Arkansas; 34°31′N 93°03′W﻿ / ﻿34.51°N 93.05°W"", ""Michigan; 48°06′N 88°33′W﻿ / ﻿48.10°N 88.55°W"", ""California; 33°47′N 115°54′W﻿ / ﻿33.79°N 115.90°W"", ""Alaska; 58°30′N 155°00′W﻿ / ﻿58.50°N 155.00°W"", ""Alaska; 59°55′N 149°39′W﻿ / ﻿59.92°N 149.65°W"", ""California; 36°48′N 118°33′W﻿ / ﻿36.80°N 118.55°W"", ""Alaska; 67°33′N 159°17′W﻿ / ﻿67.55°N 159.28°W"", ""Alaska; 60°58′N 153°25′W﻿ / ﻿60.97°N 153.42°W"", ""California; 40°29′N 121°31′W﻿ / ﻿40.49°N 121.51°W"", ""Kentucky; 37°11′N 86°06′W﻿ / ﻿37.18°N 86.10°W"", ""Colorado; 37°11′N 108°29′W﻿ / ﻿37.18°N 108.49°W"", ""Washington; 46°51′N 121°45′W﻿ / ﻿46.85°N 121.75°W"", ""Washington; 48°42′N 121°12′W﻿ / ﻿48.70°N 121.20°W"", ""Washington; 47°58′N 123°30′W﻿ / ﻿47.97°N 123.50°W"", ""Arizona; 35°04′N 109°47′W﻿ / ﻿35.07°N 109.78°W"", ""California; 36°29′N 121°10′W﻿ / ﻿36.48°N 121.16°W"", ""California; 41°18′N 124°00′W﻿ / ﻿41.30°N 124.00°W"", ""Colorado; 40°24′N 105°35′W﻿ / ﻿40.40°N 105.58°W"", ""Arizona; 32°15′N 110°30′W﻿ / ﻿32.25°N 110.50°W"", ""California; 36°26′N 118°41′W﻿ / ﻿36.43°N 118.68°W"", ""Virginia; 38°32′N 78°21′W﻿ / ﻿38.53°N 78.35°W"", ""North Dakota; 46°58′N 103°27′W﻿ / ﻿46.97°N 103.45°W"", ""United States Virgin Islands; 18°20′N 64°44′W﻿ / ﻿18.33°N 64.73°W"", ""Minnesota; 48°30′N 92°53′W﻿ / ﻿48.50°N 92.88°W"", ""South Dakota; 43°34′N 103°29′W﻿ / ﻿43.57°N 103.48°W"", ""Alaska; 61°00′N 142°00′W﻿ / ﻿61.00°N 142.00°W"", ""Wyoming Montana Idaho; 44°36′N 110°30′W﻿ / ﻿44.60°N 110.50°W"", ""California; 37°50′N 119°30′W﻿ / ﻿37.83°N 119.50°W"", ""Utah; 37°18′N 113°03′W﻿ / ﻿37.30°N 113.05°W""]","[""ALABAMA"", ""ALASKA"", ""AMERICAN SAMOA"", ""ARIZONA"", ""ARKANSAS"", ""CALIFORNIA"", ""COLORADO"", ""CONNECTICUT"", ""DELAWARE"", ""D.C."", ""FLORIDA"", ""GEORGIA"", ""GUAM"", ""HAWAII"", ""IDAHO"", ""ILLINOIS"", ""INDIANA"", ""IOWA"", ""KANSAS"", ""KENTUCKY"", ""LOUISIANA"", ""MAINE"", ""MARYLAND"", ""MASSACHUSETTS"", ""MICHIGAN"", ""MINNESOTA"", ""MISSISSIPPI"", ""MISSOURI"", ""MONTANA"", ""NEBRASKA"", ""NEVADA"", ""NEW HAMPSHIRE"", ""NEW JERSEY"", ""NEW MEXICO"", ""NEW YORK"", ""NORTH CAROLINA"", ""NORTH DAKOTA"", ""OHIO"", ""OKLAHOMA"", ""OREGON"", ""PENNSYLVANIA"", ""PUERTO RICO"", ""RHODE ISLAND"", ""SOUTH CAROLINA"", ""SOUTH DAKOTA"", ""TENNESSEE"", ""TEXAS"", ""UTAH"", ""VERMONT"", ""VIRGINIA"", ""VIRGIN ISLANDS"", ""WASHINGTON"", ""WEST VIRGINIA"", ""WISCONSIN"", ""WYOMING""]",semantic,The query column contains US state names that can be extracted to join with the candidate column's state names.,semsketch,1.0000,0.9600,1.0000,0.9867,1.0000,0.9600,3,True,True,The query column contains US state names that can be extracted to join with the candidate column's state names.,Uppercase state and territory names match after parsing and case normalization.,The state names can be easily extracted from the query column and matched to the candidate column's state names after normalization.,
wt-wdc,AJ-park-to-state-1_source_Location,title,target_029591,title,"[""Maine; 44°21′N 68°13′W﻿ / ﻿44.35°N 68.21°W"", ""American Samoa; 14°15′S 170°41′W﻿ / ﻿14.25°S 170.68°W"", ""Utah; 38°41′N 109°34′W﻿ / ﻿38.68°N 109.57°W"", ""South Dakota; 43°45′N 102°30′W﻿ / ﻿43.75°N 102.50°W"", ""Texas; 29°15′N 103°15′W﻿ / ﻿29.25°N 103.25°W"", ""Florida; 25°39′N 80°05′W﻿ / ﻿25.65°N 80.08°W"", ""Colorado; 38°34′N 107°43′W﻿ / ﻿38.57°N 107.72°W"", ""Utah; 37°34′N 112°11′W﻿ / ﻿37.57°N 112.18°W"", ""Utah; 38°12′N 109°56′W﻿ / ﻿38.2°N 109.93°W"", ""Utah; 38°12′N 111°10′W﻿ / ﻿38.20°N 111.17°W"", ""New Mexico; 32°10′N 104°26′W﻿ / ﻿32.17°N 104.44°W"", ""California; 34°01′N 119°25′W﻿ / ﻿34.01°N 119.42°W"", ""South Carolina; 33°47′N 80°47′W﻿ / ﻿33.78°N 80.78°W"", ""Oregon; 42°56′N 122°06′W﻿ / ﻿42.94°N 122.1°W"", ""Ohio; 41°14′N 81°33′W﻿ / ﻿41.24°N 81.55°W"", ""California Nevada; 36°14′N 116°49′W﻿ / ﻿36.24°N 116.82°W"", ""Alaska; 63°20′N 150°30′W﻿ / ﻿63.33°N 150.50°W"", ""Florida; 24°38′N 82°52′W﻿ / ﻿24.63°N 82.87°W"", ""Florida; 25°19′N 80°56′W﻿ / ﻿25.32°N 80.93°W"", ""Alaska; 67°47′N 153°18′W﻿ / ﻿67.78°N 153.30°W"", ""Montana; 48°48′N 114°00′W﻿ / ﻿48.80°N 114.00°W"", ""Alaska; 58°30′N 137°00′W﻿ / ﻿58.50°N 137.00°W"", ""Arizona; 36°04′N 112°08′W﻿ / ﻿36.06°N 112.14°W"", ""Wyoming; 43°44′N 110°48′W﻿ / ﻿43.73°N 110.80°W"", ""Nevada; 38°59′N 114°18′W﻿ / ﻿38.98°N 114.30°W"", ""Colorado; 37°44′N 105°31′W﻿ / ﻿37.73°N 105.51°W"", ""North Carolina Tennessee; 35°41′N 83°32′W﻿ / ﻿35.68°N 83.53°W"", ""Texas; 31°55′N 104°52′W﻿ / ﻿31.92°N 104.87°W"", ""Hawaii; 20°43′N 156°10′W﻿ / ﻿20.72°N 156.17°W"", ""Hawaii; 19°23′N 155°12′W﻿ / ﻿19.38°N 155.20°W"", ""Arkansas; 34°31′N 93°03′W﻿ / ﻿34.51°N 93.05°W"", ""Michigan; 48°06′N 88°33′W﻿ / ﻿48.10°N 88.55°W"", ""California; 33°47′N 115°54′W﻿ / ﻿33.79°N 115.90°W"", ""Alaska; 58°30′N 155°00′W﻿ / ﻿58.50°N 155.00°W"", ""Alaska; 59°55′N 149°39′W﻿ / ﻿59.92°N 149.65°W"", ""California; 36°48′N 118°33′W﻿ / ﻿36.80°N 118.55°W"", ""Alaska; 67°33′N 159°17′W﻿ / ﻿67.55°N 159.28°W"", ""Alaska; 60°58′N 153°25′W﻿ / ﻿60.97°N 153.42°W"", ""California; 40°29′N 121°31′W﻿ / ﻿40.49°N 121.51°W"", ""Kentucky; 37°11′N 86°06′W﻿ / ﻿37.18°N 86.10°W"", ""Colorado; 37°11′N 108°29′W﻿ / ﻿37.18°N 108.49°W"", ""Washington; 46°51′N 121°45′W﻿ / ﻿46.85°N 121.75°W"", ""Washington; 48°42′N 121°12′W﻿ / ﻿48.70°N 121.20°W"", ""Washington; 47°58′N 123°30′W﻿ / ﻿47.97°N 123.50°W"", ""Arizona; 35°04′N 109°47′W﻿ / ﻿35.07°N 109.78°W"", ""California; 36°29′N 121°10′W﻿ / ﻿36.48°N 121.16°W"", ""California; 41°18′N 124°00′W﻿ / ﻿41.30°N 124.00°W"", ""Colorado; 40°24′N 105°35′W﻿ / ﻿40.40°N 105.58°W"", ""Arizona; 32°15′N 110°30′W﻿ / ﻿32.25°N 110.50°W"", ""California; 36°26′N 118°41′W﻿ / ﻿36.43°N 118.68°W"", ""Virginia; 38°32′N 78°21′W﻿ / ﻿38.53°N 78.35°W"", ""North Dakota; 46°58′N 103°27′W﻿ / ﻿46.97°N 103.45°W"", ""United States Virgin Islands; 18°20′N 64°44′W﻿ / ﻿18.33°N 64.73°W"", ""Minnesota; 48°30′N 92°53′W﻿ / ﻿48.50°N 92.88°W"", ""South Dakota; 43°34′N 103°29′W﻿ / ﻿43.57°N 103.48°W"", ""Alaska; 61°00′N 142°00′W﻿ / ﻿61.00°N 142.00°W"", ""Wyoming Montana Idaho; 44°36′N 110°30′W﻿ / ﻿44.60°N 110.50°W"", ""California; 37°50′N 119°30′W﻿ / ﻿37.83°N 119.50°W"", ""Utah; 37°18′N 113°03′W﻿ / ﻿37.30°N 113.05°W""]","[""Alabama"", ""Alaska"", ""Arizona"", ""Arkansas"", ""California"", ""Colorado"", ""Connecticut"", ""Delaware"", ""Dist. of Columbia"", ""Florida"", ""Georgia"", ""Hawaii"", ""Idaho"", ""Illinois"", ""Indiana"", ""Iowa"", ""Kansas"", ""Kentucky"", ""Louisiana"", ""Maine"", ""Maryland"", ""Massachusetts"", ""Michigan"", ""Minnesota"", ""Mississippi"", ""Montana"", ""Nebraska"", ""Nevada"", ""New Hampshire"", ""New Jersey"", ""New Mexico"", ""New York"", ""North Carolina"", ""North Dakota"", ""Ohio"", ""Oklahoma"", ""Oregon"", ""Pennsylvania"", ""Rhode Island"", ""South Carolina"", ""South Dakota"", ""Tennessee"", ""Texas"", ""Utah"", ""Vermont"", ""Virginia"", ""Washington"", ""West Virginia"", ""Wisconsin"", ""Wyoming""]",semantic,The query column contains US state names that can be extracted to join with the candidate column's state names.,semsketch,1.0000,0.9500,1.0000,0.9833,1.0000,0.9500,3,True,True,The query column contains US state names that can be extracted to join with the candidate column's state names.,State names can be parsed from location strings before the coordinates.,The state names can be easily parsed and extracted from the query column to join with the state names in the candidate column.,
autofj-wdc,NCAATeamSeason_left.csv,title,target_050729.csv,title,"[""1899 Sewanee Tigers football team"", ""2005 Texas Longhorns football team"", ""1995 Nebraska Cornhuskers football team"", ""2006 Texas Longhorns football team"", ""2006 Colorado Buffaloes football team"", ""2005 Colorado Buffaloes football team"", ""2006 Oklahoma Sooners football team"", ""2006 Michigan Wolverines football team"", ""2006 Nebraska Cornhuskers football team"", ""2005 Nebraska Cornhuskers football team"", ""2006 Washington Huskies football team"", ""2005 LSU Tigers football team"", ""2006 LSU Tigers football team"", ""2003 LSU Tigers football team"", ""2004 LSU Tigers football team"", ""2002 LSU Tigers football team"", ""2006 Georgia Tech Yellow Jackets football team"", ""2005 USC Trojans football team"", ""2006 USC Trojans football team"", ""2005 Notre Dame Fighting Irish football team"", ""2006 Notre Dame Fighting Irish football team"", ""2004 Texas Longhorns football team"", ""2006 Penn State Nittany Lions football team"", ""2006 Florida Gators football team"", ""1893 LSU Tigers football team"", ""1894 LSU Tigers football team"", ""1895 LSU Tigers football team"", ""1896 LSU Tigers football team"", ""1897 LSU Tigers football team"", ""1898 LSU Tigers football team"", ""1899 LSU Tigers football team"", ""1900 LSU Tigers football team"", ""1901 LSU Tigers football team"", ""1902 LSU Tigers football team"", ""2006 Ohio State Buckeyes football team"", ""2006 Minnesota Golden Gophers football team"", ""2005 Minnesota Golden Gophers football team"", ""2004 Minnesota Golden Gophers football team"", ""2003 Minnesota Golden Gophers football team"", ""2002 Minnesota Golden Gophers football team"", ""2001 Minnesota Golden Gophers football team"", ""2005 Miami Hurricanes football team"", ""2006 Miami Hurricanes football team"", ""2006 Florida State Seminoles football team"", ""2001 Miami Hurricanes football team"", ""2006 Hawaii Warriors football team"", ""2006 Miami RedHawks football team"", ""2006 Arizona State Sun Devils football team"", ""2000 Minnesota Golden Gophers football team"", ""2006 Tennessee Volunteers football team"", ""2006 Purdue Boilermakers football team"", ""2001 LSU Tigers football team"", ""1903 LSU Tigers football team"", ""2006 Auburn Tigers football team"", ""2006 Clemson Tigers football team"", ""1939 Iowa Hawkeyes football team"", ""1902 Auburn Tigers football team"", ""2006 Washington State Cougars football team"", ""2007 Washington State Cougars football team"", ""1903 Auburn Tigers football team"", ""1904 Auburn Tigers football team"", ""2006 California Golden Bears football team"", ""1905 Auburn Tigers football team"", ""1906 Auburn Tigers football team""]","[""Alabama Crimson Tide"", ""Oregon Ducks"", ""Notre Dame Fighting Irish"", ""USC Trojans"", ""Kansas State Wildcats"", ""Ohio State Buckeyes"", ""Oklahoma Sooners"", ""LSU Tigers"", ""Florida State Seminoles"", ""Texas Longhorns"", ""Florida Gators"", ""Clemson Tigers"", ""Georgia Bulldogs"", ""Oklahoma State Cowboys"", ""Texas Tech Red Raiders"", ""Nebraska Cornhuskers"", ""South Carolina Gamecocks"", ""Louisville Cardinals"", ""Texas A&M Aggies"", ""Rutgers Scarlet Knights"", ""Team"", ""West Virginia Mountaineers"", ""Boise State Broncos"", ""Oregon State Beavers"", ""Stanford Cardinal"", ""Arizona State Sun Devils"", ""Tennessee Volunteers"", ""Mississippi State Bulldogs"", ""North Carolina Tar Heels"", ""Northwestern Wildcats"", ""Michigan Wolverines"", ""Washington Huskies"", ""North Carolina State Wolfpack"", ""Virginia Tech Hokies"", ""Arizona Wildcats"", ""Brigham Young Cougars"", ""Michigan State Spartans"", ""Miami (FL) Hurricanes"", ""Iowa State Cyclones"", ""Mississippi Rebels"", ""TCU Horned Frogs"", ""Duke Blue Devils"", ""Penn State Nittany Lions"", ""Arkansas Razorbacks"", ""UCLA Bruins"", ""Iowa Hawkeyes"", ""Vanderbilt Commodores"", ""Wisconsin Badgers"", ""Pittsburgh Panthers"", ""Louisiana Tech Bulldogs"", ""Baylor Bears"", ""California Golden Bears"", ""Syracuse Orange"", ""Cincinnati Bearcats"", ""Missouri Tigers"", ""Utah Utes"", ""Washington State Cougars"", ""Purdue Boilermakers"", ""Tulsa Golden Hurricane"", ""Toledo Rockets"", ""Wake Forest Demon Deacons"", ""Maryland Terrapins"", ""UCF Knights"", ""Ohio Bobcats""]",semantic,"The query column contains team seasons, while the candidate column contains the corresponding team names.",semsketch,1.0000,0.8700,1.0000,0.9567,1.0000,0.8700,3,True,True,"The query column contains team seasons, while the candidate column contains the corresponding team names.","Team-season titles can be parsed to teams, but candidate coverage is partial.",The query column contains NCAA football team seasons from which the team names in the candidate column can be directly extracted.,
autofj-wdc,NCAATeamSeason_left.csv,title,target_055544.csv,title,"[""1899 Sewanee Tigers football team"", ""2005 Texas Longhorns football team"", ""1995 Nebraska Cornhuskers football team"", ""2006 Texas Longhorns football team"", ""2006 Colorado Buffaloes football team"", ""2005 Colorado Buffaloes football team"", ""2006 Oklahoma Sooners football team"", ""2006 Michigan Wolverines football team"", ""2006 Nebraska Cornhuskers football team"", ""2005 Nebraska Cornhuskers football team"", ""2006 Washington Huskies football team"", ""2005 LSU Tigers football team"", ""2006 LSU Tigers football team"", ""2003 LSU Tigers football team"", ""2004 LSU Tigers football team"", ""2002 LSU Tigers football team"", ""2006 Georgia Tech Yellow Jackets football team"", ""2005 USC Trojans football team"", ""2006 USC Trojans football team"", ""2005 Notre Dame Fighting Irish football team"", ""2006 Notre Dame Fighting Irish football team"", ""2004 Texas Longhorns football team"", ""2006 Penn State Nittany Lions football team"", ""2006 Florida Gators football team"", ""1893 LSU Tigers football team"", ""1894 LSU Tigers football team"", ""1895 LSU Tigers football team"", ""1896 LSU Tigers football team"", ""1897 LSU Tigers football team"", ""1898 LSU Tigers football team"", ""1899 LSU Tigers football team"", ""1900 LSU Tigers football team"", ""1901 LSU Tigers football team"", ""1902 LSU Tigers football team"", ""2006 Ohio State Buckeyes football team"", ""2006 Minnesota Golden Gophers football team"", ""2005 Minnesota Golden Gophers football team"", ""2004 Minnesota Golden Gophers football team"", ""2003 Minnesota Golden Gophers football team"", ""2002 Minnesota Golden Gophers football team"", ""2001 Minnesota Golden Gophers football team"", ""2005 Miami Hurricanes football team"", ""2006 Miami Hurricanes football team"", ""2006 Florida State Seminoles football team"", ""2001 Miami Hurricanes football team"", ""2006 Hawaii Warriors football team"", ""2006 Miami RedHawks football team"", ""2006 Arizona State Sun Devils football team"", ""2000 Minnesota Golden Gophers football team"", ""2006 Tennessee Volunteers football team"", ""2006 Purdue Boilermakers football team"", ""2001 LSU Tigers football team"", ""1903 LSU Tigers football team"", ""2006 Auburn Tigers football team"", ""2006 Clemson Tigers football team"", ""1939 Iowa Hawkeyes football team"", ""1902 Auburn Tigers football team"", ""2006 Washington State Cougars football team"", ""2007 Washington State Cougars football team"", ""1903 Auburn Tigers football team"", ""1904 Auburn Tigers football team"", ""2006 California Golden Bears football team"", ""1905 Auburn Tigers football team"", ""1906 Auburn Tigers football team""]","[""Alabama Crimson Tide"", ""Oregon Ducks"", ""Ohio State Buckeyes"", ""Georgia Bulldogs"", ""Stanford Cardinal"", ""Clemson Tigers"", ""Louisville Cardinals"", ""Oklahoma Sooners"", ""Florida State Seminoles"", ""Texas A&M Aggies"", ""UCLA Bruins"", ""Washington Huskies"", ""South Carolina Gamecocks"", ""Michigan Wolverines"", ""Miami (FL) Hurricanes"", ""Northwestern Wildcats"", ""LSU Tigers"", ""Michigan State Spartans"", ""Baylor Bears"", ""Arizona State Sun Devils"", ""Team"", ""Oklahoma State Cowboys"", ""Ole Miss Rebels"", ""Florida Gators"", ""Texas Tech Red Raiders"", ""Vanderbilt Commodores"", ""Fresno State Bulldogs"", ""Wisconsin Badgers"", ""Nebraska Cornhuskers"", ""Missouri Tigers"", ""Arizona Wildcats"", ""Oregon State Beavers"", ""Penn State Nittany Lions"", ""Texas Longhorns"", ""Virginia Tech Hokies"", ""Boise State Broncos"", ""Notre Dame Fighting Irish"", ""UCF Knights"", ""USC Trojans"", ""Cincinnati Bearcats"", ""TCU Horned Frogs"", ""Rutgers Scarlet Knights"", ""Utah Utes"", ""Iowa Hawkeyes"", ""Pittsburgh Panthers"", ""Auburn Tigers"", ""Utah State Aggies"", ""Georgia Tech Yellow Jackets"", ""Tennessee Volunteers"", ""Maryland Terrapins"", ""North Carolina Tar Heels"", ""Mississippi State Bulldogs"", ""West Virginia Mountaineers"", ""Arkansas Razorbacks"", ""Kansas State Wildcats"", ""Virginia Cavaliers"", ""Indiana Hoosiers"", ""California Golden Bears"", ""Northern Illinois Huskies"", ""BYU Cougars"", ""Minnesota Golden Gophers"", ""East Carolina Pirates"", ""Iowa State Cyclones"", ""Washington State Cougars""]",semantic,"The query column contains team seasons, while the candidate column contains the corresponding team names.",semsketch,1.0000,0.8600,1.0000,0.9533,1.0000,0.8600,3,True,True,"The query column contains team seasons, while the candidate column contains the corresponding team names.","Team-season titles map to teams, but visible candidate coverage is partial.",The query column contains NCAA football team seasons from which the team names can be systematically extracted to join with the team names in the candidate column.,
wt-wdc,AJ-park-to-state-1_source_Location,title,target_005056,title,"[""Maine; 44°21′N 68°13′W﻿ / ﻿44.35°N 68.21°W"", ""American Samoa; 14°15′S 170°41′W﻿ / ﻿14.25°S 170.68°W"", ""Utah; 38°41′N 109°34′W﻿ / ﻿38.68°N 109.57°W"", ""South Dakota; 43°45′N 102°30′W﻿ / ﻿43.75°N 102.50°W"", ""Texas; 29°15′N 103°15′W﻿ / ﻿29.25°N 103.25°W"", ""Florida; 25°39′N 80°05′W﻿ / ﻿25.65°N 80.08°W"", ""Colorado; 38°34′N 107°43′W﻿ / ﻿38.57°N 107.72°W"", ""Utah; 37°34′N 112°11′W﻿ / ﻿37.57°N 112.18°W"", ""Utah; 38°12′N 109°56′W﻿ / ﻿38.2°N 109.93°W"", ""Utah; 38°12′N 111°10′W﻿ / ﻿38.20°N 111.17°W"", ""New Mexico; 32°10′N 104°26′W﻿ / ﻿32.17°N 104.44°W"", ""California; 34°01′N 119°25′W﻿ / ﻿34.01°N 119.42°W"", ""South Carolina; 33°47′N 80°47′W﻿ / ﻿33.78°N 80.78°W"", ""Oregon; 42°56′N 122°06′W﻿ / ﻿42.94°N 122.1°W"", ""Ohio; 41°14′N 81°33′W﻿ / ﻿41.24°N 81.55°W"", ""California Nevada; 36°14′N 116°49′W﻿ / ﻿36.24°N 116.82°W"", ""Alaska; 63°20′N 150°30′W﻿ / ﻿63.33°N 150.50°W"", ""Florida; 24°38′N 82°52′W﻿ / ﻿24.63°N 82.87°W"", ""Florida; 25°19′N 80°56′W﻿ / ﻿25.32°N 80.93°W"", ""Alaska; 67°47′N 153°18′W﻿ / ﻿67.78°N 153.30°W"", ""Montana; 48°48′N 114°00′W﻿ / ﻿48.80°N 114.00°W"", ""Alaska; 58°30′N 137°00′W﻿ / ﻿58.50°N 137.00°W"", ""Arizona; 36°04′N 112°08′W﻿ / ﻿36.06°N 112.14°W"", ""Wyoming; 43°44′N 110°48′W﻿ / ﻿43.73°N 110.80°W"", ""Nevada; 38°59′N 114°18′W﻿ / ﻿38.98°N 114.30°W"", ""Colorado; 37°44′N 105°31′W﻿ / ﻿37.73°N 105.51°W"", ""North Carolina Tennessee; 35°41′N 83°32′W﻿ / ﻿35.68°N 83.53°W"", ""Texas; 31°55′N 104°52′W﻿ / ﻿31.92°N 104.87°W"", ""Hawaii; 20°43′N 156°10′W﻿ / ﻿20.72°N 156.17°W"", ""Hawaii; 19°23′N 155°12′W﻿ / ﻿19.38°N 155.20°W"", ""Arkansas; 34°31′N 93°03′W﻿ / ﻿34.51°N 93.05°W"", ""Michigan; 48°06′N 88°33′W﻿ / ﻿48.10°N 88.55°W"", ""California; 33°47′N 115°54′W﻿ / ﻿33.79°N 115.90°W"", ""Alaska; 58°30′N 155°00′W﻿ / ﻿58.50°N 155.00°W"", ""Alaska; 59°55′N 149°39′W﻿ / ﻿59.92°N 149.65°W"", ""California; 36°48′N 118°33′W﻿ / ﻿36.80°N 118.55°W"", ""Alaska; 67°33′N 159°17′W﻿ / ﻿67.55°N 159.28°W"", ""Alaska; 60°58′N 153°25′W﻿ / ﻿60.97°N 153.42°W"", ""California; 40°29′N 121°31′W﻿ / ﻿40.49°N 121.51°W"", ""Kentucky; 37°11′N 86°06′W﻿ / ﻿37.18°N 86.10°W"", ""Colorado; 37°11′N 108°29′W﻿ / ﻿37.18°N 108.49°W"", ""Washington; 46°51′N 121°45′W﻿ / ﻿46.85°N 121.75°W"", ""Washington; 48°42′N 121°12′W﻿ / ﻿48.70°N 121.20°W"", ""Washington; 47°58′N 123°30′W﻿ / ﻿47.97°N 123.50°W"", ""Arizona; 35°04′N 109°47′W﻿ / ﻿35.07°N 109.78°W"", ""California; 36°29′N 121°10′W﻿ / ﻿36.48°N 121.16°W"", ""California; 41°18′N 124°00′W﻿ / ﻿41.30°N 124.00°W"", ""Colorado; 40°24′N 105°35′W﻿ / ﻿40.40°N 105.58°W"", ""Arizona; 32°15′N 110°30′W﻿ / ﻿32.25°N 110.50°W"", ""California; 36°26′N 118°41′W﻿ / ﻿36.43°N 118.68°W"", ""Virginia; 38°32′N 78°21′W﻿ / ﻿38.53°N 78.35°W"", ""North Dakota; 46°58′N 103°27′W﻿ / ﻿46.97°N 103.45°W"", ""United States Virgin Islands; 18°20′N 64°44′W﻿ / ﻿18.33°N 64.73°W"", ""Minnesota; 48°30′N 92°53′W﻿ / ﻿48.50°N 92.88°W"", ""South Dakota; 43°34′N 103°29′W﻿ / ﻿43.57°N 103.48°W"", ""Alaska; 61°00′N 142°00′W﻿ / ﻿61.00°N 142.00°W"", ""Wyoming Montana Idaho; 44°36′N 110°30′W﻿ / ﻿44.60°N 110.50°W"", ""California; 37°50′N 119°30′W﻿ / ﻿37.83°N 119.50°W"", ""Utah; 37°18′N 113°03′W﻿ / ﻿37.30°N 113.05°W""]","[""Alabama"", ""Alaska"", ""Arizona"", ""Arkansas"", ""California"", ""Colorado"", ""Connecticut"", ""Delaware"", ""District of Columbia"", ""Florida"", ""Georgia"", ""Hawaii"", ""Idaho"", ""Indiana"", ""Iowa"", ""Kansas"", ""Kentucky"", ""Louisiana"", ""Maine"", ""Maryland"", ""Massachusetts"", ""Michigan"", ""Minnesota"", ""Mississippi"", ""Missouri"", ""Montana"", ""Nebraska"", ""Nevada"", ""New Hampshire"", ""New Jersey"", ""New Mexico"", ""New York"", ""North Carolina"", ""North Dakota"", ""Ohio"", ""Oklahoma"", ""Oregon"", ""Pennsylvania"", ""Puerto Rico"", ""Rhode Island"", ""South Carolina"", ""South Dakota"", ""Tennessee"", ""Texas"", ""Utah"", ""Vermont"", ""Virgin Islands"", ""Virginia"", ""Washington"", ""West Virginia"", ""Wisconsin"", ""Wyoming""]",semantic,The query column contains US state names that can be extracted to join with the candidate column's state names.,semsketch,1.0000,0.9500,1.0000,0.9833,1.0000,0.9500,3,True,True,The query column contains US state names that can be extracted to join with the candidate column's state names.,State names can be parsed from location strings before the coordinates.,The state names can be easily extracted from the query column's prefix to join with the candidate column's state names.,
wt-wdc,AJ-park-to-state-1_source_Location,title,target_027506,title,"[""Maine; 44°21′N 68°13′W﻿ / ﻿44.35°N 68.21°W"", ""American Samoa; 14°15′S 170°41′W﻿ / ﻿14.25°S 170.68°W"", ""Utah; 38°41′N 109°34′W﻿ / ﻿38.68°N 109.57°W"", ""South Dakota; 43°45′N 102°30′W﻿ / ﻿43.75°N 102.50°W"", ""Texas; 29°15′N 103°15′W﻿ / ﻿29.25°N 103.25°W"", ""Florida; 25°39′N 80°05′W﻿ / ﻿25.65°N 80.08°W"", ""Colorado; 38°34′N 107°43′W﻿ / ﻿38.57°N 107.72°W"", ""Utah; 37°34′N 112°11′W﻿ / ﻿37.57°N 112.18°W"", ""Utah; 38°12′N 109°56′W﻿ / ﻿38.2°N 109.93°W"", ""Utah; 38°12′N 111°10′W﻿ / ﻿38.20°N 111.17°W"", ""New Mexico; 32°10′N 104°26′W﻿ / ﻿32.17°N 104.44°W"", ""California; 34°01′N 119°25′W﻿ / ﻿34.01°N 119.42°W"", ""South Carolina; 33°47′N 80°47′W﻿ / ﻿33.78°N 80.78°W"", ""Oregon; 42°56′N 122°06′W﻿ / ﻿42.94°N 122.1°W"", ""Ohio; 41°14′N 81°33′W﻿ / ﻿41.24°N 81.55°W"", ""California Nevada; 36°14′N 116°49′W﻿ / ﻿36.24°N 116.82°W"", ""Alaska; 63°20′N 150°30′W﻿ / ﻿63.33°N 150.50°W"", ""Florida; 24°38′N 82°52′W﻿ / ﻿24.63°N 82.87°W"", ""Florida; 25°19′N 80°56′W﻿ / ﻿25.32°N 80.93°W"", ""Alaska; 67°47′N 153°18′W﻿ / ﻿67.78°N 153.30°W"", ""Montana; 48°48′N 114°00′W﻿ / ﻿48.80°N 114.00°W"", ""Alaska; 58°30′N 137°00′W﻿ / ﻿58.50°N 137.00°W"", ""Arizona; 36°04′N 112°08′W﻿ / ﻿36.06°N 112.14°W"", ""Wyoming; 43°44′N 110°48′W﻿ / ﻿43.73°N 110.80°W"", ""Nevada; 38°59′N 114°18′W﻿ / ﻿38.98°N 114.30°W"", ""Colorado; 37°44′N 105°31′W﻿ / ﻿37.73°N 105.51°W"", ""North Carolina Tennessee; 35°41′N 83°32′W﻿ / ﻿35.68°N 83.53°W"", ""Texas; 31°55′N 104°52′W﻿ / ﻿31.92°N 104.87°W"", ""Hawaii; 20°43′N 156°10′W﻿ / ﻿20.72°N 156.17°W"", ""Hawaii; 19°23′N 155°12′W﻿ / ﻿19.38°N 155.20°W"", ""Arkansas; 34°31′N 93°03′W﻿ / ﻿34.51°N 93.05°W"", ""Michigan; 48°06′N 88°33′W﻿ / ﻿48.10°N 88.55°W"", ""California; 33°47′N 115°54′W﻿ / ﻿33.79°N 115.90°W"", ""Alaska; 58°30′N 155°00′W﻿ / ﻿58.50°N 155.00°W"", ""Alaska; 59°55′N 149°39′W﻿ / ﻿59.92°N 149.65°W"", ""California; 36°48′N 118°33′W﻿ / ﻿36.80°N 118.55°W"", ""Alaska; 67°33′N 159°17′W﻿ / ﻿67.55°N 159.28°W"", ""Alaska; 60°58′N 153°25′W﻿ / ﻿60.97°N 153.42°W"", ""California; 40°29′N 121°31′W﻿ / ﻿40.49°N 121.51°W"", ""Kentucky; 37°11′N 86°06′W﻿ / ﻿37.18°N 86.10°W"", ""Colorado; 37°11′N 108°29′W﻿ / ﻿37.18°N 108.49°W"", ""Washington; 46°51′N 121°45′W﻿ / ﻿46.85°N 121.75°W"", ""Washington; 48°42′N 121°12′W﻿ / ﻿48.70°N 121.20°W"", ""Washington; 47°58′N 123°30′W﻿ / ﻿47.97°N 123.50°W"", ""Arizona; 35°04′N 109°47′W﻿ / ﻿35.07°N 109.78°W"", ""California; 36°29′N 121°10′W﻿ / ﻿36.48°N 121.16°W"", ""California; 41°18′N 124°00′W﻿ / ﻿41.30°N 124.00°W"", ""Colorado; 40°24′N 105°35′W﻿ / ﻿40.40°N 105.58°W"", ""Arizona; 32°15′N 110°30′W﻿ / ﻿32.25°N 110.50°W"", ""California; 36°26′N 118°41′W﻿ / ﻿36.43°N 118.68°W"", ""Virginia; 38°32′N 78°21′W﻿ / ﻿38.53°N 78.35°W"", ""North Dakota; 46°58′N 103°27′W﻿ / ﻿46.97°N 103.45°W"", ""United States Virgin Islands; 18°20′N 64°44′W﻿ / ﻿18.33°N 64.73°W"", ""Minnesota; 48°30′N 92°53′W﻿ / ﻿48.50°N 92.88°W"", ""South Dakota; 43°34′N 103°29′W﻿ / ﻿43.57°N 103.48°W"", ""Alaska; 61°00′N 142°00′W﻿ / ﻿61.00°N 142.00°W"", ""Wyoming Montana Idaho; 44°36′N 110°30′W﻿ / ﻿44.60°N 110.50°W"", ""California; 37°50′N 119°30′W﻿ / ﻿37.83°N 119.50°W"", ""Utah; 37°18′N 113°03′W﻿ / ﻿37.30°N 113.05°W""]","[""Tennessee"", ""Florida"", ""Louisiana"", ""Missouri"", ""North Carolina"", ""Mississippi"", ""New Mexico"", ""Maryland"", ""Virginia"", ""Washington, D.C."", ""West Virginia"", ""Texas"", ""Alabama"", ""Illinois"", ""New York"", ""Washington"", ""New Hampshire"", ""Colorado"", ""Oklahoma"", ""South Carolina"", ""North Dakota"", ""Michigan"", ""Pennsylvania"", ""New Jersey"", ""Oregon"", ""Hawaii"", ""Rhode Island"", ""Delaware"", ""Alaska"", ""Wyoming"", ""Idaho"", ""Massachusetts"", ""Connecticut"", ""Nebraska"", ""Maine"", ""Kansas"", ""Vermont"", ""Iowa"", ""Wisconsin"", ""Georgia"", ""Arizona"", ""Montana"", ""Nevada"", ""Minnesota"", ""Indiana"", ""Ohio"", ""Arkansas"", ""South Dakota"", ""Utah"", ""California"", ""Kentucky""]",semantic,The query column contains US state names that can be extracted to join with the candidate column's state names.,semsketch,1.0000,0.8400,1.0000,0.9467,1.0000,0.8400,3,True,True,The query column contains US state names that can be extracted to join with the candidate column's state names.,Parsed state names share only selective overlap with this candidate list.,"The query column values can be easily parsed to extract US state names, which directly match the state names in the candidate column.",
wt-wdc,AJ-park-to-state-1_source_Location,title,target_069476,title,"[""Maine; 44°21′N 68°13′W﻿ / ﻿44.35°N 68.21°W"", ""American Samoa; 14°15′S 170°41′W﻿ / ﻿14.25°S 170.68°W"", ""Utah; 38°41′N 109°34′W﻿ / ﻿38.68°N 109.57°W"", ""South Dakota; 43°45′N 102°30′W﻿ / ﻿43.75°N 102.50°W"", ""Texas; 29°15′N 103°15′W﻿ / ﻿29.25°N 103.25°W"", ""Florida; 25°39′N 80°05′W﻿ / ﻿25.65°N 80.08°W"", ""Colorado; 38°34′N 107°43′W﻿ / ﻿38.57°N 107.72°W"", ""Utah; 37°34′N 112°11′W﻿ / ﻿37.57°N 112.18°W"", ""Utah; 38°12′N 109°56′W﻿ / ﻿38.2°N 109.93°W"", ""Utah; 38°12′N 111°10′W﻿ / ﻿38.20°N 111.17°W"", ""New Mexico; 32°10′N 104°26′W﻿ / ﻿32.17°N 104.44°W"", ""California; 34°01′N 119°25′W﻿ / ﻿34.01°N 119.42°W"", ""South Carolina; 33°47′N 80°47′W﻿ / ﻿33.78°N 80.78°W"", ""Oregon; 42°56′N 122°06′W﻿ / ﻿42.94°N 122.1°W"", ""Ohio; 41°14′N 81°33′W﻿ / ﻿41.24°N 81.55°W"", ""California Nevada; 36°14′N 116°49′W﻿ / ﻿36.24°N 116.82°W"", ""Alaska; 63°20′N 150°30′W﻿ / ﻿63.33°N 150.50°W"", ""Florida; 24°38′N 82°52′W﻿ / ﻿24.63°N 82.87°W"", ""Florida; 25°19′N 80°56′W﻿ / ﻿25.32°N 80.93°W"", ""Alaska; 67°47′N 153°18′W﻿ / ﻿67.78°N 153.30°W"", ""Montana; 48°48′N 114°00′W﻿ / ﻿48.80°N 114.00°W"", ""Alaska; 58°30′N 137°00′W﻿ / ﻿58.50°N 137.00°W"", ""Arizona; 36°04′N 112°08′W﻿ / ﻿36.06°N 112.14°W"", ""Wyoming; 43°44′N 110°48′W﻿ / ﻿43.73°N 110.80°W"", ""Nevada; 38°59′N 114°18′W﻿ / ﻿38.98°N 114.30°W"", ""Colorado; 37°44′N 105°31′W﻿ / ﻿37.73°N 105.51°W"", ""North Carolina Tennessee; 35°41′N 83°32′W﻿ / ﻿35.68°N 83.53°W"", ""Texas; 31°55′N 104°52′W﻿ / ﻿31.92°N 104.87°W"", ""Hawaii; 20°43′N 156°10′W﻿ / ﻿20.72°N 156.17°W"", ""Hawaii; 19°23′N 155°12′W﻿ / ﻿19.38°N 155.20°W"", ""Arkansas; 34°31′N 93°03′W﻿ / ﻿34.51°N 93.05°W"", ""Michigan; 48°06′N 88°33′W﻿ / ﻿48.10°N 88.55°W"", ""California; 33°47′N 115°54′W﻿ / ﻿33.79°N 115.90°W"", ""Alaska; 58°30′N 155°00′W﻿ / ﻿58.50°N 155.00°W"", ""Alaska; 59°55′N 149°39′W﻿ / ﻿59.92°N 149.65°W"", ""California; 36°48′N 118°33′W﻿ / ﻿36.80°N 118.55°W"", ""Alaska; 67°33′N 159°17′W﻿ / ﻿67.55°N 159.28°W"", ""Alaska; 60°58′N 153°25′W﻿ / ﻿60.97°N 153.42°W"", ""California; 40°29′N 121°31′W﻿ / ﻿40.49°N 121.51°W"", ""Kentucky; 37°11′N 86°06′W﻿ / ﻿37.18°N 86.10°W"", ""Colorado; 37°11′N 108°29′W﻿ / ﻿37.18°N 108.49°W"", ""Washington; 46°51′N 121°45′W﻿ / ﻿46.85°N 121.75°W"", ""Washington; 48°42′N 121°12′W﻿ / ﻿48.70°N 121.20°W"", ""Washington; 47°58′N 123°30′W﻿ / ﻿47.97°N 123.50°W"", ""Arizona; 35°04′N 109°47′W﻿ / ﻿35.07°N 109.78°W"", ""California; 36°29′N 121°10′W﻿ / ﻿36.48°N 121.16°W"", ""California; 41°18′N 124°00′W﻿ / ﻿41.30°N 124.00°W"", ""Colorado; 40°24′N 105°35′W﻿ / ﻿40.40°N 105.58°W"", ""Arizona; 32°15′N 110°30′W﻿ / ﻿32.25°N 110.50°W"", ""California; 36°26′N 118°41′W﻿ / ﻿36.43°N 118.68°W"", ""Virginia; 38°32′N 78°21′W﻿ / ﻿38.53°N 78.35°W"", ""North Dakota; 46°58′N 103°27′W﻿ / ﻿46.97°N 103.45°W"", ""United States Virgin Islands; 18°20′N 64°44′W﻿ / ﻿18.33°N 64.73°W"", ""Minnesota; 48°30′N 92°53′W﻿ / ﻿48.50°N 92.88°W"", ""South Dakota; 43°34′N 103°29′W﻿ / ﻿43.57°N 103.48°W"", ""Alaska; 61°00′N 142°00′W﻿ / ﻿61.00°N 142.00°W"", ""Wyoming Montana Idaho; 44°36′N 110°30′W﻿ / ﻿44.60°N 110.50°W"", ""California; 37°50′N 119°30′W﻿ / ﻿37.83°N 119.50°W"", ""Utah; 37°18′N 113°03′W﻿ / ﻿37.30°N 113.05°W""]","[""Alabama"", ""Alaska"", ""Arizona"", ""Arkansas"", ""California"", ""Colorado"", ""Connecticut"", ""Delaware"", ""Washington, D.C."", ""Florida"", ""Georgia"", ""Hawaii"", ""Idaho"", ""Illinois"", ""Indiana"", ""Iowa"", ""Kansas"", ""Kentucky"", ""Louisiana"", ""Maine"", ""Maryland"", ""Massachusetts"", ""Michigan"", ""Minnesota"", ""Mississippi"", ""Missouri"", ""Montana"", ""Nebraska"", ""Nevada"", ""New Hampshire"", ""New Jersey"", ""New Mexico"", ""New York"", ""North Carolina"", ""North Dakota"", ""Ohio"", ""Oklahoma"", ""Oregon"", ""Pennsylvania"", ""Rhode Island"", ""South Carolina"", ""South Dakota"", ""Tennessee"", ""Texas"", ""Utah"", ""Vermont"", ""Virginia"", ""Washington"", ""West Virginia"", ""Wisconsin"", ""Wyoming""]",semantic,The query column contains US state names that can be extracted to join with the candidate column's state names.,semsketch,1.0000,0.9500,1.0000,0.9833,1.0000,0.9500,3,True,True,The query column contains US state names that can be extracted to join with the candidate column's state names.,State names can be parsed from location strings before the coordinates.,The state names can be easily extracted from the query column's prefix to join with the candidate column's state names.,
wt-wdc,AJ-park-to-state-1_source_Location,title,target_072661,title,"[""Maine; 44°21′N 68°13′W﻿ / ﻿44.35°N 68.21°W"", ""American Samoa; 14°15′S 170°41′W﻿ / ﻿14.25°S 170.68°W"", ""Utah; 38°41′N 109°34′W﻿ / ﻿38.68°N 109.57°W"", ""South Dakota; 43°45′N 102°30′W﻿ / ﻿43.75°N 102.50°W"", ""Texas; 29°15′N 103°15′W﻿ / ﻿29.25°N 103.25°W"", ""Florida; 25°39′N 80°05′W﻿ / ﻿25.65°N 80.08°W"", ""Colorado; 38°34′N 107°43′W﻿ / ﻿38.57°N 107.72°W"", ""Utah; 37°34′N 112°11′W﻿ / ﻿37.57°N 112.18°W"", ""Utah; 38°12′N 109°56′W﻿ / ﻿38.2°N 109.93°W"", ""Utah; 38°12′N 111°10′W﻿ / ﻿38.20°N 111.17°W"", ""New Mexico; 32°10′N 104°26′W﻿ / ﻿32.17°N 104.44°W"", ""California; 34°01′N 119°25′W﻿ / ﻿34.01°N 119.42°W"", ""South Carolina; 33°47′N 80°47′W﻿ / ﻿33.78°N 80.78°W"", ""Oregon; 42°56′N 122°06′W﻿ / ﻿42.94°N 122.1°W"", ""Ohio; 41°14′N 81°33′W﻿ / ﻿41.24°N 81.55°W"", ""California Nevada; 36°14′N 116°49′W﻿ / ﻿36.24°N 116.82°W"", ""Alaska; 63°20′N 150°30′W﻿ / ﻿63.33°N 150.50°W"", ""Florida; 24°38′N 82°52′W﻿ / ﻿24.63°N 82.87°W"", ""Florida; 25°19′N 80°56′W﻿ / ﻿25.32°N 80.93°W"", ""Alaska; 67°47′N 153°18′W﻿ / ﻿67.78°N 153.30°W"", ""Montana; 48°48′N 114°00′W﻿ / ﻿48.80°N 114.00°W"", ""Alaska; 58°30′N 137°00′W﻿ / ﻿58.50°N 137.00°W"", ""Arizona; 36°04′N 112°08′W﻿ / ﻿36.06°N 112.14°W"", ""Wyoming; 43°44′N 110°48′W﻿ / ﻿43.73°N 110.80°W"", ""Nevada; 38°59′N 114°18′W﻿ / ﻿38.98°N 114.30°W"", ""Colorado; 37°44′N 105°31′W﻿ / ﻿37.73°N 105.51°W"", ""North Carolina Tennessee; 35°41′N 83°32′W﻿ / ﻿35.68°N 83.53°W"", ""Texas; 31°55′N 104°52′W﻿ / ﻿31.92°N 104.87°W"", ""Hawaii; 20°43′N 156°10′W﻿ / ﻿20.72°N 156.17°W"", ""Hawaii; 19°23′N 155°12′W﻿ / ﻿19.38°N 155.20°W"", ""Arkansas; 34°31′N 93°03′W﻿ / ﻿34.51°N 93.05°W"", ""Michigan; 48°06′N 88°33′W﻿ / ﻿48.10°N 88.55°W"", ""California; 33°47′N 115°54′W﻿ / ﻿33.79°N 115.90°W"", ""Alaska; 58°30′N 155°00′W﻿ / ﻿58.50°N 155.00°W"", ""Alaska; 59°55′N 149°39′W﻿ / ﻿59.92°N 149.65°W"", ""California; 36°48′N 118°33′W﻿ / ﻿36.80°N 118.55°W"", ""Alaska; 67°33′N 159°17′W﻿ / ﻿67.55°N 159.28°W"", ""Alaska; 60°58′N 153°25′W﻿ / ﻿60.97°N 153.42°W"", ""California; 40°29′N 121°31′W﻿ / ﻿40.49°N 121.51°W"", ""Kentucky; 37°11′N 86°06′W﻿ / ﻿37.18°N 86.10°W"", ""Colorado; 37°11′N 108°29′W﻿ / ﻿37.18°N 108.49°W"", ""Washington; 46°51′N 121°45′W﻿ / ﻿46.85°N 121.75°W"", ""Washington; 48°42′N 121°12′W﻿ / ﻿48.70°N 121.20°W"", ""Washington; 47°58′N 123°30′W﻿ / ﻿47.97°N 123.50°W"", ""Arizona; 35°04′N 109°47′W﻿ / ﻿35.07°N 109.78°W"", ""California; 36°29′N 121°10′W﻿ / ﻿36.48°N 121.16°W"", ""California; 41°18′N 124°00′W﻿ / ﻿41.30°N 124.00°W"", ""Colorado; 40°24′N 105°35′W﻿ / ﻿40.40°N 105.58°W"", ""Arizona; 32°15′N 110°30′W﻿ / ﻿32.25°N 110.50°W"", ""California; 36°26′N 118°41′W﻿ / ﻿36.43°N 118.68°W"", ""Virginia; 38°32′N 78°21′W﻿ / ﻿38.53°N 78.35°W"", ""North Dakota; 46°58′N 103°27′W﻿ / ﻿46.97°N 103.45°W"", ""United States Virgin Islands; 18°20′N 64°44′W﻿ / ﻿18.33°N 64.73°W"", ""Minnesota; 48°30′N 92°53′W﻿ / ﻿48.50°N 92.88°W"", ""South Dakota; 43°34′N 103°29′W﻿ / ﻿43.57°N 103.48°W"", ""Alaska; 61°00′N 142°00′W﻿ / ﻿61.00°N 142.00°W"", ""Wyoming Montana Idaho; 44°36′N 110°30′W﻿ / ﻿44.60°N 110.50°W"", ""California; 37°50′N 119°30′W﻿ / ﻿37.83°N 119.50°W"", ""Utah; 37°18′N 113°03′W﻿ / ﻿37.30°N 113.05°W""]","[""New Jersey"", ""West Virginia"", ""Rhode Island"", ""Utah"", ""Oregon"", ""Idaho"", ""Arizona"", ""Delaware"", ""Nevada"", ""Washington, D.C."", ""Connecticut"", ""Indiana"", ""Hawaii"", ""Illinois"", ""Maine"", ""Washington"", ""Alaska"", ""Tennessee"", ""Massachusetts"", ""Ohio"", ""Colorado"", ""North Carolina"", ""Wisconsin"", ""Kentucky"", ""Vermont"", ""Louisiana"", ""Georgia"", ""Arkansas"", ""Maryland"", ""Wyoming"", ""Florida"", ""Texas"", ""New Hampshire"", ""Alabama"", ""Michigan"", ""Virginia"", ""New York"", ""Oklahoma"", ""Pennsylvania"", ""Kansas"", ""California"", ""South Dakota"", ""North Dakota"", ""South Carolina"", ""Minnesota"", ""Missouri"", ""Mississippi"", ""Iowa"", ""Nebraska"", ""New Mexico"", ""Montana""]",semantic,The query column contains US state names that can be extracted to join with the candidate column's state names.,semsketch,1.0000,0.8900,1.0000,0.9633,1.0000,0.8900,3,True,True,The query column contains US state names that can be extracted to join with the candidate column's state names.,"Parsed state names match, but the candidate state list is selective.",The state names can be easily extracted from the query column by splitting on the semicolon to join with the candidate column.,
wt-wdc,AJ-park-to-state-1_source_Location,title,target_073490,title,"[""Maine; 44°21′N 68°13′W﻿ / ﻿44.35°N 68.21°W"", ""American Samoa; 14°15′S 170°41′W﻿ / ﻿14.25°S 170.68°W"", ""Utah; 38°41′N 109°34′W﻿ / ﻿38.68°N 109.57°W"", ""South Dakota; 43°45′N 102°30′W﻿ / ﻿43.75°N 102.50°W"", ""Texas; 29°15′N 103°15′W﻿ / ﻿29.25°N 103.25°W"", ""Florida; 25°39′N 80°05′W﻿ / ﻿25.65°N 80.08°W"", ""Colorado; 38°34′N 107°43′W﻿ / ﻿38.57°N 107.72°W"", ""Utah; 37°34′N 112°11′W﻿ / ﻿37.57°N 112.18°W"", ""Utah; 38°12′N 109°56′W﻿ / ﻿38.2°N 109.93°W"", ""Utah; 38°12′N 111°10′W﻿ / ﻿38.20°N 111.17°W"", ""New Mexico; 32°10′N 104°26′W﻿ / ﻿32.17°N 104.44°W"", ""California; 34°01′N 119°25′W﻿ / ﻿34.01°N 119.42°W"", ""South Carolina; 33°47′N 80°47′W﻿ / ﻿33.78°N 80.78°W"", ""Oregon; 42°56′N 122°06′W﻿ / ﻿42.94°N 122.1°W"", ""Ohio; 41°14′N 81°33′W﻿ / ﻿41.24°N 81.55°W"", ""California Nevada; 36°14′N 116°49′W﻿ / ﻿36.24°N 116.82°W"", ""Alaska; 63°20′N 150°30′W﻿ / ﻿63.33°N 150.50°W"", ""Florida; 24°38′N 82°52′W﻿ / ﻿24.63°N 82.87°W"", ""Florida; 25°19′N 80°56′W﻿ / ﻿25.32°N 80.93°W"", ""Alaska; 67°47′N 153°18′W﻿ / ﻿67.78°N 153.30°W"", ""Montana; 48°48′N 114°00′W﻿ / ﻿48.80°N 114.00°W"", ""Alaska; 58°30′N 137°00′W﻿ / ﻿58.50°N 137.00°W"", ""Arizona; 36°04′N 112°08′W﻿ / ﻿36.06°N 112.14°W"", ""Wyoming; 43°44′N 110°48′W﻿ / ﻿43.73°N 110.80°W"", ""Nevada; 38°59′N 114°18′W﻿ / ﻿38.98°N 114.30°W"", ""Colorado; 37°44′N 105°31′W﻿ / ﻿37.73°N 105.51°W"", ""North Carolina Tennessee; 35°41′N 83°32′W﻿ / ﻿35.68°N 83.53°W"", ""Texas; 31°55′N 104°52′W﻿ / ﻿31.92°N 104.87°W"", ""Hawaii; 20°43′N 156°10′W﻿ / ﻿20.72°N 156.17°W"", ""Hawaii; 19°23′N 155°12′W﻿ / ﻿19.38°N 155.20°W"", ""Arkansas; 34°31′N 93°03′W﻿ / ﻿34.51°N 93.05°W"", ""Michigan; 48°06′N 88°33′W﻿ / ﻿48.10°N 88.55°W"", ""California; 33°47′N 115°54′W﻿ / ﻿33.79°N 115.90°W"", ""Alaska; 58°30′N 155°00′W﻿ / ﻿58.50°N 155.00°W"", ""Alaska; 59°55′N 149°39′W﻿ / ﻿59.92°N 149.65°W"", ""California; 36°48′N 118°33′W﻿ / ﻿36.80°N 118.55°W"", ""Alaska; 67°33′N 159°17′W﻿ / ﻿67.55°N 159.28°W"", ""Alaska; 60°58′N 153°25′W﻿ / ﻿60.97°N 153.42°W"", ""California; 40°29′N 121°31′W﻿ / ﻿40.49°N 121.51°W"", ""Kentucky; 37°11′N 86°06′W﻿ / ﻿37.18°N 86.10°W"", ""Colorado; 37°11′N 108°29′W﻿ / ﻿37.18°N 108.49°W"", ""Washington; 46°51′N 121°45′W﻿ / ﻿46.85°N 121.75°W"", ""Washington; 48°42′N 121°12′W﻿ / ﻿48.70°N 121.20°W"", ""Washington; 47°58′N 123°30′W﻿ / ﻿47.97°N 123.50°W"", ""Arizona; 35°04′N 109°47′W﻿ / ﻿35.07°N 109.78°W"", ""California; 36°29′N 121°10′W﻿ / ﻿36.48°N 121.16°W"", ""California; 41°18′N 124°00′W﻿ / ﻿41.30°N 124.00°W"", ""Colorado; 40°24′N 105°35′W﻿ / ﻿40.40°N 105.58°W"", ""Arizona; 32°15′N 110°30′W﻿ / ﻿32.25°N 110.50°W"", ""California; 36°26′N 118°41′W﻿ / ﻿36.43°N 118.68°W"", ""Virginia; 38°32′N 78°21′W﻿ / ﻿38.53°N 78.35°W"", ""North Dakota; 46°58′N 103°27′W﻿ / ﻿46.97°N 103.45°W"", ""United States Virgin Islands; 18°20′N 64°44′W﻿ / ﻿18.33°N 64.73°W"", ""Minnesota; 48°30′N 92°53′W﻿ / ﻿48.50°N 92.88°W"", ""South Dakota; 43°34′N 103°29′W﻿ / ﻿43.57°N 103.48°W"", ""Alaska; 61°00′N 142°00′W﻿ / ﻿61.00°N 142.00°W"", ""Wyoming Montana Idaho; 44°36′N 110°30′W﻿ / ﻿44.60°N 110.50°W"", ""California; 37°50′N 119°30′W﻿ / ﻿37.83°N 119.50°W"", ""Utah; 37°18′N 113°03′W﻿ / ﻿37.30°N 113.05°W""]","[""West Virginia"", ""Oregon"", ""Indiana"", ""Idaho"", ""Utah"", ""Rhode Island"", ""Delaware"", ""Arizona"", ""Washington, D.C."", ""Hawaii"", ""Alaska"", ""Washington"", ""New Jersey"", ""Massachusetts"", ""Colorado"", ""Nevada"", ""Kentucky"", ""Wisconsin"", ""North Carolina"", ""Ohio"", ""Louisiana"", ""Connecticut"", ""Georgia"", ""Illinois"", ""Arkansas"", ""Vermont"", ""Maryland"", ""Wyoming"", ""Virginia"", ""Florida"", ""Alabama"", ""Texas"", ""New Hampshire"", ""Michigan"", ""Tennessee"", ""Oklahoma"", ""Pennsylvania"", ""New York"", ""California"", ""Kansas"", ""Nebraska"", ""North Dakota"", ""South Carolina"", ""New Mexico"", ""Iowa"", ""Montana"", ""Missouri"", ""Minnesota"", ""Mississippi"", ""South Dakota"", ""Maine""]",semantic,The query column contains US state names that can be extracted to join with the candidate column's state names.,semsketch,1.0000,0.8700,1.0000,0.9567,1.0000,0.8700,3,True,True,The query column contains US state names that can be extracted to join with the candidate column's state names.,"Parsed state names match some candidate values, but coverage is selective.","The query column contains US state names followed by coordinates, which can be easily parsed to join with the state names in the candidate column.",
wt-wdc,AJ-park-to-state-1_source_Location,title,target_090212,title,"[""Maine; 44°21′N 68°13′W﻿ / ﻿44.35°N 68.21°W"", ""American Samoa; 14°15′S 170°41′W﻿ / ﻿14.25°S 170.68°W"", ""Utah; 38°41′N 109°34′W﻿ / ﻿38.68°N 109.57°W"", ""South Dakota; 43°45′N 102°30′W﻿ / ﻿43.75°N 102.50°W"", ""Texas; 29°15′N 103°15′W﻿ / ﻿29.25°N 103.25°W"", ""Florida; 25°39′N 80°05′W﻿ / ﻿25.65°N 80.08°W"", ""Colorado; 38°34′N 107°43′W﻿ / ﻿38.57°N 107.72°W"", ""Utah; 37°34′N 112°11′W﻿ / ﻿37.57°N 112.18°W"", ""Utah; 38°12′N 109°56′W﻿ / ﻿38.2°N 109.93°W"", ""Utah; 38°12′N 111°10′W﻿ / ﻿38.20°N 111.17°W"", ""New Mexico; 32°10′N 104°26′W﻿ / ﻿32.17°N 104.44°W"", ""California; 34°01′N 119°25′W﻿ / ﻿34.01°N 119.42°W"", ""South Carolina; 33°47′N 80°47′W﻿ / ﻿33.78°N 80.78°W"", ""Oregon; 42°56′N 122°06′W﻿ / ﻿42.94°N 122.1°W"", ""Ohio; 41°14′N 81°33′W﻿ / ﻿41.24°N 81.55°W"", ""California Nevada; 36°14′N 116°49′W﻿ / ﻿36.24°N 116.82°W"", ""Alaska; 63°20′N 150°30′W﻿ / ﻿63.33°N 150.50°W"", ""Florida; 24°38′N 82°52′W﻿ / ﻿24.63°N 82.87°W"", ""Florida; 25°19′N 80°56′W﻿ / ﻿25.32°N 80.93°W"", ""Alaska; 67°47′N 153°18′W﻿ / ﻿67.78°N 153.30°W"", ""Montana; 48°48′N 114°00′W﻿ / ﻿48.80°N 114.00°W"", ""Alaska; 58°30′N 137°00′W﻿ / ﻿58.50°N 137.00°W"", ""Arizona; 36°04′N 112°08′W﻿ / ﻿36.06°N 112.14°W"", ""Wyoming; 43°44′N 110°48′W﻿ / ﻿43.73°N 110.80°W"", ""Nevada; 38°59′N 114°18′W﻿ / ﻿38.98°N 114.30°W"", ""Colorado; 37°44′N 105°31′W﻿ / ﻿37.73°N 105.51°W"", ""North Carolina Tennessee; 35°41′N 83°32′W﻿ / ﻿35.68°N 83.53°W"", ""Texas; 31°55′N 104°52′W﻿ / ﻿31.92°N 104.87°W"", ""Hawaii; 20°43′N 156°10′W﻿ / ﻿20.72°N 156.17°W"", ""Hawaii; 19°23′N 155°12′W﻿ / ﻿19.38°N 155.20°W"", ""Arkansas; 34°31′N 93°03′W﻿ / ﻿34.51°N 93.05°W"", ""Michigan; 48°06′N 88°33′W﻿ / ﻿48.10°N 88.55°W"", ""California; 33°47′N 115°54′W﻿ / ﻿33.79°N 115.90°W"", ""Alaska; 58°30′N 155°00′W﻿ / ﻿58.50°N 155.00°W"", ""Alaska; 59°55′N 149°39′W﻿ / ﻿59.92°N 149.65°W"", ""California; 36°48′N 118°33′W﻿ / ﻿36.80°N 118.55°W"", ""Alaska; 67°33′N 159°17′W﻿ / ﻿67.55°N 159.28°W"", ""Alaska; 60°58′N 153°25′W﻿ / ﻿60.97°N 153.42°W"", ""California; 40°29′N 121°31′W﻿ / ﻿40.49°N 121.51°W"", ""Kentucky; 37°11′N 86°06′W﻿ / ﻿37.18°N 86.10°W"", ""Colorado; 37°11′N 108°29′W﻿ / ﻿37.18°N 108.49°W"", ""Washington; 46°51′N 121°45′W﻿ / ﻿46.85°N 121.75°W"", ""Washington; 48°42′N 121°12′W﻿ / ﻿48.70°N 121.20°W"", ""Washington; 47°58′N 123°30′W﻿ / ﻿47.97°N 123.50°W"", ""Arizona; 35°04′N 109°47′W﻿ / ﻿35.07°N 109.78°W"", ""California; 36°29′N 121°10′W﻿ / ﻿36.48°N 121.16°W"", ""California; 41°18′N 124°00′W﻿ / ﻿41.30°N 124.00°W"", ""Colorado; 40°24′N 105°35′W﻿ / ﻿40.40°N 105.58°W"", ""Arizona; 32°15′N 110°30′W﻿ / ﻿32.25°N 110.50°W"", ""California; 36°26′N 118°41′W﻿ / ﻿36.43°N 118.68°W"", ""Virginia; 38°32′N 78°21′W﻿ / ﻿38.53°N 78.35°W"", ""North Dakota; 46°58′N 103°27′W﻿ / ﻿46.97°N 103.45°W"", ""United States Virgin Islands; 18°20′N 64°44′W﻿ / ﻿18.33°N 64.73°W"", ""Minnesota; 48°30′N 92°53′W﻿ / ﻿48.50°N 92.88°W"", ""South Dakota; 43°34′N 103°29′W﻿ / ﻿43.57°N 103.48°W"", ""Alaska; 61°00′N 142°00′W﻿ / ﻿61.00°N 142.00°W"", ""Wyoming Montana Idaho; 44°36′N 110°30′W﻿ / ﻿44.60°N 110.50°W"", ""California; 37°50′N 119°30′W﻿ / ﻿37.83°N 119.50°W"", ""Utah; 37°18′N 113°03′W﻿ / ﻿37.30°N 113.05°W""]","[""Alabama"", ""Alaska"", ""Arizona"", ""Arkansas"", ""California"", ""Colorado"", ""Connecticut"", ""Delaware"", ""District of Columbia"", ""Florida"", ""Georgia"", ""Hawaii"", ""Idaho"", ""Indiana"", ""Iowa"", ""Kansas"", ""Kentucky"", ""Louisiana"", ""Maine"", ""Maryland"", ""Massachusetts"", ""Michigan"", ""Minnesota"", ""Mississippi"", ""Missouri"", ""Montana"", ""Nebraska"", ""Nevada"", ""New Hampshire"", ""New Jersey"", ""New Mexico"", ""New York"", ""North Carolina"", ""North Dakota"", ""Ohio"", ""Oklahoma"", ""Oregon"", ""Pennsylvania"", ""Puerto Rico"", ""Rhode Island"", ""South Carolina"", ""South Dakota"", ""Tennessee"", ""Texas"", ""Utah"", ""Vermont"", ""Virgin Islands"", ""Virginia"", ""Washington"", ""West Virginia"", ""Wisconsin"", ""Wyoming""]",semantic,The query column contains US state names that can be extracted to join with the candidate column's state names.,semsketch,1.0000,0.9500,1.0000,0.9833,1.0000,0.9500,3,True,True,The query column contains US state names that can be extracted to join with the candidate column's state names.,State names can be parsed from location strings before the coordinates.,The query column contains US state names with coordinates that can be easily parsed to join with the candidate column of US states.,
wt-wdc,AJ-park-to-state-1_source_Location,title,target_091312,title,"[""Maine; 44°21′N 68°13′W﻿ / ﻿44.35°N 68.21°W"", ""American Samoa; 14°15′S 170°41′W﻿ / ﻿14.25°S 170.68°W"", ""Utah; 38°41′N 109°34′W﻿ / ﻿38.68°N 109.57°W"", ""South Dakota; 43°45′N 102°30′W﻿ / ﻿43.75°N 102.50°W"", ""Texas; 29°15′N 103°15′W﻿ / ﻿29.25°N 103.25°W"", ""Florida; 25°39′N 80°05′W﻿ / ﻿25.65°N 80.08°W"", ""Colorado; 38°34′N 107°43′W﻿ / ﻿38.57°N 107.72°W"", ""Utah; 37°34′N 112°11′W﻿ / ﻿37.57°N 112.18°W"", ""Utah; 38°12′N 109°56′W﻿ / ﻿38.2°N 109.93°W"", ""Utah; 38°12′N 111°10′W﻿ / ﻿38.20°N 111.17°W"", ""New Mexico; 32°10′N 104°26′W﻿ / ﻿32.17°N 104.44°W"", ""California; 34°01′N 119°25′W﻿ / ﻿34.01°N 119.42°W"", ""South Carolina; 33°47′N 80°47′W﻿ / ﻿33.78°N 80.78°W"", ""Oregon; 42°56′N 122°06′W﻿ / ﻿42.94°N 122.1°W"", ""Ohio; 41°14′N 81°33′W﻿ / ﻿41.24°N 81.55°W"", ""California Nevada; 36°14′N 116°49′W﻿ / ﻿36.24°N 116.82°W"", ""Alaska; 63°20′N 150°30′W﻿ / ﻿63.33°N 150.50°W"", ""Florida; 24°38′N 82°52′W﻿ / ﻿24.63°N 82.87°W"", ""Florida; 25°19′N 80°56′W﻿ / ﻿25.32°N 80.93°W"", ""Alaska; 67°47′N 153°18′W﻿ / ﻿67.78°N 153.30°W"", ""Montana; 48°48′N 114°00′W﻿ / ﻿48.80°N 114.00°W"", ""Alaska; 58°30′N 137°00′W﻿ / ﻿58.50°N 137.00°W"", ""Arizona; 36°04′N 112°08′W﻿ / ﻿36.06°N 112.14°W"", ""Wyoming; 43°44′N 110°48′W﻿ / ﻿43.73°N 110.80°W"", ""Nevada; 38°59′N 114°18′W﻿ / ﻿38.98°N 114.30°W"", ""Colorado; 37°44′N 105°31′W﻿ / ﻿37.73°N 105.51°W"", ""North Carolina Tennessee; 35°41′N 83°32′W﻿ / ﻿35.68°N 83.53°W"", ""Texas; 31°55′N 104°52′W﻿ / ﻿31.92°N 104.87°W"", ""Hawaii; 20°43′N 156°10′W﻿ / ﻿20.72°N 156.17°W"", ""Hawaii; 19°23′N 155°12′W﻿ / ﻿19.38°N 155.20°W"", ""Arkansas; 34°31′N 93°03′W﻿ / ﻿34.51°N 93.05°W"", ""Michigan; 48°06′N 88°33′W﻿ / ﻿48.10°N 88.55°W"", ""California; 33°47′N 115°54′W﻿ / ﻿33.79°N 115.90°W"", ""Alaska; 58°30′N 155°00′W﻿ / ﻿58.50°N 155.00°W"", ""Alaska; 59°55′N 149°39′W﻿ / ﻿59.92°N 149.65°W"", ""California; 36°48′N 118°33′W﻿ / ﻿36.80°N 118.55°W"", ""Alaska; 67°33′N 159°17′W﻿ / ﻿67.55°N 159.28°W"", ""Alaska; 60°58′N 153°25′W﻿ / ﻿60.97°N 153.42°W"", ""California; 40°29′N 121°31′W﻿ / ﻿40.49°N 121.51°W"", ""Kentucky; 37°11′N 86°06′W﻿ / ﻿37.18°N 86.10°W"", ""Colorado; 37°11′N 108°29′W﻿ / ﻿37.18°N 108.49°W"", ""Washington; 46°51′N 121°45′W﻿ / ﻿46.85°N 121.75°W"", ""Washington; 48°42′N 121°12′W﻿ / ﻿48.70°N 121.20°W"", ""Washington; 47°58′N 123°30′W﻿ / ﻿47.97°N 123.50°W"", ""Arizona; 35°04′N 109°47′W﻿ / ﻿35.07°N 109.78°W"", ""California; 36°29′N 121°10′W﻿ / ﻿36.48°N 121.16°W"", ""California; 41°18′N 124°00′W﻿ / ﻿41.30°N 124.00°W"", ""Colorado; 40°24′N 105°35′W﻿ / ﻿40.40°N 105.58°W"", ""Arizona; 32°15′N 110°30′W﻿ / ﻿32.25°N 110.50°W"", ""California; 36°26′N 118°41′W﻿ / ﻿36.43°N 118.68°W"", ""Virginia; 38°32′N 78°21′W﻿ / ﻿38.53°N 78.35°W"", ""North Dakota; 46°58′N 103°27′W﻿ / ﻿46.97°N 103.45°W"", ""United States Virgin Islands; 18°20′N 64°44′W﻿ / ﻿18.33°N 64.73°W"", ""Minnesota; 48°30′N 92°53′W﻿ / ﻿48.50°N 92.88°W"", ""South Dakota; 43°34′N 103°29′W﻿ / ﻿43.57°N 103.48°W"", ""Alaska; 61°00′N 142°00′W﻿ / ﻿61.00°N 142.00°W"", ""Wyoming Montana Idaho; 44°36′N 110°30′W﻿ / ﻿44.60°N 110.50°W"", ""California; 37°50′N 119°30′W﻿ / ﻿37.83°N 119.50°W"", ""Utah; 37°18′N 113°03′W﻿ / ﻿37.30°N 113.05°W""]","[""United States"", ""Vermont"", ""New Hampshire"", ""Wyoming"", ""Alaska"", ""Maine"", ""Washington"", ""Nevada"", ""Oregon"", ""Delaware"", ""Idaho"", ""Massachusetts"", ""Colorado"", ""Montana"", ""Rhode Island"", ""California"", ""Hawaii"", ""Washington D.C."", ""Arizona"", ""Nebraska"", ""Ohio"", ""Michigan"", ""New Mexico"", ""Indiana"", ""Iowa"", ""New Jersey"", ""Pennsylvania"", ""Virginia"", ""West Virginia"", ""Wisconsin"", ""Connecticut"", ""Florida"", ""Missouri"", ""New York"", ""Utah"", ""Illinois"", ""Kentucky"", ""Minnesota"", ""South Dakota"", ""Texas"", ""Alabama"", ""Kansas"", ""Maryland"", ""Oklahoma"", ""North Carolina"", ""South Carolina"", ""Georgia"", ""Tennessee"", ""Arkansas"", ""Louisiana"", ""North Dakota"", ""American Samoa[23]"", ""Mississippi"", ""U.S. Virgin Islands[24]"", ""Guam[25]"", ""Puerto Rico"", ""Northern Mariana Islands[26]""]",semantic,The query column contains US state names that can be extracted to join with the candidate column's state names.,semsketch,1.0000,0.9000,1.0000,0.9667,1.0000,0.9000,3,True,True,The query column contains US state names that can be extracted to join with the candidate column's state names.,"Parsed state names mostly match, though the candidate includes a country value.",The query column contains US state names with coordinates that can be easily parsed to join with the state names in the candidate column.,
wt-wdc,AJ-park-to-state-1_source_Location,title,target_096961,title,"[""Maine; 44°21′N 68°13′W﻿ / ﻿44.35°N 68.21°W"", ""American Samoa; 14°15′S 170°41′W﻿ / ﻿14.25°S 170.68°W"", ""Utah; 38°41′N 109°34′W﻿ / ﻿38.68°N 109.57°W"", ""South Dakota; 43°45′N 102°30′W﻿ / ﻿43.75°N 102.50°W"", ""Texas; 29°15′N 103°15′W﻿ / ﻿29.25°N 103.25°W"", ""Florida; 25°39′N 80°05′W﻿ / ﻿25.65°N 80.08°W"", ""Colorado; 38°34′N 107°43′W﻿ / ﻿38.57°N 107.72°W"", ""Utah; 37°34′N 112°11′W﻿ / ﻿37.57°N 112.18°W"", ""Utah; 38°12′N 109°56′W﻿ / ﻿38.2°N 109.93°W"", ""Utah; 38°12′N 111°10′W﻿ / ﻿38.20°N 111.17°W"", ""New Mexico; 32°10′N 104°26′W﻿ / ﻿32.17°N 104.44°W"", ""California; 34°01′N 119°25′W﻿ / ﻿34.01°N 119.42°W"", ""South Carolina; 33°47′N 80°47′W﻿ / ﻿33.78°N 80.78°W"", ""Oregon; 42°56′N 122°06′W﻿ / ﻿42.94°N 122.1°W"", ""Ohio; 41°14′N 81°33′W﻿ / ﻿41.24°N 81.55°W"", ""California Nevada; 36°14′N 116°49′W﻿ / ﻿36.24°N 116.82°W"", ""Alaska; 63°20′N 150°30′W﻿ / ﻿63.33°N 150.50°W"", ""Florida; 24°38′N 82°52′W﻿ / ﻿24.63°N 82.87°W"", ""Florida; 25°19′N 80°56′W﻿ / ﻿25.32°N 80.93°W"", ""Alaska; 67°47′N 153°18′W﻿ / ﻿67.78°N 153.30°W"", ""Montana; 48°48′N 114°00′W﻿ / ﻿48.80°N 114.00°W"", ""Alaska; 58°30′N 137°00′W﻿ / ﻿58.50°N 137.00°W"", ""Arizona; 36°04′N 112°08′W﻿ / ﻿36.06°N 112.14°W"", ""Wyoming; 43°44′N 110°48′W﻿ / ﻿43.73°N 110.80°W"", ""Nevada; 38°59′N 114°18′W﻿ / ﻿38.98°N 114.30°W"", ""Colorado; 37°44′N 105°31′W﻿ / ﻿37.73°N 105.51°W"", ""North Carolina Tennessee; 35°41′N 83°32′W﻿ / ﻿35.68°N 83.53°W"", ""Texas; 31°55′N 104°52′W﻿ / ﻿31.92°N 104.87°W"", ""Hawaii; 20°43′N 156°10′W﻿ / ﻿20.72°N 156.17°W"", ""Hawaii; 19°23′N 155°12′W﻿ / ﻿19.38°N 155.20°W"", ""Arkansas; 34°31′N 93°03′W﻿ / ﻿34.51°N 93.05°W"", ""Michigan; 48°06′N 88°33′W﻿ / ﻿48.10°N 88.55°W"", ""California; 33°47′N 115°54′W﻿ / ﻿33.79°N 115.90°W"", ""Alaska; 58°30′N 155°00′W﻿ / ﻿58.50°N 155.00°W"", ""Alaska; 59°55′N 149°39′W﻿ / ﻿59.92°N 149.65°W"", ""California; 36°48′N 118°33′W﻿ / ﻿36.80°N 118.55°W"", ""Alaska; 67°33′N 159°17′W﻿ / ﻿67.55°N 159.28°W"", ""Alaska; 60°58′N 153°25′W﻿ / ﻿60.97°N 153.42°W"", ""California; 40°29′N 121°31′W﻿ / ﻿40.49°N 121.51°W"", ""Kentucky; 37°11′N 86°06′W﻿ / ﻿37.18°N 86.10°W"", ""Colorado; 37°11′N 108°29′W﻿ / ﻿37.18°N 108.49°W"", ""Washington; 46°51′N 121°45′W﻿ / ﻿46.85°N 121.75°W"", ""Washington; 48°42′N 121°12′W﻿ / ﻿48.70°N 121.20°W"", ""Washington; 47°58′N 123°30′W﻿ / ﻿47.97°N 123.50°W"", ""Arizona; 35°04′N 109°47′W﻿ / ﻿35.07°N 109.78°W"", ""California; 36°29′N 121°10′W﻿ / ﻿36.48°N 121.16°W"", ""California; 41°18′N 124°00′W﻿ / ﻿41.30°N 124.00°W"", ""Colorado; 40°24′N 105°35′W﻿ / ﻿40.40°N 105.58°W"", ""Arizona; 32°15′N 110°30′W﻿ / ﻿32.25°N 110.50°W"", ""California; 36°26′N 118°41′W﻿ / ﻿36.43°N 118.68°W"", ""Virginia; 38°32′N 78°21′W﻿ / ﻿38.53°N 78.35°W"", ""North Dakota; 46°58′N 103°27′W﻿ / ﻿46.97°N 103.45°W"", ""United States Virgin Islands; 18°20′N 64°44′W﻿ / ﻿18.33°N 64.73°W"", ""Minnesota; 48°30′N 92°53′W﻿ / ﻿48.50°N 92.88°W"", ""South Dakota; 43°34′N 103°29′W﻿ / ﻿43.57°N 103.48°W"", ""Alaska; 61°00′N 142°00′W﻿ / ﻿61.00°N 142.00°W"", ""Wyoming Montana Idaho; 44°36′N 110°30′W﻿ / ﻿44.60°N 110.50°W"", ""California; 37°50′N 119°30′W﻿ / ﻿37.83°N 119.50°W"", ""Utah; 37°18′N 113°03′W﻿ / ﻿37.30°N 113.05°W""]","[""Alabama"", ""Washington, D.C."", ""Oklahoma"", ""Mississippi"", ""Arkansas"", ""California"", ""Illinois"", ""Tennessee"", ""Georgia"", ""Kentucky"", ""Virginia"", ""North Carolina"", ""Pennsylvania"", ""South Carolina"", ""Delaware"", ""Maryland"", ""Kansas"", ""Washington"", ""Minnesota"", ""Ohio"", ""Florida"", ""New Jersey"", ""New York"", ""Louisiana"", ""Nevada"", ""West Virginia"", ""Missouri"", ""Indiana"", ""Texas"", ""Arizona"", ""Massachusetts"", ""Wisconsin"", ""Michigan"", ""Connecticut"", ""Colorado"", ""Montana"", ""Idaho"", ""Oregon"", ""Maine"", ""North Dakota"", ""Nebraska"", ""Alaska"", ""New Mexico"", ""Rhode Island"", ""New Hampshire"", ""South Dakota"", ""Iowa"", ""Utah"", ""Vermont"", ""Wyoming"", ""Hawaii""]",semantic,The query column contains US state names that can be extracted to join with the candidate column's state names.,semsketch,1.0000,0.8600,1.0000,0.9533,1.0000,0.8600,3,True,True,The query column contains US state names that can be extracted to join with the candidate column's state names.,Parsed state names match selectively and include DC-style variants.,The query column contains US state names with coordinates that can be parsed to join with the state names in the candidate column.,
wt-wdc,AJ-california-govs-2_source_Term,title,target_002979,title,"[""1;"", ""2"", ""3"", ""4"", ""5"", ""6;"", ""7"", ""8;"", ""9"", ""10;"", ""11"", ""12"", ""13"", ""14;"", ""15"", ""16"", ""17"", ""18"", ""19"", ""20"", ""21;"", ""22"", ""23"", ""24"", ""25;"", ""26"", ""27"", ""28"", ""29"", ""30"", ""31"", ""32"", ""33"", ""34"", ""35"", ""36"", ""37"", ""38"", ""39"", ""40"", ""41"", ""42"", ""43;"", ""44"", ""45"", ""46;""]","[""1st"", ""2nd"", ""3rd"", ""4th"", ""5th"", ""6th"", ""7th"", ""8th"", ""9th"", ""10th"", ""11th"", ""12th"", ""13th"", ""14th"", ""15th"", ""16th"", ""17th"", ""18th"", ""19th"", ""20th"", ""21st"", ""22nd"", ""23rd"", ""24th"", ""25th"", ""26th"", ""27th"", ""28th"", ""29th"", ""30th"", ""31st"", ""32nd"", ""33rd"", ""34th"", ""35th"", ""36th"", ""37th"", ""38th"", ""39th"", ""40th"", ""41st"", ""42nd"", ""43rd"", ""44th"", ""45th"", ""46th"", ""47th"", ""48th"", ""49th"", ""50th""]",semantic,"The columns represent the same ordinal numbers in different formats (e.g., ""1"" vs ""1st"").",semsketch,1.0000,0.9900,1.0000,0.9967,1.0000,0.9900,3,True,True,"The columns represent the same ordinal numbers in different formats (e.g., ""1"" vs ""1st"").",Cardinal numbers map deterministically to ordinal-number strings.,"The columns represent the same sequence of ordinal numbers, which can be easily mapped by stripping suffixes and punctuation.",
