{
  "precision": 0.3196672012830794,
  "recall": 0.9270348837209302,
  "f1": 0.47540250447227195,
  "true_positives": 3189,
  "false_positives": 6787,
  "false_negatives": 251,
  "total_predicted_matches": 9976,
  "total_ground_truth_matches": 3440,
  "avg_precision_per_query": 0.3196730408346793,
  "avg_recall_per_query": 0.914661581836537,
  "avg_f1_per_query": 0.4392488054460783,
  "recall_at_precision_targets": {
    "0.7": 0.5796511627906977,
    "0.8": 0.4299418604651163,
    "0.9": 0.34011627906976744
  },
  "threshold_at_precision_targets": {
    "0.7": 0.9477379322052002,
    "0.8": 0.9694757461547852,
    "0.9": 0.9808567762374878
  },
  "predicted_count_at_precision_targets": {
    "0.7": 2848,
    "0.8": 1848,
    "0.9": 1300
  }
}