{
  "semantic_metrics": {
    "Total_Precision": {
      "mean": 0.9024390243902439,
      "std": 0.0,
      "median": 0.9024390243902439
    },
    "Total_Recall": {
      "mean": 0.054252199413489736,
      "std": 0.0,
      "median": 0.054252199413489736
    },
    "Total_F1": {
      "mean": 0.10235131396957123,
      "std": 0.0,
      "median": 0.10235131396957123
    },
    "P@1": {
      "mean": 1.0,
      "std": 0.0,
      "median": 1.0
    },
    "R@1": {
      "mean": 0.03375534454994724,
      "std": 0.001062831523568311,
      "median": 0.03333333333333333
    },
    "F1@1": {
      "mean": 0.06530421425232083,
      "std": 0.0019839414303114565,
      "median": 0.06451612903225806
    },
    "P@5": {
      "mean": 0.9275362318840579,
      "std": 0.16170951887261883,
      "median": 1.0
    },
    "R@5": {
      "mean": 0.05425620523071798,
      "std": 0.016430620069698573,
      "median": 0.06666666666666667
    },
    "F1@5": {
      "mean": 0.10190760034729178,
      "std": 0.029627196476824373,
      "median": 0.125
    },
    "P@10": {
      "mean": 0.9275362318840579,
      "std": 0.16170951887261883,
      "median": 1.0
    },
    "R@10": {
      "mean": 0.05425620523071798,
      "std": 0.016430620069698573,
      "median": 0.06666666666666667
    },
    "F1@10": {
      "mean": 0.10190760034729178,
      "std": 0.029627196476824373,
      "median": 0.125
    },
    "P@20": {
      "mean": 0.9275362318840579,
      "std": 0.16170951887261883,
      "median": 1.0
    },
    "R@20": {
      "mean": 0.05425620523071798,
      "std": 0.016430620069698573,
      "median": 0.06666666666666667
    },
    "F1@20": {
      "mean": 0.10190760034729178,
      "std": 0.029627196476824373,
      "median": 0.125
    },
    "P@50": {
      "mean": 0.9275362318840579,
      "std": 0.16170951887261883,
      "median": 1.0
    },
    "R@50": {
      "mean": 0.05425620523071798,
      "std": 0.016430620069698573,
      "median": 0.06666666666666667
    },
    "F1@50": {
      "mean": 0.10190760034729178,
      "std": 0.029627196476824373,
      "median": 0.125
    }
  },
  "deepjoin_metrics": {
    "Total_Precision": {
      "mean": 0.8703870387038704,
      "std": 0.0,
      "median": 0.8703870387038704
    },
    "Total_Recall": {
      "mean": 0.6328534031413613,
      "std": 0.0,
      "median": 0.6328534031413613
    },
    "Total_F1": {
      "mean": 0.7328533535430086,
      "std": 0.0,
      "median": 0.7328533535430086
    },
    "P@1": {
      "mean": 0.9,
      "std": 0.3,
      "median": 1.0
    },
    "R@1": {
      "mean": 0.029319125159642398,
      "std": 0.009870243386091975,
      "median": 0.03125
    },
    "F1@1": {
      "mean": 0.0567848065912582,
      "std": 0.019104377442485082,
      "median": 0.06060606060606061
    },
    "P@5": {
      "mean": 0.872,
      "std": 0.2425201022595859,
      "median": 1.0
    },
    "R@5": {
      "mean": 0.1421333014048531,
      "std": 0.037810218237550486,
      "median": 0.15625
    },
    "F1@5": {
      "mean": 0.24435805132863955,
      "std": 0.06532483634491447,
      "median": 0.2702702702702703
    },
    "P@10": {
      "mean": 0.8939999999999999,
      "std": 0.22218010712032704,
      "median": 1.0
    },
    "R@10": {
      "mean": 0.28585871647509575,
      "std": 0.07486708143500422,
      "median": 0.3125
    },
    "F1@10": {
      "mean": 0.4322857194962458,
      "std": 0.1116338209982516,
      "median": 0.47619047619047616
    },
    "P@20": {
      "mean": 0.867093567251462,
      "std": 0.20867368083121066,
      "median": 0.95
    },
    "R@20": {
      "mean": 0.5330927522349936,
      "std": 0.16141469185166807,
      "median": 0.59375
    },
    "F1@20": {
      "mean": 0.653727614795284,
      "std": 0.18560296272268298,
      "median": 0.7217021276595745
    },
    "P@50": {
      "mean": 0.8313612477400261,
      "std": 0.19679707341156694,
      "median": 0.875
    },
    "R@50": {
      "mean": 0.629249840357599,
      "std": 0.22029654518864,
      "median": 0.7
    },
    "F1@50": {
      "mean": 0.7032515519250265,
      "std": 0.21360992587379427,
      "median": 0.7735042735042734
    }
  },
  "comparison": {
    "Total_Precision": {
      "semantic": 0.9024390243902439,
      "deepjoin": 0.8703870387038704,
      "improvement": 0.032051985686373574
    },
    "Total_Recall": {
      "semantic": 0.054252199413489736,
      "deepjoin": 0.6328534031413613,
      "improvement": -0.5786012037278716
    },
    "Total_F1": {
      "semantic": 0.10235131396957123,
      "deepjoin": 0.7328533535430086,
      "improvement": -0.6305020395734374
    },
    "P@1": {
      "semantic": 1.0,
      "deepjoin": 0.9,
      "improvement": 0.09999999999999998
    },
    "R@1": {
      "semantic": 0.03375534454994724,
      "deepjoin": 0.029319125159642398,
      "improvement": 0.004436219390304842
    },
    "F1@1": {
      "semantic": 0.06530421425232083,
      "deepjoin": 0.0567848065912582,
      "improvement": 0.008519407661062628
    },
    "P@5": {
      "semantic": 0.9275362318840579,
      "deepjoin": 0.872,
      "improvement": 0.055536231884057874
    },
    "R@5": {
      "semantic": 0.05425620523071798,
      "deepjoin": 0.1421333014048531,
      "improvement": -0.08787709617413514
    },
    "F1@5": {
      "semantic": 0.10190760034729178,
      "deepjoin": 0.24435805132863955,
      "improvement": -0.1424504509813478
    },
    "P@10": {
      "semantic": 0.9275362318840579,
      "deepjoin": 0.8939999999999999,
      "improvement": 0.033536231884057965
    },
    "R@10": {
      "semantic": 0.05425620523071798,
      "deepjoin": 0.28585871647509575,
      "improvement": -0.23160251124437778
    },
    "F1@10": {
      "semantic": 0.10190760034729178,
      "deepjoin": 0.4322857194962458,
      "improvement": -0.330378119148954
    },
    "P@20": {
      "semantic": 0.9275362318840579,
      "deepjoin": 0.867093567251462,
      "improvement": 0.060442664632595844
    },
    "R@20": {
      "semantic": 0.05425620523071798,
      "deepjoin": 0.5330927522349936,
      "improvement": -0.47883654700427564
    },
    "F1@20": {
      "semantic": 0.10190760034729178,
      "deepjoin": 0.653727614795284,
      "improvement": -0.5518200144479922
    },
    "P@50": {
      "semantic": 0.9275362318840579,
      "deepjoin": 0.8313612477400261,
      "improvement": 0.0961749841440318
    },
    "R@50": {
      "semantic": 0.05425620523071798,
      "deepjoin": 0.629249840357599,
      "improvement": -0.5749936351268811
    },
    "F1@50": {
      "semantic": 0.10190760034729178,
      "deepjoin": 0.7032515519250265,
      "improvement": -0.6013439515777348
    }
  }
}