id,title
CPT000814,0.819666
CPT001846,0.631766
X01BR001,0.822598
X01BR008,0.535194
X01BR009,0.576875
X01BR010,0.755079
X01BR015,0.668922
X01BR017,0.564613
X01BR018,0.522033
X01BR020,0.653076
X01BR023,0.957035
X01BR025,0.799688
X01BR026,0.395393
X01BR027,0.804447
X01BR030,0.514312
X01BR031,0.686517
X01BR032,0.900993
X01BR033,0.563018
X01BR040,0.553952
X01BR042,0.72903
X01BR043,0.652287
X03BR002,0.743671
X03BR004,0.730184
X03BR005,0.598417
X03BR006,0.770509
X03BR010,0.830292
X03BR011,0.774357
X03BR013,0.615701
X05BR001,0.36873
X05BR003,0.608072
X05BR004,0.726689
X05BR005,0.692142
X05BR009,0.51536
X05BR016,0.808678
X05BR026,0.419537
X05BR029,0.800564
X05BR038,0.689659
X05BR042,0.6892
X05BR043,0.635422
X05BR044,0.739732
X05BR045,0.775181
X06BR003,0.633125
X06BR005,0.684447
X06BR006,0.50625
X06BR014,0.816296
X09BR001,0.789744
X09BR004,0.937017
X09BR005,0.7839
X09BR007,0.649722
X11BR003,0.522455
X11BR004,0.511529
X11BR006,0.65171
X11BR009,0.781986
X11BR010,0.60255
X11BR011,0.524123
X11BR012,0.753768
X11BR013,0.802188
X11BR014,0.505997
X11BR015,0.876341
X11BR016,0.727575
X11BR017,0.651856
X11BR018,0.452693
X11BR019,0.69222
X11BR020,0.599275
X11BR022,0.701999
X11BR023,0.58525
X11BR024,0.621099
X11BR025,0.896845
X11BR027,0.713649
X11BR028,0.735588
X11BR030,0.471635
X11BR031,0.582517
X11BR032,0.565583
X11BR036,0.897906
X11BR038,0.54121
X11BR040,0.742148
X11BR042,0.701389
X11BR043,0.53396
X11BR044,0.711318
X11BR047,0.71902
X11BR049,0.674546
X11BR050,0.493014
X11BR051,0.652469
X11BR053,0.829248
X11BR054,0.869544
X11BR055,0.599412
X11BR056,0.557649
X11BR058,0.554292
X11BR059,0.711566
X11BR060,0.595905
X11BR072,0.658547
X11BR073,0.526436
X11BR074,0.614957
X11BR075,0.687257
X11BR080,0.552769
X13BR009,0.800117
X14BR005,0.802282
X14BR008,0.571791
X14BR014,0.707649
X15BR003,0.583488
X16BR012,0.727713
X18BR002,0.4172
X18BR003,0.647554
X18BR004,0.85359
X18BR006,0.574355
X18BR007,0.616992
X18BR009,0.472941
X18BR010,0.634357
X18BR016,0.698784
X18BR017,0.602272
X18BR019,0.727492
X20BR001,0.699324
X20BR002,0.707173
X20BR005,0.654655
X20BR006,0.775527
X20BR007,0.588594
X20BR008,0.610224
X21BR001,0.625141
X21BR002,0.543167
X21BR010,0.682815
X22BR005,0.674586
X22BR006,0.67507
